0 verbose cli C:\tools\node\node.exe C:\tools\node\node_modules\npm\bin\npm-cli.js
1 info using npm@11.13.0
2 info using node@v24.15.0
3 silly config load:file:C:\tools\node\node_modules\npm\npmrc
4 silly config load:file:C:\Users\joaquin.ureta\Desktop\portafolio2\.npmrc
5 silly config load:file:C:\Users\joaquin.ureta\.npmrc
6 silly config load:file:C:\tools\node\etc\npmrc
7 verbose title npm install
8 verbose argv "install" "--ignore-scripts" "--cache" ".npm-cache"
9 verbose logfile logs-max:10 dir:C:\Users\joaquin.ureta\Desktop\portafolio2\.npm-cache\_logs\2026-06-04T17_36_02_474Z-
10 verbose logfile C:\Users\joaquin.ureta\Desktop\portafolio2\.npm-cache\_logs\2026-06-04T17_36_02_474Z-debug-0.log
11 silly logfile done cleaning log files
12 silly packumentCache heap:4496293888 maxSize:1124073472 maxEntrySize:562036736
13 silly idealTree buildDeps
14 silly reify mark retired [
14 silly reify   'C:\\Users\\joaquin.ureta\\Desktop\\portafolio2\\node_modules\\astro'
14 silly reify ]
15 silly reify moves {
15 silly reify   'C:\\Users\\joaquin.ureta\\Desktop\\portafolio2\\node_modules\\astro': 'C:\\Users\\joaquin.ureta\\Desktop\\portafolio2\\node_modules\\.astro-KQZnLMNM'
15 silly reify }
16 silly audit bulk request {
16 silly audit   '@ampproject/remapping': [ '2.3.0' ],
16 silly audit   '@astrojs/compiler': [ '2.8.0' ],
16 silly audit   '@astrojs/internal-helpers': [ '0.4.0', '0.4.1' ],
16 silly audit   '@astrojs/markdown-remark': [ '5.1.0' ],
16 silly audit   '@astrojs/prism': [ '3.1.0' ],
16 silly audit   '@astrojs/telemetry': [ '3.1.0' ],
16 silly audit   '@astrojs/vercel': [ '7.8.1' ],
16 silly audit   '@babel/code-frame': [ '7.24.7' ],
16 silly audit   '@babel/compat-data': [ '7.24.7' ],
16 silly audit   '@babel/core': [ '7.24.7' ],
16 silly audit   semver: [ '6.3.1', '7.6.2' ],
16 silly audit   '@babel/generator': [ '7.24.7' ],
16 silly audit   '@babel/helper-annotate-as-pure': [ '7.24.7' ],
16 silly audit   '@babel/helper-compilation-targets': [ '7.24.7' ],
16 silly audit   '@babel/helper-environment-visitor': [ '7.24.7' ],
16 silly audit   '@babel/helper-function-name': [ '7.24.7' ],
16 silly audit   '@babel/helper-hoist-variables': [ '7.24.7' ],
16 silly audit   '@babel/helper-module-imports': [ '7.24.7' ],
16 silly audit   '@babel/helper-module-transforms': [ '7.24.7' ],
16 silly audit   '@babel/helper-plugin-utils': [ '7.24.7' ],
16 silly audit   '@babel/helper-simple-access': [ '7.24.7' ],
16 silly audit   '@babel/helper-split-export-declaration': [ '7.24.7' ],
16 silly audit   '@babel/helper-string-parser': [ '7.24.7' ],
16 silly audit   '@babel/helper-validator-identifier': [ '7.24.7' ],
16 silly audit   '@babel/helper-validator-option': [ '7.24.7' ],
16 silly audit   '@babel/helpers': [ '7.24.7' ],
16 silly audit   '@babel/highlight': [ '7.24.7' ],
16 silly audit   '@babel/parser': [ '7.24.7' ],
16 silly audit   '@babel/plugin-syntax-jsx': [ '7.24.7' ],
16 silly audit   '@babel/plugin-transform-react-jsx': [ '7.24.7' ],
16 silly audit   '@babel/template': [ '7.24.7' ],
16 silly audit   '@babel/traverse': [ '7.24.7' ],
16 silly audit   '@babel/types': [ '7.24.7' ],
16 silly audit   '@emnapi/runtime': [ '1.2.0' ],
16 silly audit   '@esbuild/aix-ppc64': [ '0.21.5' ],
16 silly audit   '@esbuild/android-arm': [ '0.21.5' ],
16 silly audit   '@esbuild/android-arm64': [ '0.21.5' ],
16 silly audit   '@esbuild/android-x64': [ '0.21.5' ],
16 silly audit   '@esbuild/darwin-arm64': [ '0.21.5' ],
16 silly audit   '@esbuild/darwin-x64': [ '0.21.5' ],
16 silly audit   '@esbuild/freebsd-arm64': [ '0.21.5' ],
16 silly audit   '@esbuild/freebsd-x64': [ '0.21.5' ],
16 silly audit   '@esbuild/linux-arm': [ '0.21.5' ],
16 silly audit   '@esbuild/linux-arm64': [ '0.21.5' ],
16 silly audit   '@esbuild/linux-ia32': [ '0.21.5' ],
16 silly audit   '@esbuild/linux-loong64': [ '0.21.5' ],
16 silly audit   '@esbuild/linux-mips64el': [ '0.21.5' ],
16 silly audit   '@esbuild/linux-ppc64': [ '0.21.5' ],
16 silly audit   '@esbuild/linux-riscv64': [ '0.21.5' ],
16 silly audit   '@esbuild/linux-s390x': [ '0.21.5' ],
16 silly audit   '@esbuild/linux-x64': [ '0.21.5' ],
16 silly audit   '@esbuild/netbsd-x64': [ '0.21.5' ],
16 silly audit   '@esbuild/openbsd-x64': [ '0.21.5' ],
16 silly audit   '@esbuild/sunos-x64': [ '0.21.5' ],
16 silly audit   '@esbuild/win32-arm64': [ '0.21.5' ],
16 silly audit   '@esbuild/win32-ia32': [ '0.21.5' ],
16 silly audit   '@esbuild/win32-x64': [ '0.21.5' ],
16 silly audit   '@img/sharp-darwin-arm64': [ '0.33.4' ],
16 silly audit   '@img/sharp-darwin-x64': [ '0.33.4' ],
16 silly audit   '@img/sharp-libvips-darwin-arm64': [ '1.0.2' ],
16 silly audit   '@img/sharp-libvips-darwin-x64': [ '1.0.2' ],
16 silly audit   '@img/sharp-libvips-linux-arm': [ '1.0.2' ],
16 silly audit   '@img/sharp-libvips-linux-arm64': [ '1.0.2' ],
16 silly audit   '@img/sharp-libvips-linux-s390x': [ '1.0.2' ],
16 silly audit   '@img/sharp-libvips-linux-x64': [ '1.0.2' ],
16 silly audit   '@img/sharp-libvips-linuxmusl-arm64': [ '1.0.2' ],
16 silly audit   '@img/sharp-libvips-linuxmusl-x64': [ '1.0.2' ],
16 silly audit   '@img/sharp-linux-arm': [ '0.33.4' ],
16 silly audit   '@img/sharp-linux-arm64': [ '0.33.4' ],
16 silly audit   '@img/sharp-linux-s390x': [ '0.33.4' ],
16 silly audit   '@img/sharp-linux-x64': [ '0.33.4' ],
16 silly audit   '@img/sharp-linuxmusl-arm64': [ '0.33.4' ],
16 silly audit   '@img/sharp-linuxmusl-x64': [ '0.33.4' ],
16 silly audit   '@img/sharp-wasm32': [ '0.33.4' ],
16 silly audit   '@img/sharp-win32-ia32': [ '0.33.4' ],
16 silly audit   '@img/sharp-win32-x64': [ '0.33.4' ],
16 silly audit   '@jridgewell/gen-mapping': [ '0.3.5' ],
16 silly audit   '@jridgewell/resolve-uri': [ '3.1.2' ],
16 silly audit   '@jridgewell/set-array': [ '1.2.1' ],
16 silly audit   '@jridgewell/sourcemap-codec': [ '1.4.15' ],
16 silly audit   '@jridgewell/trace-mapping': [ '0.3.25' ],
16 silly audit   '@mapbox/node-pre-gyp': [ '1.0.11' ],
16 silly audit   '@nodelib/fs.scandir': [ '2.1.5' ],
16 silly audit   '@nodelib/fs.stat': [ '2.0.5' ],
16 silly audit   '@nodelib/fs.walk': [ '1.2.8' ],
16 silly audit   '@rollup/pluginutils': [ '4.2.1' ],
16 silly audit   '@rollup/rollup-android-arm-eabi': [ '4.24.0' ],
16 silly audit   '@rollup/rollup-android-arm64': [ '4.24.0' ],
16 silly audit   '@rollup/rollup-darwin-arm64': [ '4.24.0' ],
16 silly audit   '@rollup/rollup-darwin-x64': [ '4.24.0' ],
16 silly audit   '@rollup/rollup-linux-arm-gnueabihf': [ '4.24.0' ],
16 silly audit   '@rollup/rollup-linux-arm-musleabihf': [ '4.24.0' ],
16 silly audit   '@rollup/rollup-linux-arm64-gnu': [ '4.24.0' ],
16 silly audit   '@rollup/rollup-linux-arm64-musl': [ '4.24.0' ],
16 silly audit   '@rollup/rollup-linux-powerpc64le-gnu': [ '4.24.0' ],
16 silly audit   '@rollup/rollup-linux-riscv64-gnu': [ '4.24.0' ],
16 silly audit   '@rollup/rollup-linux-s390x-gnu': [ '4.24.0' ],
16 silly audit   '@rollup/rollup-linux-x64-gnu': [ '4.24.0' ],
16 silly audit   '@rollup/rollup-linux-x64-musl': [ '4.24.0' ],
16 silly audit   '@rollup/rollup-win32-arm64-msvc': [ '4.24.0' ],
16 silly audit   '@rollup/rollup-win32-ia32-msvc': [ '4.24.0' ],
16 silly audit   '@rollup/rollup-win32-x64-msvc': [ '4.24.0' ],
16 silly audit   '@shikijs/core': [ '1.6.4' ],
16 silly audit   '@splidejs/splide': [ '4.1.4' ],
16 silly audit   '@types/babel__core': [ '7.20.5' ],
16 silly audit   '@types/babel__generator': [ '7.6.8' ],
16 silly audit   '@types/babel__template': [ '7.4.4' ],
16 silly audit   '@types/babel__traverse': [ '7.20.6' ],
16 silly audit   '@types/cookie': [ '0.6.0' ],
16 silly audit   '@types/debug': [ '4.1.12' ],
16 silly audit   '@types/estree': [ '1.0.6' ],
16 silly audit   '@types/hast': [ '3.0.4' ],
16 silly audit   '@types/mdast': [ '4.0.4' ],
16 silly audit   '@types/ms': [ '0.7.34' ],
16 silly audit   '@types/nlcst': [ '1.0.4' ],
16 silly audit   '@types/unist': [ '2.0.10', '3.0.2' ],
16 silly audit   '@ungap/structured-clone': [ '1.2.0' ],
16 silly audit   '@vercel/analytics': [ '1.3.1' ],
16 silly audit   '@vercel/edge': [ '1.1.2' ],
16 silly audit   '@vercel/nft': [ '0.27.4' ],
16 silly audit   abbrev: [ '1.1.1' ],
16 silly audit   acorn: [ '8.11.3' ],
16 silly audit   'acorn-import-attributes': [ '1.9.5' ],
16 silly audit   'agent-base': [ '6.0.2' ],
16 silly audit   'ansi-align': [ '3.0.1' ],
16 silly audit   'ansi-regex': [ '5.0.1', '6.0.1' ],
16 silly audit   'emoji-regex': [ '8.0.0', '9.2.2', '10.3.0' ],
16 silly audit   'string-width': [ '4.2.3', '5.1.2', '7.1.0' ],
16 silly audit   'strip-ansi': [ '6.0.1', '7.1.0' ],
16 silly audit   'ansi-styles': [ '3.2.1', '6.2.1' ],
16 silly audit   anymatch: [ '3.1.3' ],
16 silly audit   aproba: [ '2.0.0' ],
16 silly audit   'are-we-there-yet': [ '2.0.0' ],
16 silly audit   argparse: [ '2.0.1', '1.0.10' ],
16 silly audit   'aria-query': [ '5.3.0' ],
16 silly audit   'array-iterate': [ '2.0.1' ],
16 silly audit   astro: [ '4.10.2' ],
16 silly audit   'estree-walker': [ '3.0.3', '2.0.2' ],
16 silly audit   'async-sema': [ '3.1.1' ],
16 silly audit   'axobject-query': [ '4.0.0' ],
16 silly audit   bail: [ '2.0.2' ],
16 silly audit   'balanced-match': [ '1.0.2' ],
16 silly audit   'base-64': [ '1.0.0' ],
16 silly audit   'binary-extensions': [ '2.3.0' ],
16 silly audit   bindings: [ '1.5.0' ],
16 silly audit   boxen: [ '7.1.1' ],
16 silly audit   chalk: [ '5.3.0', '2.4.2' ],
16 silly audit   'brace-expansion': [ '1.1.11' ],
16 silly audit   braces: [ '3.0.3' ],
16 silly audit   browserslist: [ '4.23.1' ],
16 silly audit   camelcase: [ '7.0.1' ],
16 silly audit   'caniuse-lite': [ '1.0.30001633' ],
16 silly audit   ccount: [ '2.0.1' ],
16 silly audit   'character-entities': [ '2.0.2' ],
16 silly audit   'character-entities-html4': [ '2.1.0' ],
16 silly audit   'character-entities-legacy': [ '3.0.0' ],
16 silly audit   chokidar: [ '3.6.0' ],
16 silly audit   chownr: [ '2.0.0' ],
16 silly audit   'ci-info': [ '4.0.0' ],
16 silly audit   'cli-boxes': [ '3.0.0' ],
16 silly audit   'cli-cursor': [ '4.0.0' ],
16 silly audit   'cli-spinners': [ '2.9.2' ],
16 silly audit   clsx: [ '2.1.1' ],
16 silly audit   color: [ '4.2.3' ],
16 silly audit   'color-convert': [ '1.9.3', '2.0.1' ],
16 silly audit   'color-name': [ '1.1.3', '1.1.4' ],
16 silly audit   'color-string': [ '1.9.1' ],
16 silly audit   'color-support': [ '1.1.3' ],
16 silly audit   'comma-separated-tokens': [ '2.0.3' ],
16 silly audit   'common-ancestor-path': [ '1.0.1' ],
16 silly audit   'concat-map': [ '0.0.1' ],
16 silly audit   'console-control-strings': [ '1.1.0' ],
16 silly audit   'convert-source-map': [ '2.0.0' ],
16 silly audit   cookie: [ '0.6.0' ],
16 silly audit   'cross-spawn': [ '7.0.3' ],
16 silly audit   cssesc: [ '3.0.0' ],
16 silly audit   debug: [ '4.3.5' ],
16 silly audit   'decode-named-character-reference': [ '1.0.2' ],
16 silly audit   delegates: [ '1.0.0' ],
16 silly audit   dequal: [ '2.0.3' ],
16 silly audit   'detect-libc': [ '2.0.3' ],
16 silly audit   'deterministic-object-hash': [ '2.0.2' ],
16 silly audit   devalue: [ '5.0.0' ],
16 silly audit   devlop: [ '1.1.0' ],
16 silly audit   diff: [ '5.2.0' ],
16 silly audit   dlv: [ '1.1.3' ],
16 silly audit   dset: [ '3.1.4' ],
16 silly audit   eastasianwidth: [ '0.2.0' ],
16 silly audit   'electron-to-chromium': [ '1.4.802' ],
16 silly audit   entities: [ '4.5.0' ],
16 silly audit   'es-module-lexer': [ '1.5.3' ],
16 silly audit   esbuild: [ '0.21.5' ],
16 silly audit   escalade: [ '3.1.2' ],
16 silly audit   'escape-string-regexp': [ '1.0.5', '5.0.0' ],
16 silly audit   esprima: [ '4.0.1' ],
16 silly audit   eventemitter3: [ '5.0.1' ],
16 silly audit   execa: [ '8.0.1' ],
16 silly audit   extend: [ '3.0.2' ],
16 silly audit   'extend-shallow': [ '2.0.1' ],
16 silly audit   'fast-glob': [ '3.3.2' ],
16 silly audit   fastq: [ '1.17.1' ],
16 silly audit   'file-uri-to-path': [ '1.0.0' ],
16 silly audit   'fill-range': [ '7.1.1' ],
16 silly audit   'find-up': [ '5.0.0', '4.1.0' ],
16 silly audit   'find-yarn-workspace-root2': [ '1.2.16' ],
16 silly audit   flattie: [ '1.1.1' ],
16 silly audit   'fs-minipass': [ '2.1.0' ],
16 silly audit   minipass: [ '3.3.6', '5.0.0' ],
16 silly audit   yallist: [ '4.0.0', '3.1.1' ],
16 silly audit   'fs.realpath': [ '1.0.0' ],
16 silly audit   fsevents: [ '2.3.3' ],
16 silly audit   'function-bind': [ '1.1.2' ],
16 silly audit   gauge: [ '3.0.2' ],
16 silly audit   'signal-exit': [ '3.0.7', '4.1.0' ],
16 silly audit   gensync: [ '1.0.0-beta.2' ],
16 silly audit   'get-east-asian-width': [ '1.2.0' ],
16 silly audit   'get-stream': [ '8.0.1' ],
16 silly audit   'github-slugger': [ '2.0.0' ],
16 silly audit   glob: [ '7.2.3' ],
16 silly audit   'glob-parent': [ '5.1.2' ],
16 silly audit   globals: [ '11.12.0' ],
16 silly audit   'graceful-fs': [ '4.2.11' ],
16 silly audit   'gray-matter': [ '4.0.3' ],
16 silly audit   'js-yaml': [ '3.14.1', '4.1.0' ],
16 silly audit   'has-flag': [ '3.0.0' ],
16 silly audit   'has-unicode': [ '2.0.1' ],
16 silly audit   hasown: [ '2.0.2' ],
16 silly audit   'hast-util-from-html': [ '2.0.1' ],
16 silly audit   'hast-util-from-parse5': [ '8.0.1' ],
16 silly audit   'hast-util-is-element': [ '3.0.0' ],
16 silly audit   'hast-util-parse-selector': [ '4.0.0' ],
16 silly audit   'hast-util-raw': [ '9.0.3' ],
16 silly audit   'hast-util-to-html': [ '9.0.1' ],
16 silly audit   'hast-util-to-parse5': [ '8.0.0' ],
16 silly audit   'hast-util-to-text': [ '4.0.2' ],
16 silly audit   'hast-util-whitespace': [ '3.0.0' ],
16 silly audit   hastscript: [ '8.0.0' ],
16 silly audit   'html-escaper': [ '3.0.3' ],
16 silly audit   'html-void-elements': [ '3.0.0' ],
16 silly audit   'http-cache-semantics': [ '4.1.1' ],
16 silly audit   'https-proxy-agent': [ '5.0.1' ],
16 silly audit   'human-signals': [ '5.0.0' ],
16 silly audit   'import-meta-resolve': [ '4.1.0' ],
16 silly audit   inflight: [ '1.0.6' ],
16 silly audit   inherits: [ '2.0.4' ],
16 silly audit   'is-arrayish': [ '0.3.2' ],
16 silly audit   'is-binary-path': [ '2.1.0' ],
16 silly audit   'is-buffer': [ '2.0.5' ],
16 silly audit   'is-core-module': [ '2.13.1' ],
16 silly audit   'is-docker': [ '3.0.0' ],
16 silly audit   'is-extendable': [ '0.1.1' ],
16 silly audit   'is-extglob': [ '2.1.1' ],
16 silly audit   'is-fullwidth-code-point': [ '3.0.0' ],
16 silly audit   'is-glob': [ '4.0.3' ],
16 silly audit   'is-inside-container': [ '1.0.0' ],
16 silly audit   'is-interactive': [ '2.0.0' ],
16 silly audit   'is-number': [ '7.0.0' ],
16 silly audit   'is-plain-obj': [ '4.1.0' ],
16 silly audit   'is-stream': [ '3.0.0' ],
16 silly audit   'is-unicode-supported': [ '2.0.0', '1.3.0' ],
16 silly audit   'is-wsl': [ '3.1.0' ],
16 silly audit   isexe: [ '2.0.0' ],
16 silly audit   'js-tokens': [ '4.0.0' ],
16 silly audit   jsesc: [ '2.5.2' ],
16 silly audit   json5: [ '2.2.3' ],
16 silly audit   'kind-of': [ '6.0.3' ],
16 silly audit   kleur: [ '4.1.5', '3.0.3' ],
16 silly audit   'load-yaml-file': [ '0.2.0' ],
16 silly audit   'locate-path': [ '6.0.0', '5.0.0' ],
16 silly audit   'log-symbols': [ '6.0.0' ],
16 silly audit   'longest-streak': [ '3.1.0' ],
16 silly audit   'lru-cache': [ '5.1.1' ],
16 silly audit   'magic-string': [ '0.30.10' ],
16 silly audit   'make-dir': [ '3.1.0' ],
16 silly audit   'markdown-table': [ '3.0.3' ],
16 silly audit   'mdast-util-definitions': [ '6.0.0' ],
16 silly audit   'mdast-util-find-and-replace': [ '3.0.1' ],
16 silly audit   'mdast-util-from-markdown': [ '2.0.1' ],
16 silly audit   'mdast-util-gfm': [ '3.0.0' ],
16 silly audit   'mdast-util-gfm-autolink-literal': [ '2.0.0' ],
16 silly audit   'mdast-util-gfm-footnote': [ '2.0.0' ],
16 silly audit   'mdast-util-gfm-strikethrough': [ '2.0.0' ],
16 silly audit   'mdast-util-gfm-table': [ '2.0.0' ],
16 silly audit   'mdast-util-gfm-task-list-item': [ '2.0.0' ],
16 silly audit   'mdast-util-phrasing': [ '4.1.0' ],
16 silly audit   'mdast-util-to-hast': [ '13.2.0' ],
16 silly audit   'mdast-util-to-markdown': [ '2.1.0' ],
16 silly audit   'mdast-util-to-string': [ '4.0.0' ],
16 silly audit   'merge-stream': [ '2.0.0' ],
16 silly audit   merge2: [ '1.4.1' ],
16 silly audit   micromark: [ '4.0.0' ],
16 silly audit   'micromark-core-commonmark': [ '2.0.1' ],
16 silly audit   'micromark-extension-gfm': [ '3.0.0' ],
16 silly audit   'micromark-extension-gfm-autolink-literal': [ '2.0.0' ],
16 silly audit   'micromark-extension-gfm-footnote': [ '2.0.0' ],
16 silly audit   'micromark-extension-gfm-strikethrough': [ '2.0.0' ],
16 silly audit   'micromark-extension-gfm-table': [ '2.0.0' ],
16 silly audit   'micromark-extension-gfm-tagfilter': [ '2.0.0' ],
16 silly audit   'micromark-extension-gfm-task-list-item': [ '2.0.1' ],
16 silly audit   'micromark-factory-destination': [ '2.0.0' ],
16 silly audit   'micromark-factory-label': [ '2.0.0' ],
16 silly audit   'micromark-factory-space': [ '2.0.0' ],
16 silly audit   'micromark-factory-title': [ '2.0.0' ],
16 silly audit   'micromark-factory-whitespace': [ '2.0.0' ],
16 silly audit   'micromark-util-character': [ '2.1.0' ],
16 silly audit   'micromark-util-chunked': [ '2.0.0' ],
16 silly audit   'micromark-util-classify-character': [ '2.0.0' ],
16 silly audit   'micromark-util-combine-extensions': [ '2.0.0' ],
16 silly audit   'micromark-util-decode-numeric-character-reference': [ '2.0.1' ],
16 silly audit   'micromark-util-decode-string': [ '2.0.0' ],
16 silly audit   'micromark-util-encode': [ '2.0.0' ],
16 silly audit   'micromark-util-html-tag-name': [ '2.0.0' ],
16 silly audit   'micromark-util-normalize-identifier': [ '2.0.0' ],
16 silly audit   'micromark-util-resolve-all': [ '2.0.0' ],
16 silly audit   'micromark-util-sanitize-uri': [ '2.0.0' ],
16 silly audit   'micromark-util-subtokenize': [ '2.0.1' ],
16 silly audit   'micromark-util-symbol': [ '2.0.0' ],
16 silly audit   'micromark-util-types': [ '2.0.0' ],
16 silly audit   micromatch: [ '4.0.8' ],
16 silly audit   'mimic-fn': [ '4.0.0', '2.1.0' ],
16 silly audit   minimatch: [ '3.1.2' ],
16 silly audit   minizlib: [ '2.1.2' ],
16 silly audit   mkdirp: [ '1.0.4' ],
16 silly audit   mrmime: [ '2.0.0' ],
16 silly audit   ms: [ '2.1.2' ],
16 silly audit   nanoid: [ '3.3.7' ],
16 silly audit   'nlcst-to-string': [ '3.1.1' ],
16 silly audit   'node-fetch': [ '2.7.0' ],
16 silly audit   'node-gyp-build': [ '4.8.2' ],
16 silly audit   'node-releases': [ '2.0.14' ],
16 silly audit   nopt: [ '5.0.0' ],
16 silly audit   'normalize-path': [ '3.0.0' ],
16 silly audit   'npm-run-path': [ '5.3.0' ],
16 silly audit   'path-key': [ '4.0.0', '3.1.1' ],
16 silly audit   npmlog: [ '5.0.1' ],
16 silly audit   'object-assign': [ '4.1.1' ],
16 silly audit   once: [ '1.4.0' ],
16 silly audit   onetime: [ '6.0.0', '5.1.2' ],
16 silly audit   ora: [ '8.0.1' ],
16 silly audit   'p-limit': [ '5.0.0', '3.1.0', '2.3.0' ],
16 silly audit   'p-locate': [ '5.0.0', '4.1.0' ],
16 silly audit   'yocto-queue': [ '0.1.0', '1.0.0' ],
16 silly audit   'p-queue': [ '8.0.1' ],
16 silly audit   'p-timeout': [ '6.1.2' ],
16 silly audit   'p-try': [ '2.2.0' ],
16 silly audit   'parse-latin': [ '5.0.1' ],
16 silly audit   parse5: [ '7.1.2' ],
16 silly audit   'path-exists': [ '4.0.0' ],
16 silly audit   'path-is-absolute': [ '1.0.1' ],
16 silly audit   'path-parse': [ '1.0.7' ],
16 silly audit   'path-to-regexp': [ '6.3.0' ],
16 silly audit   picocolors: [ '1.1.0' ],
16 silly audit   picomatch: [ '2.3.1' ],
16 silly audit   pify: [ '4.0.1' ],
16 silly audit   'pkg-dir': [ '4.2.0' ],
16 silly audit   postcss: [ '8.4.47' ],
16 silly audit   'preferred-pm': [ '3.1.3' ],
16 silly audit   'which-pm': [ '2.0.0', '2.2.0' ],
16 silly audit   prismjs: [ '1.29.0' ],
16 silly audit   prompts: [ '2.4.2' ],
16 silly audit   'property-information': [ '6.5.0' ],
16 silly audit   'queue-microtask': [ '1.2.3' ],
16 silly audit   'readable-stream': [ '3.6.2' ],
16 silly audit   readdirp: [ '3.6.0' ],
16 silly audit   rehype: [ '13.0.1' ],
16 silly audit   'rehype-parse': [ '9.0.0' ],
16 silly audit   'rehype-raw': [ '7.0.0' ],
16 silly audit   'rehype-stringify': [ '10.0.0' ],
16 silly audit   'remark-gfm': [ '4.0.0' ],
16 silly audit   'remark-parse': [ '11.0.0' ],
16 silly audit   'remark-rehype': [ '11.1.0' ],
16 silly audit   'remark-smartypants': [ '2.1.0' ],
16 silly audit   'remark-stringify': [ '11.0.0' ],
16 silly audit   resolve: [ '1.22.8' ],
16 silly audit   'resolve-from': [ '5.0.0' ],
16 silly audit   'restore-cursor': [ '4.0.0' ],
16 silly audit   retext: [ '8.1.0' ],
16 silly audit   'retext-latin': [ '3.1.0' ],
16 silly audit   unified: [ '10.1.2', '11.0.4' ],
16 silly audit   'unist-util-stringify-position': [ '3.0.3', '4.0.0' ],
16 silly audit   vfile: [ '5.3.7', '6.0.1' ],
16 silly audit   'vfile-message': [ '3.1.4', '4.0.2' ],
16 silly audit   'retext-smartypants': [ '5.2.0' ],
16 silly audit   'unist-util-is': [ '5.2.1', '6.0.0' ],
16 silly audit   'unist-util-visit': [ '4.1.2', '5.0.0' ],
16 silly audit   'unist-util-visit-parents': [ '5.1.3', '6.0.1' ],
16 silly audit   'retext-stringify': [ '3.1.0' ],
16 silly audit   reusify: [ '1.0.4' ],
16 silly audit   rimraf: [ '3.0.2' ],
16 silly audit   rollup: [ '4.24.0' ],
16 silly audit   'run-parallel': [ '1.2.0' ],
16 silly audit   'safe-buffer': [ '5.2.1' ],
16 silly audit   'section-matter': [ '1.0.0' ],
16 silly audit   'server-only': [ '0.0.1' ],
16 silly audit   'set-blocking': [ '2.0.0' ],
16 silly audit   sharp: [ '0.33.4' ],
16 silly audit   'shebang-command': [ '2.0.0' ],
16 silly audit   'shebang-regex': [ '3.0.0' ],
16 silly audit   shiki: [ '1.6.4' ],
16 silly audit   'simple-swizzle': [ '0.2.2' ],
16 silly audit   sisteransi: [ '1.0.5' ],
16 silly audit   'source-map-js': [ '1.2.1' ],
16 silly audit   'space-separated-tokens': [ '2.0.2' ],
16 silly audit   'sprintf-js': [ '1.0.3' ],
16 silly audit   'stdin-discarder': [ '0.2.2' ],
16 silly audit   string_decoder: [ '1.3.0' ],
16 silly audit   'stringify-entities': [ '4.0.4' ],
16 silly audit   'strip-bom': [ '3.0.0' ],
16 silly audit   'strip-bom-string': [ '1.0.0' ],
16 silly audit   'strip-final-newline': [ '3.0.0' ],
16 silly audit   'supports-color': [ '5.5.0' ],
16 silly audit   'supports-preserve-symlinks-flag': [ '1.0.0' ],
16 silly audit   tar: [ '6.2.1' ],
16 silly audit   'to-fast-properties': [ '2.0.0' ],
16 silly audit   'to-regex-range': [ '5.0.1' ],
16 silly audit   tr46: [ '0.0.3' ],
16 silly audit   'trim-lines': [ '3.0.1' ],
16 silly audit   trough: [ '2.2.0' ],
16 silly audit   tsconfck: [ '3.1.0' ],
16 silly audit   tslib: [ '2.6.3' ],
16 silly audit   'type-fest': [ '2.19.0' ],
16 silly audit   unherit: [ '3.0.1' ],
16 silly audit   'unist-util-find-after': [ '5.0.0' ],
16 silly audit   'unist-util-modify-children': [ '3.1.1' ],
16 silly audit   'unist-util-position': [ '5.0.0' ],
16 silly audit   'unist-util-remove-position': [ '5.0.0' ],
16 silly audit   'unist-util-visit-children': [ '2.0.2' ],
16 silly audit   'update-browserslist-db': [ '1.0.16' ],
16 silly audit   'util-deprecate': [ '1.0.2' ],
16 silly audit   'vfile-location': [ '5.0.2' ],
16 silly audit   vite: [ '5.4.8' ],
16 silly audit   vitefu: [ '0.2.5' ],
16 silly audit   'web-namespaces': [ '2.0.1' ],
16 silly audit   'web-vitals': [ '3.5.2' ],
16 silly audit   'webidl-conversions': [ '3.0.1' ],
16 silly audit   'whatwg-url': [ '5.0.0' ],
16 silly audit   which: [ '2.0.2' ],
16 silly audit   'which-pm-runs': [ '1.1.0' ],
16 silly audit   'wide-align': [ '1.1.5' ],
16 silly audit   'widest-line': [ '4.0.1' ],
16 silly audit   'wrap-ansi': [ '8.1.0' ],
16 silly audit   wrappy: [ '1.0.2' ],
16 silly audit   'yargs-parser': [ '21.1.1' ],
16 silly audit   zod: [ '3.23.8' ],
16 silly audit   'zod-to-json-schema': [ '3.23.0' ],
16 silly audit   zwitch: [ '2.0.4' ]
16 silly audit }
17 http cache zwitch@https://registry.npmjs.org/zwitch/-/zwitch-2.0.4.tgz 0ms (cache hit)
18 http cache yocto-queue@https://registry.npmjs.org/yocto-queue/-/yocto-queue-1.0.0.tgz 0ms (cache hit)
19 http cache zod-to-json-schema@https://registry.npmjs.org/zod-to-json-schema/-/zod-to-json-schema-3.23.0.tgz 0ms (cache hit)
20 http cache yargs-parser@https://registry.npmjs.org/yargs-parser/-/yargs-parser-21.1.1.tgz 0ms (cache hit)
21 http cache zod@https://registry.npmjs.org/zod/-/zod-3.23.8.tgz 0ms (cache hit)
22 http cache yallist@https://registry.npmjs.org/yallist/-/yallist-3.1.1.tgz 0ms (cache hit)
23 http cache wrappy@https://registry.npmjs.org/wrappy/-/wrappy-1.0.2.tgz 0ms (cache hit)
24 http cache widest-line@https://registry.npmjs.org/widest-line/-/widest-line-4.0.1.tgz 0ms (cache hit)
25 http cache wrap-ansi@https://registry.npmjs.org/wrap-ansi/-/wrap-ansi-8.1.0.tgz 0ms (cache hit)
26 http cache wide-align@https://registry.npmjs.org/wide-align/-/wide-align-1.1.5.tgz 0ms (cache hit)
27 http cache whatwg-url@https://registry.npmjs.org/whatwg-url/-/whatwg-url-5.0.0.tgz 0ms (cache hit)
28 http cache which@https://registry.npmjs.org/which/-/which-2.0.2.tgz 0ms (cache hit)
29 http cache which-pm@https://registry.npmjs.org/which-pm/-/which-pm-2.2.0.tgz 0ms (cache hit)
30 http cache which-pm-runs@https://registry.npmjs.org/which-pm-runs/-/which-pm-runs-1.1.0.tgz 0ms (cache hit)
31 http cache web-vitals@https://registry.npmjs.org/web-vitals/-/web-vitals-3.5.2.tgz 0ms (cache hit)
32 http cache vitefu@https://registry.npmjs.org/vitefu/-/vitefu-0.2.5.tgz 0ms (cache hit)
33 http cache webidl-conversions@https://registry.npmjs.org/webidl-conversions/-/webidl-conversions-3.0.1.tgz 0ms (cache hit)
34 http cache web-namespaces@https://registry.npmjs.org/web-namespaces/-/web-namespaces-2.0.1.tgz 0ms (cache hit)
35 http cache vfile-location@https://registry.npmjs.org/vfile-location/-/vfile-location-5.0.2.tgz 0ms (cache hit)
36 http cache vite@https://registry.npmjs.org/vite/-/vite-5.4.8.tgz 0ms (cache hit)
37 http cache util-deprecate@https://registry.npmjs.org/util-deprecate/-/util-deprecate-1.0.2.tgz 0ms (cache hit)
38 http cache vfile-message@https://registry.npmjs.org/vfile-message/-/vfile-message-4.0.2.tgz 0ms (cache hit)
39 http cache vfile@https://registry.npmjs.org/vfile/-/vfile-6.0.1.tgz 0ms (cache hit)
40 http cache unist-util-visit@https://registry.npmjs.org/unist-util-visit/-/unist-util-visit-5.0.0.tgz 0ms (cache hit)
41 http cache update-browserslist-db@https://registry.npmjs.org/update-browserslist-db/-/update-browserslist-db-1.0.16.tgz 0ms (cache hit)
42 http cache unist-util-stringify-position@https://registry.npmjs.org/unist-util-stringify-position/-/unist-util-stringify-position-4.0.0.tgz 0ms (cache hit)
43 http cache unist-util-visit-children@https://registry.npmjs.org/unist-util-visit-children/-/unist-util-visit-children-2.0.2.tgz 0ms (cache hit)
44 http cache unist-util-remove-position@https://registry.npmjs.org/unist-util-remove-position/-/unist-util-remove-position-5.0.0.tgz 0ms (cache hit)
45 http cache unist-util-position@https://registry.npmjs.org/unist-util-position/-/unist-util-position-5.0.0.tgz 0ms (cache hit)
46 http cache unist-util-visit-parents@https://registry.npmjs.org/unist-util-visit-parents/-/unist-util-visit-parents-6.0.1.tgz 0ms (cache hit)
47 http cache unist-util-is@https://registry.npmjs.org/unist-util-is/-/unist-util-is-6.0.0.tgz 0ms (cache hit)
48 http cache unist-util-find-after@https://registry.npmjs.org/unist-util-find-after/-/unist-util-find-after-5.0.0.tgz 0ms (cache hit)
49 http cache unist-util-modify-children@https://registry.npmjs.org/unist-util-modify-children/-/unist-util-modify-children-3.1.1.tgz 0ms (cache hit)
50 http cache unified@https://registry.npmjs.org/unified/-/unified-11.0.4.tgz 0ms (cache hit)
51 http cache unherit@https://registry.npmjs.org/unherit/-/unherit-3.0.1.tgz 0ms (cache hit)
52 http cache tsconfck@https://registry.npmjs.org/tsconfck/-/tsconfck-3.1.0.tgz 0ms (cache hit)
53 http cache trough@https://registry.npmjs.org/trough/-/trough-2.2.0.tgz 0ms (cache hit)
54 http cache type-fest@https://registry.npmjs.org/type-fest/-/type-fest-2.19.0.tgz 0ms (cache hit)
55 http cache tr46@https://registry.npmjs.org/tr46/-/tr46-0.0.3.tgz 0ms (cache hit)
56 http cache trim-lines@https://registry.npmjs.org/trim-lines/-/trim-lines-3.0.1.tgz 0ms (cache hit)
57 http cache to-fast-properties@https://registry.npmjs.org/to-fast-properties/-/to-fast-properties-2.0.0.tgz 0ms (cache hit)
58 http cache tar@https://registry.npmjs.org/tar/-/tar-6.2.1.tgz 0ms (cache hit)
59 http cache supports-preserve-symlinks-flag@https://registry.npmjs.org/supports-preserve-symlinks-flag/-/supports-preserve-symlinks-flag-1.0.0.tgz 0ms (cache hit)
60 http cache supports-color@https://registry.npmjs.org/supports-color/-/supports-color-5.5.0.tgz 0ms (cache hit)
61 http cache to-regex-range@https://registry.npmjs.org/to-regex-range/-/to-regex-range-5.0.1.tgz 0ms (cache hit)
62 http cache strip-final-newline@https://registry.npmjs.org/strip-final-newline/-/strip-final-newline-3.0.0.tgz 0ms (cache hit)
63 http cache strip-bom-string@https://registry.npmjs.org/strip-bom-string/-/strip-bom-string-1.0.0.tgz 0ms (cache hit)
64 http cache strip-ansi@https://registry.npmjs.org/strip-ansi/-/strip-ansi-7.1.0.tgz 0ms (cache hit)
65 http cache stringify-entities@https://registry.npmjs.org/stringify-entities/-/stringify-entities-4.0.4.tgz 0ms (cache hit)
66 http cache string_decoder@https://registry.npmjs.org/string_decoder/-/string_decoder-1.3.0.tgz 0ms (cache hit)
67 http cache strip-bom@https://registry.npmjs.org/strip-bom/-/strip-bom-3.0.0.tgz 0ms (cache hit)
68 http cache string-width@https://registry.npmjs.org/string-width/-/string-width-7.1.0.tgz 0ms (cache hit)
69 http cache stdin-discarder@https://registry.npmjs.org/stdin-discarder/-/stdin-discarder-0.2.2.tgz 0ms (cache hit)
70 http cache space-separated-tokens@https://registry.npmjs.org/space-separated-tokens/-/space-separated-tokens-2.0.2.tgz 0ms (cache hit)
71 http cache sprintf-js@https://registry.npmjs.org/sprintf-js/-/sprintf-js-1.0.3.tgz 0ms (cache hit)
72 http cache sisteransi@https://registry.npmjs.org/sisteransi/-/sisteransi-1.0.5.tgz 0ms (cache hit)
73 http cache source-map-js@https://registry.npmjs.org/source-map-js/-/source-map-js-1.2.1.tgz 0ms (cache hit)
74 http cache simple-swizzle@https://registry.npmjs.org/simple-swizzle/-/simple-swizzle-0.2.2.tgz 0ms (cache hit)
75 http cache shebang-regex@https://registry.npmjs.org/shebang-regex/-/shebang-regex-3.0.0.tgz 0ms (cache hit)
76 http cache shiki@https://registry.npmjs.org/shiki/-/shiki-1.6.4.tgz 0ms (cache hit)
77 http cache shebang-command@https://registry.npmjs.org/shebang-command/-/shebang-command-2.0.0.tgz 0ms (cache hit)
78 http cache signal-exit@https://registry.npmjs.org/signal-exit/-/signal-exit-4.1.0.tgz 0ms (cache hit)
79 http cache sharp@https://registry.npmjs.org/sharp/-/sharp-0.33.4.tgz 0ms (cache hit)
80 http cache server-only@https://registry.npmjs.org/server-only/-/server-only-0.0.1.tgz 0ms (cache hit)
81 http cache set-blocking@https://registry.npmjs.org/set-blocking/-/set-blocking-2.0.0.tgz 0ms (cache hit)
82 http cache run-parallel@https://registry.npmjs.org/run-parallel/-/run-parallel-1.2.0.tgz 0ms (cache hit)
83 http cache semver@https://registry.npmjs.org/semver/-/semver-7.6.2.tgz 0ms (cache hit)
84 http cache section-matter@https://registry.npmjs.org/section-matter/-/section-matter-1.0.0.tgz 0ms (cache hit)
85 http cache rollup@https://registry.npmjs.org/rollup/-/rollup-4.24.0.tgz 0ms (cache hit)
86 http cache rimraf@https://registry.npmjs.org/rimraf/-/rimraf-3.0.2.tgz 0ms (cache hit)
87 http cache reusify@https://registry.npmjs.org/reusify/-/reusify-1.0.4.tgz 0ms (cache hit)
88 http cache safe-buffer@https://registry.npmjs.org/safe-buffer/-/safe-buffer-5.2.1.tgz 0ms (cache hit)
89 http cache retext-smartypants@https://registry.npmjs.org/retext-smartypants/-/retext-smartypants-5.2.0.tgz 0ms (cache hit)
90 http cache retext-stringify@https://registry.npmjs.org/retext-stringify/-/retext-stringify-3.1.0.tgz 0ms (cache hit)
91 http cache retext-latin@https://registry.npmjs.org/retext-latin/-/retext-latin-3.1.0.tgz 0ms (cache hit)
92 http cache resolve-from@https://registry.npmjs.org/resolve-from/-/resolve-from-5.0.0.tgz 0ms (cache hit)
93 http cache retext@https://registry.npmjs.org/retext/-/retext-8.1.0.tgz 0ms (cache hit)
94 http cache restore-cursor@https://registry.npmjs.org/restore-cursor/-/restore-cursor-4.0.0.tgz 0ms (cache hit)
95 http cache remark-smartypants@https://registry.npmjs.org/remark-smartypants/-/remark-smartypants-2.1.0.tgz 0ms (cache hit)
96 http cache remark-rehype@https://registry.npmjs.org/remark-rehype/-/remark-rehype-11.1.0.tgz 0ms (cache hit)
97 http cache remark-stringify@https://registry.npmjs.org/remark-stringify/-/remark-stringify-11.0.0.tgz 0ms (cache hit)
98 http cache resolve@https://registry.npmjs.org/resolve/-/resolve-1.22.8.tgz 0ms (cache hit)
99 http cache remark-parse@https://registry.npmjs.org/remark-parse/-/remark-parse-11.0.0.tgz 0ms (cache hit)
100 http cache remark-gfm@https://registry.npmjs.org/remark-gfm/-/remark-gfm-4.0.0.tgz 0ms (cache hit)
101 http cache rehype-stringify@https://registry.npmjs.org/rehype-stringify/-/rehype-stringify-10.0.0.tgz 0ms (cache hit)
102 http cache rehype-raw@https://registry.npmjs.org/rehype-raw/-/rehype-raw-7.0.0.tgz 0ms (cache hit)
103 http cache readdirp@https://registry.npmjs.org/readdirp/-/readdirp-3.6.0.tgz 0ms (cache hit)
104 http cache rehype-parse@https://registry.npmjs.org/rehype-parse/-/rehype-parse-9.0.0.tgz 0ms (cache hit)
105 http cache readable-stream@https://registry.npmjs.org/readable-stream/-/readable-stream-3.6.2.tgz 0ms (cache hit)
106 http cache queue-microtask@https://registry.npmjs.org/queue-microtask/-/queue-microtask-1.2.3.tgz 0ms (cache hit)
107 http cache property-information@https://registry.npmjs.org/property-information/-/property-information-6.5.0.tgz 0ms (cache hit)
108 http cache rehype@https://registry.npmjs.org/rehype/-/rehype-13.0.1.tgz 0ms (cache hit)
109 http cache prompts@https://registry.npmjs.org/prompts/-/prompts-2.4.2.tgz 0ms (cache hit)
110 http cache prismjs@https://registry.npmjs.org/prismjs/-/prismjs-1.29.0.tgz 0ms (cache hit)
111 http cache preferred-pm@https://registry.npmjs.org/preferred-pm/-/preferred-pm-3.1.3.tgz 0ms (cache hit)
112 http cache postcss@https://registry.npmjs.org/postcss/-/postcss-8.4.47.tgz 0ms (cache hit)
113 http cache pify@https://registry.npmjs.org/pify/-/pify-4.0.1.tgz 0ms (cache hit)
114 http cache picocolors@https://registry.npmjs.org/picocolors/-/picocolors-1.1.0.tgz 0ms (cache hit)
115 http cache pkg-dir@https://registry.npmjs.org/pkg-dir/-/pkg-dir-4.2.0.tgz 0ms (cache hit)
116 http cache path-to-regexp@https://registry.npmjs.org/path-to-regexp/-/path-to-regexp-6.3.0.tgz 0ms (cache hit)
117 http cache picomatch@https://registry.npmjs.org/picomatch/-/picomatch-2.3.1.tgz 0ms (cache hit)
118 http cache path-parse@https://registry.npmjs.org/path-parse/-/path-parse-1.0.7.tgz 0ms (cache hit)
119 http cache path-is-absolute@https://registry.npmjs.org/path-is-absolute/-/path-is-absolute-1.0.1.tgz 0ms (cache hit)
120 http cache parse5@https://registry.npmjs.org/parse5/-/parse5-7.1.2.tgz 0ms (cache hit)
121 http cache path-key@https://registry.npmjs.org/path-key/-/path-key-3.1.1.tgz 0ms (cache hit)
122 http cache parse-latin@https://registry.npmjs.org/parse-latin/-/parse-latin-5.0.1.tgz 0ms (cache hit)
123 http cache p-try@https://registry.npmjs.org/p-try/-/p-try-2.2.0.tgz 0ms (cache hit)
124 http cache path-exists@https://registry.npmjs.org/path-exists/-/path-exists-4.0.0.tgz 0ms (cache hit)
125 http cache p-timeout@https://registry.npmjs.org/p-timeout/-/p-timeout-6.1.2.tgz 0ms (cache hit)
126 http cache p-queue@https://registry.npmjs.org/p-queue/-/p-queue-8.0.1.tgz 0ms (cache hit)
127 http cache p-locate@https://registry.npmjs.org/p-locate/-/p-locate-5.0.0.tgz 0ms (cache hit)
128 http cache p-limit@https://registry.npmjs.org/p-limit/-/p-limit-5.0.0.tgz 0ms (cache hit)
129 http cache ora@https://registry.npmjs.org/ora/-/ora-8.0.1.tgz 0ms (cache hit)
130 http cache onetime@https://registry.npmjs.org/onetime/-/onetime-6.0.0.tgz 0ms (cache hit)
131 http cache object-assign@https://registry.npmjs.org/object-assign/-/object-assign-4.1.1.tgz 0ms (cache hit)
132 http cache npmlog@https://registry.npmjs.org/npmlog/-/npmlog-5.0.1.tgz 0ms (cache hit)
133 http cache npm-run-path@https://registry.npmjs.org/npm-run-path/-/npm-run-path-5.3.0.tgz 0ms (cache hit)
134 http cache normalize-path@https://registry.npmjs.org/normalize-path/-/normalize-path-3.0.0.tgz 0ms (cache hit)
135 http cache once@https://registry.npmjs.org/once/-/once-1.4.0.tgz 0ms (cache hit)
136 http cache nopt@https://registry.npmjs.org/nopt/-/nopt-5.0.0.tgz 0ms (cache hit)
137 http cache node-releases@https://registry.npmjs.org/node-releases/-/node-releases-2.0.14.tgz 0ms (cache hit)
138 http cache node-gyp-build@https://registry.npmjs.org/node-gyp-build/-/node-gyp-build-4.8.2.tgz 0ms (cache hit)
139 http cache node-fetch@https://registry.npmjs.org/node-fetch/-/node-fetch-2.7.0.tgz 0ms (cache hit)
140 http cache nlcst-to-string@https://registry.npmjs.org/nlcst-to-string/-/nlcst-to-string-3.1.1.tgz 0ms (cache hit)
141 http cache ms@https://registry.npmjs.org/ms/-/ms-2.1.2.tgz 0ms (cache hit)
142 http cache nanoid@https://registry.npmjs.org/nanoid/-/nanoid-3.3.7.tgz 0ms (cache hit)
143 http cache mrmime@https://registry.npmjs.org/mrmime/-/mrmime-2.0.0.tgz 0ms (cache hit)
144 http cache minizlib@https://registry.npmjs.org/minizlib/-/minizlib-2.1.2.tgz 0ms (cache hit)
145 http cache mkdirp@https://registry.npmjs.org/mkdirp/-/mkdirp-1.0.4.tgz 0ms (cache hit)
146 http cache minipass@https://registry.npmjs.org/minipass/-/minipass-5.0.0.tgz 0ms (cache hit)
147 http cache minimatch@https://registry.npmjs.org/minimatch/-/minimatch-3.1.2.tgz 0ms (cache hit)
148 http cache mimic-fn@https://registry.npmjs.org/mimic-fn/-/mimic-fn-4.0.0.tgz 0ms (cache hit)
149 http cache micromatch@https://registry.npmjs.org/micromatch/-/micromatch-4.0.8.tgz 0ms (cache hit)
150 http cache micromark-util-symbol@https://registry.npmjs.org/micromark-util-symbol/-/micromark-util-symbol-2.0.0.tgz 0ms (cache hit)
151 http cache micromark-util-types@https://registry.npmjs.org/micromark-util-types/-/micromark-util-types-2.0.0.tgz 0ms (cache hit)
152 http cache micromark-util-subtokenize@https://registry.npmjs.org/micromark-util-subtokenize/-/micromark-util-subtokenize-2.0.1.tgz 0ms (cache hit)
153 http cache micromark-util-normalize-identifier@https://registry.npmjs.org/micromark-util-normalize-identifier/-/micromark-util-normalize-identifier-2.0.0.tgz 0ms (cache hit)
154 http cache micromark-util-resolve-all@https://registry.npmjs.org/micromark-util-resolve-all/-/micromark-util-resolve-all-2.0.0.tgz 0ms (cache hit)
155 http cache micromark-util-html-tag-name@https://registry.npmjs.org/micromark-util-html-tag-name/-/micromark-util-html-tag-name-2.0.0.tgz 0ms (cache hit)
156 http cache micromark-util-sanitize-uri@https://registry.npmjs.org/micromark-util-sanitize-uri/-/micromark-util-sanitize-uri-2.0.0.tgz 0ms (cache hit)
157 http cache micromark-util-encode@https://registry.npmjs.org/micromark-util-encode/-/micromark-util-encode-2.0.0.tgz 0ms (cache hit)
158 http cache micromark-util-decode-string@https://registry.npmjs.org/micromark-util-decode-string/-/micromark-util-decode-string-2.0.0.tgz 0ms (cache hit)
159 http cache micromark-util-decode-numeric-character-reference@https://registry.npmjs.org/micromark-util-decode-numeric-character-reference/-/micromark-util-decode-numeric-character-reference-2.0.1.tgz 0ms (cache hit)
160 http cache micromark-util-combine-extensions@https://registry.npmjs.org/micromark-util-combine-extensions/-/micromark-util-combine-extensions-2.0.0.tgz 0ms (cache hit)
161 http cache micromark-util-classify-character@https://registry.npmjs.org/micromark-util-classify-character/-/micromark-util-classify-character-2.0.0.tgz 0ms (cache hit)
162 http cache micromark-util-chunked@https://registry.npmjs.org/micromark-util-chunked/-/micromark-util-chunked-2.0.0.tgz 0ms (cache hit)
163 http cache micromark-util-character@https://registry.npmjs.org/micromark-util-character/-/micromark-util-character-2.1.0.tgz 0ms (cache hit)
164 http cache micromark-factory-whitespace@https://registry.npmjs.org/micromark-factory-whitespace/-/micromark-factory-whitespace-2.0.0.tgz 0ms (cache hit)
165 http cache micromark-factory-title@https://registry.npmjs.org/micromark-factory-title/-/micromark-factory-title-2.0.0.tgz 0ms (cache hit)
166 http cache micromark-factory-space@https://registry.npmjs.org/micromark-factory-space/-/micromark-factory-space-2.0.0.tgz 0ms (cache hit)
167 http cache micromark-factory-label@https://registry.npmjs.org/micromark-factory-label/-/micromark-factory-label-2.0.0.tgz 0ms (cache hit)
168 http cache micromark-extension-gfm-task-list-item@https://registry.npmjs.org/micromark-extension-gfm-task-list-item/-/micromark-extension-gfm-task-list-item-2.0.1.tgz 0ms (cache hit)
169 http cache micromark-extension-gfm-tagfilter@https://registry.npmjs.org/micromark-extension-gfm-tagfilter/-/micromark-extension-gfm-tagfilter-2.0.0.tgz 0ms (cache hit)
170 http cache micromark-factory-destination@https://registry.npmjs.org/micromark-factory-destination/-/micromark-factory-destination-2.0.0.tgz 0ms (cache hit)
171 http cache micromark-extension-gfm-table@https://registry.npmjs.org/micromark-extension-gfm-table/-/micromark-extension-gfm-table-2.0.0.tgz 0ms (cache hit)
172 http cache micromark-extension-gfm-autolink-literal@https://registry.npmjs.org/micromark-extension-gfm-autolink-literal/-/micromark-extension-gfm-autolink-literal-2.0.0.tgz 0ms (cache hit)
173 http cache micromark-extension-gfm-footnote@https://registry.npmjs.org/micromark-extension-gfm-footnote/-/micromark-extension-gfm-footnote-2.0.0.tgz 0ms (cache hit)
174 http cache micromark-extension-gfm-strikethrough@https://registry.npmjs.org/micromark-extension-gfm-strikethrough/-/micromark-extension-gfm-strikethrough-2.0.0.tgz 0ms (cache hit)
175 http cache micromark-extension-gfm@https://registry.npmjs.org/micromark-extension-gfm/-/micromark-extension-gfm-3.0.0.tgz 0ms (cache hit)
176 http cache micromark-core-commonmark@https://registry.npmjs.org/micromark-core-commonmark/-/micromark-core-commonmark-2.0.1.tgz 0ms (cache hit)
177 http cache micromark@https://registry.npmjs.org/micromark/-/micromark-4.0.0.tgz 0ms (cache hit)
178 http cache merge2@https://registry.npmjs.org/merge2/-/merge2-1.4.1.tgz 0ms (cache hit)
179 http cache merge-stream@https://registry.npmjs.org/merge-stream/-/merge-stream-2.0.0.tgz 0ms (cache hit)
180 http cache mdast-util-to-string@https://registry.npmjs.org/mdast-util-to-string/-/mdast-util-to-string-4.0.0.tgz 0ms (cache hit)
181 http cache mdast-util-to-hast@https://registry.npmjs.org/mdast-util-to-hast/-/mdast-util-to-hast-13.2.0.tgz 0ms (cache hit)
182 http cache mdast-util-phrasing@https://registry.npmjs.org/mdast-util-phrasing/-/mdast-util-phrasing-4.1.0.tgz 0ms (cache hit)
183 http cache mdast-util-to-markdown@https://registry.npmjs.org/mdast-util-to-markdown/-/mdast-util-to-markdown-2.1.0.tgz 0ms (cache hit)
184 http cache mdast-util-gfm-task-list-item@https://registry.npmjs.org/mdast-util-gfm-task-list-item/-/mdast-util-gfm-task-list-item-2.0.0.tgz 0ms (cache hit)
185 http cache mdast-util-gfm-table@https://registry.npmjs.org/mdast-util-gfm-table/-/mdast-util-gfm-table-2.0.0.tgz 0ms (cache hit)
186 http cache mdast-util-gfm-strikethrough@https://registry.npmjs.org/mdast-util-gfm-strikethrough/-/mdast-util-gfm-strikethrough-2.0.0.tgz 0ms (cache hit)
187 http cache mdast-util-gfm-autolink-literal@https://registry.npmjs.org/mdast-util-gfm-autolink-literal/-/mdast-util-gfm-autolink-literal-2.0.0.tgz 0ms (cache hit)
188 http cache mdast-util-gfm@https://registry.npmjs.org/mdast-util-gfm/-/mdast-util-gfm-3.0.0.tgz 0ms (cache hit)
189 http cache mdast-util-gfm-footnote@https://registry.npmjs.org/mdast-util-gfm-footnote/-/mdast-util-gfm-footnote-2.0.0.tgz 0ms (cache hit)
190 http cache mdast-util-from-markdown@https://registry.npmjs.org/mdast-util-from-markdown/-/mdast-util-from-markdown-2.0.1.tgz 0ms (cache hit)
191 http cache mdast-util-find-and-replace@https://registry.npmjs.org/mdast-util-find-and-replace/-/mdast-util-find-and-replace-3.0.1.tgz 0ms (cache hit)
192 http cache markdown-table@https://registry.npmjs.org/markdown-table/-/markdown-table-3.0.3.tgz 0ms (cache hit)
193 http cache mdast-util-definitions@https://registry.npmjs.org/mdast-util-definitions/-/mdast-util-definitions-6.0.0.tgz 0ms (cache hit)
194 http cache magic-string@https://registry.npmjs.org/magic-string/-/magic-string-0.30.10.tgz 0ms (cache hit)
195 http cache lru-cache@https://registry.npmjs.org/lru-cache/-/lru-cache-5.1.1.tgz 0ms (cache hit)
196 http cache make-dir@https://registry.npmjs.org/make-dir/-/make-dir-3.1.0.tgz 0ms (cache hit)
197 http cache longest-streak@https://registry.npmjs.org/longest-streak/-/longest-streak-3.1.0.tgz 0ms (cache hit)
198 http cache locate-path@https://registry.npmjs.org/locate-path/-/locate-path-6.0.0.tgz 0ms (cache hit)
199 http cache log-symbols@https://registry.npmjs.org/log-symbols/-/log-symbols-6.0.0.tgz 0ms (cache hit)
200 http cache load-yaml-file@https://registry.npmjs.org/load-yaml-file/-/load-yaml-file-0.2.0.tgz 0ms (cache hit)
201 http cache kleur@https://registry.npmjs.org/kleur/-/kleur-4.1.5.tgz 0ms (cache hit)
202 http cache kind-of@https://registry.npmjs.org/kind-of/-/kind-of-6.0.3.tgz 0ms (cache hit)
203 http cache json5@https://registry.npmjs.org/json5/-/json5-2.2.3.tgz 0ms (cache hit)
204 http cache jsesc@https://registry.npmjs.org/jsesc/-/jsesc-2.5.2.tgz 0ms (cache hit)
205 http cache js-yaml@https://registry.npmjs.org/js-yaml/-/js-yaml-4.1.0.tgz 0ms (cache hit)
206 http cache js-tokens@https://registry.npmjs.org/js-tokens/-/js-tokens-4.0.0.tgz 0ms (cache hit)
207 http cache isexe@https://registry.npmjs.org/isexe/-/isexe-2.0.0.tgz 0ms (cache hit)
208 http cache is-unicode-supported@https://registry.npmjs.org/is-unicode-supported/-/is-unicode-supported-2.0.0.tgz 0ms (cache hit)
209 http cache is-wsl@https://registry.npmjs.org/is-wsl/-/is-wsl-3.1.0.tgz 0ms (cache hit)
210 http cache is-stream@https://registry.npmjs.org/is-stream/-/is-stream-3.0.0.tgz 0ms (cache hit)
211 http cache is-plain-obj@https://registry.npmjs.org/is-plain-obj/-/is-plain-obj-4.1.0.tgz 0ms (cache hit)
212 http cache is-number@https://registry.npmjs.org/is-number/-/is-number-7.0.0.tgz 0ms (cache hit)
213 http cache is-inside-container@https://registry.npmjs.org/is-inside-container/-/is-inside-container-1.0.0.tgz 0ms (cache hit)
214 http cache is-glob@https://registry.npmjs.org/is-glob/-/is-glob-4.0.3.tgz 0ms (cache hit)
215 http cache is-interactive@https://registry.npmjs.org/is-interactive/-/is-interactive-2.0.0.tgz 0ms (cache hit)
216 http cache is-fullwidth-code-point@https://registry.npmjs.org/is-fullwidth-code-point/-/is-fullwidth-code-point-3.0.0.tgz 0ms (cache hit)
217 http cache is-extglob@https://registry.npmjs.org/is-extglob/-/is-extglob-2.1.1.tgz 0ms (cache hit)
218 http cache is-extendable@https://registry.npmjs.org/is-extendable/-/is-extendable-0.1.1.tgz 0ms (cache hit)
219 http cache is-docker@https://registry.npmjs.org/is-docker/-/is-docker-3.0.0.tgz 0ms (cache hit)
220 http cache is-buffer@https://registry.npmjs.org/is-buffer/-/is-buffer-2.0.5.tgz 0ms (cache hit)
221 http cache is-binary-path@https://registry.npmjs.org/is-binary-path/-/is-binary-path-2.1.0.tgz 0ms (cache hit)
222 http cache is-core-module@https://registry.npmjs.org/is-core-module/-/is-core-module-2.13.1.tgz 0ms (cache hit)
223 http cache is-arrayish@https://registry.npmjs.org/is-arrayish/-/is-arrayish-0.3.2.tgz 0ms (cache hit)
224 http cache inherits@https://registry.npmjs.org/inherits/-/inherits-2.0.4.tgz 0ms (cache hit)
225 http cache import-meta-resolve@https://registry.npmjs.org/import-meta-resolve/-/import-meta-resolve-4.1.0.tgz 0ms (cache hit)
226 http cache human-signals@https://registry.npmjs.org/human-signals/-/human-signals-5.0.0.tgz 0ms (cache hit)
227 http cache inflight@https://registry.npmjs.org/inflight/-/inflight-1.0.6.tgz 0ms (cache hit)
228 http cache https-proxy-agent@https://registry.npmjs.org/https-proxy-agent/-/https-proxy-agent-5.0.1.tgz 0ms (cache hit)
229 http cache http-cache-semantics@https://registry.npmjs.org/http-cache-semantics/-/http-cache-semantics-4.1.1.tgz 0ms (cache hit)
230 http cache html-escaper@https://registry.npmjs.org/html-escaper/-/html-escaper-3.0.3.tgz 0ms (cache hit)
231 http cache hastscript@https://registry.npmjs.org/hastscript/-/hastscript-8.0.0.tgz 0ms (cache hit)
232 http cache html-void-elements@https://registry.npmjs.org/html-void-elements/-/html-void-elements-3.0.0.tgz 0ms (cache hit)
233 http cache hast-util-whitespace@https://registry.npmjs.org/hast-util-whitespace/-/hast-util-whitespace-3.0.0.tgz 0ms (cache hit)
234 http cache hast-util-to-text@https://registry.npmjs.org/hast-util-to-text/-/hast-util-to-text-4.0.2.tgz 0ms (cache hit)
235 http cache hast-util-to-parse5@https://registry.npmjs.org/hast-util-to-parse5/-/hast-util-to-parse5-8.0.0.tgz 0ms (cache hit)
236 http cache hast-util-to-html@https://registry.npmjs.org/hast-util-to-html/-/hast-util-to-html-9.0.1.tgz 0ms (cache hit)
237 http cache hast-util-raw@https://registry.npmjs.org/hast-util-raw/-/hast-util-raw-9.0.3.tgz 0ms (cache hit)
238 http cache hast-util-parse-selector@https://registry.npmjs.org/hast-util-parse-selector/-/hast-util-parse-selector-4.0.0.tgz 0ms (cache hit)
239 http cache hast-util-is-element@https://registry.npmjs.org/hast-util-is-element/-/hast-util-is-element-3.0.0.tgz 0ms (cache hit)
240 http cache hast-util-from-html@https://registry.npmjs.org/hast-util-from-html/-/hast-util-from-html-2.0.1.tgz 0ms (cache hit)
241 http cache hasown@https://registry.npmjs.org/hasown/-/hasown-2.0.2.tgz 0ms (cache hit)
242 http cache has-unicode@https://registry.npmjs.org/has-unicode/-/has-unicode-2.0.1.tgz 0ms (cache hit)
243 http cache hast-util-from-parse5@https://registry.npmjs.org/hast-util-from-parse5/-/hast-util-from-parse5-8.0.1.tgz 0ms (cache hit)
244 http cache has-flag@https://registry.npmjs.org/has-flag/-/has-flag-3.0.0.tgz 0ms (cache hit)
245 http cache gray-matter@https://registry.npmjs.org/gray-matter/-/gray-matter-4.0.3.tgz 0ms (cache hit)
246 http cache globals@https://registry.npmjs.org/globals/-/globals-11.12.0.tgz 0ms (cache hit)
247 http cache graceful-fs@https://registry.npmjs.org/graceful-fs/-/graceful-fs-4.2.11.tgz 0ms (cache hit)
248 http cache glob@https://registry.npmjs.org/glob/-/glob-7.2.3.tgz 0ms (cache hit)
249 http cache github-slugger@https://registry.npmjs.org/github-slugger/-/github-slugger-2.0.0.tgz 0ms (cache hit)
250 http cache get-stream@https://registry.npmjs.org/get-stream/-/get-stream-8.0.1.tgz 0ms (cache hit)
251 http cache get-east-asian-width@https://registry.npmjs.org/get-east-asian-width/-/get-east-asian-width-1.2.0.tgz 0ms (cache hit)
252 http cache gensync@https://registry.npmjs.org/gensync/-/gensync-1.0.0-beta.2.tgz 0ms (cache hit)
253 http cache fs.realpath@https://registry.npmjs.org/fs.realpath/-/fs.realpath-1.0.0.tgz 0ms (cache hit)
254 http cache gauge@https://registry.npmjs.org/gauge/-/gauge-3.0.2.tgz 0ms (cache hit)
255 http cache fs-minipass@https://registry.npmjs.org/fs-minipass/-/fs-minipass-2.1.0.tgz 0ms (cache hit)
256 http cache function-bind@https://registry.npmjs.org/function-bind/-/function-bind-1.1.2.tgz 0ms (cache hit)
257 http cache glob-parent@https://registry.npmjs.org/glob-parent/-/glob-parent-5.1.2.tgz 0ms (cache hit)
258 http cache flattie@https://registry.npmjs.org/flattie/-/flattie-1.1.1.tgz 0ms (cache hit)
259 http cache find-yarn-workspace-root2@https://registry.npmjs.org/find-yarn-workspace-root2/-/find-yarn-workspace-root2-1.2.16.tgz 0ms (cache hit)
260 http cache find-up@https://registry.npmjs.org/find-up/-/find-up-5.0.0.tgz 0ms (cache hit)
261 http cache fill-range@https://registry.npmjs.org/fill-range/-/fill-range-7.1.1.tgz 0ms (cache hit)
262 http cache file-uri-to-path@https://registry.npmjs.org/file-uri-to-path/-/file-uri-to-path-1.0.0.tgz 0ms (cache hit)
263 http cache fast-glob@https://registry.npmjs.org/fast-glob/-/fast-glob-3.3.2.tgz 0ms (cache hit)
264 http cache extend-shallow@https://registry.npmjs.org/extend-shallow/-/extend-shallow-2.0.1.tgz 0ms (cache hit)
265 http cache fastq@https://registry.npmjs.org/fastq/-/fastq-1.17.1.tgz 0ms (cache hit)
266 http cache extend@https://registry.npmjs.org/extend/-/extend-3.0.2.tgz 0ms (cache hit)
267 http cache eventemitter3@https://registry.npmjs.org/eventemitter3/-/eventemitter3-5.0.1.tgz 0ms (cache hit)
268 http cache execa@https://registry.npmjs.org/execa/-/execa-8.0.1.tgz 0ms (cache hit)
269 http cache estree-walker@https://registry.npmjs.org/estree-walker/-/estree-walker-2.0.2.tgz 0ms (cache hit)
270 http cache esprima@https://registry.npmjs.org/esprima/-/esprima-4.0.1.tgz 0ms (cache hit)
271 http cache escape-string-regexp@https://registry.npmjs.org/escape-string-regexp/-/escape-string-regexp-1.0.5.tgz 0ms (cache hit)
272 http cache escalade@https://registry.npmjs.org/escalade/-/escalade-3.1.2.tgz 0ms (cache hit)
273 http cache es-module-lexer@https://registry.npmjs.org/es-module-lexer/-/es-module-lexer-1.5.3.tgz 0ms (cache hit)
274 http cache emoji-regex@https://registry.npmjs.org/emoji-regex/-/emoji-regex-10.3.0.tgz 0ms (cache hit)
275 http cache electron-to-chromium@https://registry.npmjs.org/electron-to-chromium/-/electron-to-chromium-1.4.802.tgz 0ms (cache hit)
276 http cache entities@https://registry.npmjs.org/entities/-/entities-4.5.0.tgz 0ms (cache hit)
277 http cache dset@https://registry.npmjs.org/dset/-/dset-3.1.4.tgz 0ms (cache hit)
278 http cache esbuild@https://registry.npmjs.org/esbuild/-/esbuild-0.21.5.tgz 0ms (cache hit)
279 http cache dlv@https://registry.npmjs.org/dlv/-/dlv-1.1.3.tgz 0ms (cache hit)
280 http cache diff@https://registry.npmjs.org/diff/-/diff-5.2.0.tgz 0ms (cache hit)
281 http cache devlop@https://registry.npmjs.org/devlop/-/devlop-1.1.0.tgz 0ms (cache hit)
282 http cache eastasianwidth@https://registry.npmjs.org/eastasianwidth/-/eastasianwidth-0.2.0.tgz 0ms (cache hit)
283 http cache devalue@https://registry.npmjs.org/devalue/-/devalue-5.0.0.tgz 0ms (cache hit)
284 http cache detect-libc@https://registry.npmjs.org/detect-libc/-/detect-libc-2.0.3.tgz 0ms (cache hit)
285 http cache deterministic-object-hash@https://registry.npmjs.org/deterministic-object-hash/-/deterministic-object-hash-2.0.2.tgz 0ms (cache hit)
286 http cache dequal@https://registry.npmjs.org/dequal/-/dequal-2.0.3.tgz 0ms (cache hit)
287 http cache delegates@https://registry.npmjs.org/delegates/-/delegates-1.0.0.tgz 0ms (cache hit)
288 http cache decode-named-character-reference@https://registry.npmjs.org/decode-named-character-reference/-/decode-named-character-reference-1.0.2.tgz 0ms (cache hit)
289 http cache cssesc@https://registry.npmjs.org/cssesc/-/cssesc-3.0.0.tgz 0ms (cache hit)
290 http cache debug@https://registry.npmjs.org/debug/-/debug-4.3.5.tgz 0ms (cache hit)
291 http cache cookie@https://registry.npmjs.org/cookie/-/cookie-0.6.0.tgz 0ms (cache hit)
292 http cache convert-source-map@https://registry.npmjs.org/convert-source-map/-/convert-source-map-2.0.0.tgz 0ms (cache hit)
293 http cache concat-map@https://registry.npmjs.org/concat-map/-/concat-map-0.0.1.tgz 0ms (cache hit)
294 http cache console-control-strings@https://registry.npmjs.org/console-control-strings/-/console-control-strings-1.1.0.tgz 0ms (cache hit)
295 http cache common-ancestor-path@https://registry.npmjs.org/common-ancestor-path/-/common-ancestor-path-1.0.1.tgz 0ms (cache hit)
296 http cache comma-separated-tokens@https://registry.npmjs.org/comma-separated-tokens/-/comma-separated-tokens-2.0.3.tgz 0ms (cache hit)
297 http cache color-support@https://registry.npmjs.org/color-support/-/color-support-1.1.3.tgz 0ms (cache hit)
298 http cache color-string@https://registry.npmjs.org/color-string/-/color-string-1.9.1.tgz 0ms (cache hit)
299 http cache cross-spawn@https://registry.npmjs.org/cross-spawn/-/cross-spawn-7.0.3.tgz 0ms (cache hit)
300 http cache color-name@https://registry.npmjs.org/color-name/-/color-name-1.1.3.tgz 0ms (cache hit)
301 http cache color-convert@https://registry.npmjs.org/color-convert/-/color-convert-1.9.3.tgz 0ms (cache hit)
302 http cache color@https://registry.npmjs.org/color/-/color-4.2.3.tgz 0ms (cache hit)
303 http cache clsx@https://registry.npmjs.org/clsx/-/clsx-2.1.1.tgz 0ms (cache hit)
304 http cache cli-cursor@https://registry.npmjs.org/cli-cursor/-/cli-cursor-4.0.0.tgz 0ms (cache hit)
305 http cache cli-spinners@https://registry.npmjs.org/cli-spinners/-/cli-spinners-2.9.2.tgz 0ms (cache hit)
306 http cache cli-boxes@https://registry.npmjs.org/cli-boxes/-/cli-boxes-3.0.0.tgz 0ms (cache hit)
307 http cache ci-info@https://registry.npmjs.org/ci-info/-/ci-info-4.0.0.tgz 0ms (cache hit)
308 http cache chokidar@https://registry.npmjs.org/chokidar/-/chokidar-3.6.0.tgz 0ms (cache hit)
309 http cache chownr@https://registry.npmjs.org/chownr/-/chownr-2.0.0.tgz 0ms (cache hit)
310 http cache character-entities-legacy@https://registry.npmjs.org/character-entities-legacy/-/character-entities-legacy-3.0.0.tgz 0ms (cache hit)
311 http cache character-entities-html4@https://registry.npmjs.org/character-entities-html4/-/character-entities-html4-2.1.0.tgz 0ms (cache hit)
312 http cache character-entities@https://registry.npmjs.org/character-entities/-/character-entities-2.0.2.tgz 0ms (cache hit)
313 http cache caniuse-lite@https://registry.npmjs.org/caniuse-lite/-/caniuse-lite-1.0.30001633.tgz 0ms (cache hit)
314 http cache chalk@https://registry.npmjs.org/chalk/-/chalk-2.4.2.tgz 0ms (cache hit)
315 http cache browserslist@https://registry.npmjs.org/browserslist/-/browserslist-4.23.1.tgz 0ms (cache hit)
316 http cache camelcase@https://registry.npmjs.org/camelcase/-/camelcase-7.0.1.tgz 0ms (cache hit)
317 http cache ccount@https://registry.npmjs.org/ccount/-/ccount-2.0.1.tgz 0ms (cache hit)
318 http cache braces@https://registry.npmjs.org/braces/-/braces-3.0.3.tgz 0ms (cache hit)
319 http cache brace-expansion@https://registry.npmjs.org/brace-expansion/-/brace-expansion-1.1.11.tgz 0ms (cache hit)
320 http cache bindings@https://registry.npmjs.org/bindings/-/bindings-1.5.0.tgz 0ms (cache hit)
321 http cache boxen@https://registry.npmjs.org/boxen/-/boxen-7.1.1.tgz 0ms (cache hit)
322 http cache binary-extensions@https://registry.npmjs.org/binary-extensions/-/binary-extensions-2.3.0.tgz 0ms (cache hit)
323 http cache base-64@https://registry.npmjs.org/base-64/-/base-64-1.0.0.tgz 0ms (cache hit)
324 http cache balanced-match@https://registry.npmjs.org/balanced-match/-/balanced-match-1.0.2.tgz 0ms (cache hit)
325 http cache bail@https://registry.npmjs.org/bail/-/bail-2.0.2.tgz 0ms (cache hit)
326 http cache async-sema@https://registry.npmjs.org/async-sema/-/async-sema-3.1.1.tgz 0ms (cache hit)
327 http cache axobject-query@https://registry.npmjs.org/axobject-query/-/axobject-query-4.0.0.tgz 0ms (cache hit)
328 http cache array-iterate@https://registry.npmjs.org/array-iterate/-/array-iterate-2.0.1.tgz 0ms (cache hit)
329 http cache argparse@https://registry.npmjs.org/argparse/-/argparse-2.0.1.tgz 0ms (cache hit)
330 http cache aria-query@https://registry.npmjs.org/aria-query/-/aria-query-5.3.0.tgz 0ms (cache hit)
331 http cache are-we-there-yet@https://registry.npmjs.org/are-we-there-yet/-/are-we-there-yet-2.0.0.tgz 0ms (cache hit)
332 http cache aproba@https://registry.npmjs.org/aproba/-/aproba-2.0.0.tgz 0ms (cache hit)
333 http cache ansi-styles@https://registry.npmjs.org/ansi-styles/-/ansi-styles-3.2.1.tgz 0ms (cache hit)
334 http cache anymatch@https://registry.npmjs.org/anymatch/-/anymatch-3.1.3.tgz 0ms (cache hit)
335 http cache ansi-align@https://registry.npmjs.org/ansi-align/-/ansi-align-3.0.1.tgz 0ms (cache hit)
336 http cache agent-base@https://registry.npmjs.org/agent-base/-/agent-base-6.0.2.tgz 0ms (cache hit)
337 http cache ansi-regex@https://registry.npmjs.org/ansi-regex/-/ansi-regex-6.0.1.tgz 0ms (cache hit)
338 http cache acorn-import-attributes@https://registry.npmjs.org/acorn-import-attributes/-/acorn-import-attributes-1.9.5.tgz 0ms (cache hit)
339 http cache acorn@https://registry.npmjs.org/acorn/-/acorn-8.11.3.tgz 0ms (cache hit)
340 http cache abbrev@https://registry.npmjs.org/abbrev/-/abbrev-1.1.1.tgz 0ms (cache hit)
341 http cache @vercel/nft@https://registry.npmjs.org/@vercel/nft/-/nft-0.27.4.tgz 0ms (cache hit)
342 http cache @vercel/edge@https://registry.npmjs.org/@vercel/edge/-/edge-1.1.2.tgz 0ms (cache hit)
343 http cache @ungap/structured-clone@https://registry.npmjs.org/@ungap/structured-clone/-/structured-clone-1.2.0.tgz 0ms (cache hit)
344 http cache @vercel/analytics@https://registry.npmjs.org/@vercel/analytics/-/analytics-1.3.1.tgz 0ms (cache hit)
345 http cache @types/unist@https://registry.npmjs.org/@types/unist/-/unist-3.0.2.tgz 0ms (cache hit)
346 http cache @types/nlcst@https://registry.npmjs.org/@types/nlcst/-/nlcst-1.0.4.tgz 0ms (cache hit)
347 http cache @types/ms@https://registry.npmjs.org/@types/ms/-/ms-0.7.34.tgz 0ms (cache hit)
348 http cache @types/mdast@https://registry.npmjs.org/@types/mdast/-/mdast-4.0.4.tgz 0ms (cache hit)
349 http cache @types/estree@https://registry.npmjs.org/@types/estree/-/estree-1.0.6.tgz 0ms (cache hit)
350 http cache @types/hast@https://registry.npmjs.org/@types/hast/-/hast-3.0.4.tgz 0ms (cache hit)
351 http cache @types/debug@https://registry.npmjs.org/@types/debug/-/debug-4.1.12.tgz 0ms (cache hit)
352 http cache @types/babel__traverse@https://registry.npmjs.org/@types/babel__traverse/-/babel__traverse-7.20.6.tgz 0ms (cache hit)
353 http cache @types/babel__generator@https://registry.npmjs.org/@types/babel__generator/-/babel__generator-7.6.8.tgz 0ms (cache hit)
354 http cache @splidejs/splide@https://registry.npmjs.org/@splidejs/splide/-/splide-4.1.4.tgz 0ms (cache hit)
355 http cache @types/babel__template@https://registry.npmjs.org/@types/babel__template/-/babel__template-7.4.4.tgz 0ms (cache hit)
356 http cache @types/cookie@https://registry.npmjs.org/@types/cookie/-/cookie-0.6.0.tgz 0ms (cache hit)
357 http cache @types/babel__core@https://registry.npmjs.org/@types/babel__core/-/babel__core-7.20.5.tgz 0ms (cache hit)
358 http cache @nodelib/fs.walk@https://registry.npmjs.org/@nodelib/fs.walk/-/fs.walk-1.2.8.tgz 0ms (cache hit)
359 http cache @shikijs/core@https://registry.npmjs.org/@shikijs/core/-/core-1.6.4.tgz 0ms (cache hit)
360 http cache @rollup/pluginutils@https://registry.npmjs.org/@rollup/pluginutils/-/pluginutils-4.2.1.tgz 0ms (cache hit)
361 http cache @rollup/rollup-win32-x64-msvc@https://registry.npmjs.org/@rollup/rollup-win32-x64-msvc/-/rollup-win32-x64-msvc-4.24.0.tgz 0ms (cache hit)
362 http cache @nodelib/fs.stat@https://registry.npmjs.org/@nodelib/fs.stat/-/fs.stat-2.0.5.tgz 0ms (cache hit)
363 http cache @mapbox/node-pre-gyp@https://registry.npmjs.org/@mapbox/node-pre-gyp/-/node-pre-gyp-1.0.11.tgz 0ms (cache hit)
364 http cache @jridgewell/trace-mapping@https://registry.npmjs.org/@jridgewell/trace-mapping/-/trace-mapping-0.3.25.tgz 0ms (cache hit)
365 http cache @jridgewell/resolve-uri@https://registry.npmjs.org/@jridgewell/resolve-uri/-/resolve-uri-3.1.2.tgz 0ms (cache hit)
366 http cache @nodelib/fs.scandir@https://registry.npmjs.org/@nodelib/fs.scandir/-/fs.scandir-2.1.5.tgz 0ms (cache hit)
367 http cache @jridgewell/set-array@https://registry.npmjs.org/@jridgewell/set-array/-/set-array-1.2.1.tgz 0ms (cache hit)
368 http cache @jridgewell/sourcemap-codec@https://registry.npmjs.org/@jridgewell/sourcemap-codec/-/sourcemap-codec-1.4.15.tgz 0ms (cache hit)
369 http cache @jridgewell/gen-mapping@https://registry.npmjs.org/@jridgewell/gen-mapping/-/gen-mapping-0.3.5.tgz 0ms (cache hit)
370 http cache @babel/types@https://registry.npmjs.org/@babel/types/-/types-7.24.7.tgz 0ms (cache hit)
371 http cache @img/sharp-win32-x64@https://registry.npmjs.org/@img/sharp-win32-x64/-/sharp-win32-x64-0.33.4.tgz 0ms (cache hit)
372 http cache @esbuild/win32-x64@https://registry.npmjs.org/@esbuild/win32-x64/-/win32-x64-0.21.5.tgz 0ms (cache hit)
373 http cache @babel/template@https://registry.npmjs.org/@babel/template/-/template-7.24.7.tgz 0ms (cache hit)
374 http cache @babel/traverse@https://registry.npmjs.org/@babel/traverse/-/traverse-7.24.7.tgz 0ms (cache hit)
375 http cache @babel/plugin-transform-react-jsx@https://registry.npmjs.org/@babel/plugin-transform-react-jsx/-/plugin-transform-react-jsx-7.24.7.tgz 0ms (cache hit)
376 http cache @babel/parser@https://registry.npmjs.org/@babel/parser/-/parser-7.24.7.tgz 0ms (cache hit)
377 http cache @babel/plugin-syntax-jsx@https://registry.npmjs.org/@babel/plugin-syntax-jsx/-/plugin-syntax-jsx-7.24.7.tgz 0ms (cache hit)
378 http cache @babel/helpers@https://registry.npmjs.org/@babel/helpers/-/helpers-7.24.7.tgz 0ms (cache hit)
379 http cache @babel/highlight@https://registry.npmjs.org/@babel/highlight/-/highlight-7.24.7.tgz 0ms (cache hit)
380 http cache @babel/helper-validator-identifier@https://registry.npmjs.org/@babel/helper-validator-identifier/-/helper-validator-identifier-7.24.7.tgz 0ms (cache hit)
381 http cache @babel/helper-string-parser@https://registry.npmjs.org/@babel/helper-string-parser/-/helper-string-parser-7.24.7.tgz 0ms (cache hit)
382 http cache @babel/helper-split-export-declaration@https://registry.npmjs.org/@babel/helper-split-export-declaration/-/helper-split-export-declaration-7.24.7.tgz 0ms (cache hit)
383 http cache @babel/helper-validator-option@https://registry.npmjs.org/@babel/helper-validator-option/-/helper-validator-option-7.24.7.tgz 0ms (cache hit)
384 http cache @babel/helper-simple-access@https://registry.npmjs.org/@babel/helper-simple-access/-/helper-simple-access-7.24.7.tgz 0ms (cache hit)
385 http cache @babel/helper-plugin-utils@https://registry.npmjs.org/@babel/helper-plugin-utils/-/helper-plugin-utils-7.24.7.tgz 0ms (cache hit)
386 http cache @babel/helper-module-transforms@https://registry.npmjs.org/@babel/helper-module-transforms/-/helper-module-transforms-7.24.7.tgz 0ms (cache hit)
387 http cache @babel/helper-hoist-variables@https://registry.npmjs.org/@babel/helper-hoist-variables/-/helper-hoist-variables-7.24.7.tgz 0ms (cache hit)
388 http cache @babel/helper-function-name@https://registry.npmjs.org/@babel/helper-function-name/-/helper-function-name-7.24.7.tgz 0ms (cache hit)
389 http cache @babel/helper-environment-visitor@https://registry.npmjs.org/@babel/helper-environment-visitor/-/helper-environment-visitor-7.24.7.tgz 0ms (cache hit)
390 http cache @babel/helper-compilation-targets@https://registry.npmjs.org/@babel/helper-compilation-targets/-/helper-compilation-targets-7.24.7.tgz 0ms (cache hit)
391 http cache @babel/helper-annotate-as-pure@https://registry.npmjs.org/@babel/helper-annotate-as-pure/-/helper-annotate-as-pure-7.24.7.tgz 0ms (cache hit)
392 http cache @babel/generator@https://registry.npmjs.org/@babel/generator/-/generator-7.24.7.tgz 0ms (cache hit)
393 http cache @babel/helper-module-imports@https://registry.npmjs.org/@babel/helper-module-imports/-/helper-module-imports-7.24.7.tgz 0ms (cache hit)
394 http cache @astrojs/telemetry@https://registry.npmjs.org/@astrojs/telemetry/-/telemetry-3.1.0.tgz 0ms (cache hit)
395 http cache @babel/core@https://registry.npmjs.org/@babel/core/-/core-7.24.7.tgz 0ms (cache hit)
396 http cache @babel/compat-data@https://registry.npmjs.org/@babel/compat-data/-/compat-data-7.24.7.tgz 0ms (cache hit)
397 http cache @astrojs/vercel@https://registry.npmjs.org/@astrojs/vercel/-/vercel-7.8.1.tgz 0ms (cache hit)
398 http cache @astrojs/prism@https://registry.npmjs.org/@astrojs/prism/-/prism-3.1.0.tgz 0ms (cache hit)
399 http cache @astrojs/markdown-remark@https://registry.npmjs.org/@astrojs/markdown-remark/-/markdown-remark-5.1.0.tgz 0ms (cache hit)
400 http cache @babel/code-frame@https://registry.npmjs.org/@babel/code-frame/-/code-frame-7.24.7.tgz 0ms (cache hit)
401 http cache @astrojs/internal-helpers@https://registry.npmjs.org/@astrojs/internal-helpers/-/internal-helpers-0.4.0.tgz 0ms (cache hit)
402 http cache @astrojs/compiler@https://registry.npmjs.org/@astrojs/compiler/-/compiler-2.8.0.tgz 0ms (cache hit)
403 http cache @ampproject/remapping@https://registry.npmjs.org/@ampproject/remapping/-/remapping-2.3.0.tgz 0ms (cache hit)
404 http cache string-width@https://registry.npmjs.org/string-width/-/string-width-5.1.2.tgz 0ms (cache hit)
405 http cache string-width@https://registry.npmjs.org/string-width/-/string-width-5.1.2.tgz 0ms (cache hit)
406 http cache astro@https://registry.npmjs.org/astro/-/astro-4.10.2.tgz 0ms (cache hit)
407 http cache emoji-regex@https://registry.npmjs.org/emoji-regex/-/emoji-regex-9.2.2.tgz 0ms (cache hit)
408 http cache emoji-regex@https://registry.npmjs.org/emoji-regex/-/emoji-regex-9.2.2.tgz 0ms (cache hit)
409 http cache ansi-styles@https://registry.npmjs.org/ansi-styles/-/ansi-styles-6.2.1.tgz 0ms (cache hit)
410 http cache string-width@https://registry.npmjs.org/string-width/-/string-width-4.2.3.tgz 0ms (cache hit)
411 http cache strip-ansi@https://registry.npmjs.org/strip-ansi/-/strip-ansi-6.0.1.tgz 0ms (cache hit)
412 http cache emoji-regex@https://registry.npmjs.org/emoji-regex/-/emoji-regex-8.0.0.tgz 0ms (cache hit)
413 http cache @types/unist@https://registry.npmjs.org/@types/unist/-/unist-2.0.10.tgz 0ms (cache hit)
414 http cache ansi-regex@https://registry.npmjs.org/ansi-regex/-/ansi-regex-5.0.1.tgz 0ms (cache hit)
415 http cache yallist@https://registry.npmjs.org/yallist/-/yallist-4.0.0.tgz 0ms (cache hit)
416 http cache @types/unist@https://registry.npmjs.org/@types/unist/-/unist-2.0.10.tgz 0ms (cache hit)
417 http cache vfile-message@https://registry.npmjs.org/vfile-message/-/vfile-message-3.1.4.tgz 0ms (cache hit)
418 http cache vfile@https://registry.npmjs.org/vfile/-/vfile-5.3.7.tgz 0ms (cache hit)
419 http cache @types/unist@https://registry.npmjs.org/@types/unist/-/unist-2.0.10.tgz 0ms (cache hit)
420 http cache unified@https://registry.npmjs.org/unified/-/unified-10.1.2.tgz 0ms (cache hit)
421 http cache vfile-message@https://registry.npmjs.org/vfile-message/-/vfile-message-3.1.4.tgz 0ms (cache hit)
422 http cache unist-util-stringify-position@https://registry.npmjs.org/unist-util-stringify-position/-/unist-util-stringify-position-3.0.3.tgz 0ms (cache hit)
423 http cache vfile@https://registry.npmjs.org/vfile/-/vfile-5.3.7.tgz 0ms (cache hit)
424 http cache unist-util-visit-parents@https://registry.npmjs.org/unist-util-visit-parents/-/unist-util-visit-parents-5.1.3.tgz 0ms (cache hit)
425 http cache unist-util-stringify-position@https://registry.npmjs.org/unist-util-stringify-position/-/unist-util-stringify-position-3.0.3.tgz 0ms (cache hit)
426 http cache unist-util-visit@https://registry.npmjs.org/unist-util-visit/-/unist-util-visit-4.1.2.tgz 0ms (cache hit)
427 http cache unist-util-is@https://registry.npmjs.org/unist-util-is/-/unist-util-is-5.2.1.tgz 0ms (cache hit)
428 http cache vfile-message@https://registry.npmjs.org/vfile-message/-/vfile-message-3.1.4.tgz 0ms (cache hit)
429 http cache unified@https://registry.npmjs.org/unified/-/unified-10.1.2.tgz 0ms (cache hit)
430 http cache @types/unist@https://registry.npmjs.org/@types/unist/-/unist-2.0.10.tgz 0ms (cache hit)
431 http cache vfile-message@https://registry.npmjs.org/vfile-message/-/vfile-message-3.1.4.tgz 0ms (cache hit)
432 http cache vfile@https://registry.npmjs.org/vfile/-/vfile-5.3.7.tgz 0ms (cache hit)
433 http cache vfile@https://registry.npmjs.org/vfile/-/vfile-5.3.7.tgz 0ms (cache hit)
434 http cache unist-util-stringify-position@https://registry.npmjs.org/unist-util-stringify-position/-/unist-util-stringify-position-3.0.3.tgz 0ms (cache hit)
435 http cache unified@https://registry.npmjs.org/unified/-/unified-10.1.2.tgz 0ms (cache hit)
436 http cache unist-util-stringify-position@https://registry.npmjs.org/unist-util-stringify-position/-/unist-util-stringify-position-3.0.3.tgz 0ms (cache hit)
437 http cache @types/unist@https://registry.npmjs.org/@types/unist/-/unist-2.0.10.tgz 0ms (cache hit)
438 http cache signal-exit@https://registry.npmjs.org/signal-exit/-/signal-exit-3.0.7.tgz 0ms (cache hit)
439 http cache unified@https://registry.npmjs.org/unified/-/unified-10.1.2.tgz 0ms (cache hit)
440 http cache mimic-fn@https://registry.npmjs.org/mimic-fn/-/mimic-fn-2.1.0.tgz 0ms (cache hit)
441 http cache @types/unist@https://registry.npmjs.org/@types/unist/-/unist-2.0.10.tgz 0ms (cache hit)
442 http cache kleur@https://registry.npmjs.org/kleur/-/kleur-3.0.3.tgz 0ms (cache hit)
443 http cache onetime@https://registry.npmjs.org/onetime/-/onetime-5.1.2.tgz 0ms (cache hit)
444 http cache yocto-queue@https://registry.npmjs.org/yocto-queue/-/yocto-queue-0.1.0.tgz 0ms (cache hit)
445 http cache which-pm@https://registry.npmjs.org/which-pm/-/which-pm-2.0.0.tgz 0ms (cache hit)
446 http cache p-limit@https://registry.npmjs.org/p-limit/-/p-limit-2.3.0.tgz 0ms (cache hit)
447 http cache locate-path@https://registry.npmjs.org/locate-path/-/locate-path-5.0.0.tgz 0ms (cache hit)
448 http cache find-up@https://registry.npmjs.org/find-up/-/find-up-4.1.0.tgz 0ms (cache hit)
449 http cache p-locate@https://registry.npmjs.org/p-locate/-/p-locate-4.1.0.tgz 0ms (cache hit)
450 http cache chalk@https://registry.npmjs.org/chalk/-/chalk-5.3.0.tgz 0ms (cache hit)
451 http cache p-limit@https://registry.npmjs.org/p-limit/-/p-limit-3.1.0.tgz 0ms (cache hit)
452 http cache path-key@https://registry.npmjs.org/path-key/-/path-key-4.0.0.tgz 0ms (cache hit)
453 http cache minipass@https://registry.npmjs.org/minipass/-/minipass-3.3.6.tgz 0ms (cache hit)
454 http cache escape-string-regexp@https://registry.npmjs.org/escape-string-regexp/-/escape-string-regexp-5.0.0.tgz 0ms (cache hit)
455 http cache semver@https://registry.npmjs.org/semver/-/semver-6.3.1.tgz 0ms (cache hit)
456 http cache yallist@https://registry.npmjs.org/yallist/-/yallist-4.0.0.tgz 0ms (cache hit)
457 http cache is-unicode-supported@https://registry.npmjs.org/is-unicode-supported/-/is-unicode-supported-1.3.0.tgz 0ms (cache hit)
458 http cache chalk@https://registry.npmjs.org/chalk/-/chalk-5.3.0.tgz 0ms (cache hit)
459 http cache js-yaml@https://registry.npmjs.org/js-yaml/-/js-yaml-3.14.1.tgz 0ms (cache hit)
460 http cache argparse@https://registry.npmjs.org/argparse/-/argparse-1.0.10.tgz 0ms (cache hit)
461 http cache js-yaml@https://registry.npmjs.org/js-yaml/-/js-yaml-3.14.1.tgz 0ms (cache hit)
462 http cache argparse@https://registry.npmjs.org/argparse/-/argparse-1.0.10.tgz 0ms (cache hit)
463 http cache strip-ansi@https://registry.npmjs.org/strip-ansi/-/strip-ansi-6.0.1.tgz 0ms (cache hit)
464 http cache string-width@https://registry.npmjs.org/string-width/-/string-width-4.2.3.tgz 0ms (cache hit)
465 http cache signal-exit@https://registry.npmjs.org/signal-exit/-/signal-exit-3.0.7.tgz 0ms (cache hit)
466 http cache minipass@https://registry.npmjs.org/minipass/-/minipass-3.3.6.tgz 0ms (cache hit)
467 http cache emoji-regex@https://registry.npmjs.org/emoji-regex/-/emoji-regex-8.0.0.tgz 0ms (cache hit)
468 http cache ansi-regex@https://registry.npmjs.org/ansi-regex/-/ansi-regex-5.0.1.tgz 0ms (cache hit)
469 http cache yallist@https://registry.npmjs.org/yallist/-/yallist-4.0.0.tgz 0ms (cache hit)
470 http cache color-name@https://registry.npmjs.org/color-name/-/color-name-1.1.4.tgz 0ms (cache hit)
471 http cache color-convert@https://registry.npmjs.org/color-convert/-/color-convert-2.0.1.tgz 0ms (cache hit)
472 http cache strip-ansi@https://registry.npmjs.org/strip-ansi/-/strip-ansi-6.0.1.tgz 0ms (cache hit)
473 http cache string-width@https://registry.npmjs.org/string-width/-/string-width-5.1.2.tgz 0ms (cache hit)
474 http cache string-width@https://registry.npmjs.org/string-width/-/string-width-4.2.3.tgz 0ms (cache hit)
475 http cache emoji-regex@https://registry.npmjs.org/emoji-regex/-/emoji-regex-9.2.2.tgz 0ms (cache hit)
476 http cache chalk@https://registry.npmjs.org/chalk/-/chalk-5.3.0.tgz 0ms (cache hit)
477 http cache emoji-regex@https://registry.npmjs.org/emoji-regex/-/emoji-regex-8.0.0.tgz 0ms (cache hit)
478 http cache @types/unist@https://registry.npmjs.org/@types/unist/-/unist-2.0.10.tgz 0ms (cache hit)
479 http cache semver@https://registry.npmjs.org/semver/-/semver-6.3.1.tgz 0ms (cache hit)
480 http cache ansi-regex@https://registry.npmjs.org/ansi-regex/-/ansi-regex-5.0.1.tgz 0ms (cache hit)
481 http cache semver@https://registry.npmjs.org/semver/-/semver-6.3.1.tgz 0ms (cache hit)
482 http cache estree-walker@https://registry.npmjs.org/estree-walker/-/estree-walker-3.0.3.tgz 0ms (cache hit)
483 http cache @astrojs/internal-helpers@https://registry.npmjs.org/@astrojs/internal-helpers/-/internal-helpers-0.4.1.tgz 0ms (cache hit)
484 warn deprecated inflight@1.0.6: This module is not supported, and leaks memory. Do not use it. Check out lru-cache if you want a good and tested way to coalesce async requests by a key value, which is much more comprehensive and powerful.
485 warn deprecated npmlog@5.0.1: This package is no longer supported.
486 warn deprecated rimraf@3.0.2: Rimraf versions prior to v4 are no longer supported
487 warn deprecated glob@7.2.3: Glob versions prior to v9 are no longer supported
488 warn deprecated are-we-there-yet@2.0.0: This package is no longer supported.
489 warn deprecated gauge@3.0.2: This package is no longer supported.
490 http fetch POST 200 https://registry.npmjs.org/-/npm/v1/security/advisories/bulk 3019ms
491 silly audit report {
491 silly audit report   '@astrojs/vercel': [
491 silly audit report     {
491 silly audit report       id: 1115428,
491 silly audit report       url: 'https://github.com/advisories/GHSA-mr6q-rp88-fx84',
491 silly audit report       title: 'Astro: Unauthenticated Path Override via `x-astro-path` / `x_astro_path`',
491 silly audit report       severity: 'moderate',
491 silly audit report       vulnerable_versions: '<10.0.2',
491 silly audit report       cwe: [Array],
491 silly audit report       cvss: [Object]
491 silly audit report     }
491 silly audit report   ],
491 silly audit report   '@babel/helpers': [
491 silly audit report     {
491 silly audit report       id: 1104001,
491 silly audit report       url: 'https://github.com/advisories/GHSA-968p-4wvh-cqc8',
491 silly audit report       title: 'Babel has inefficient RegExp complexity in generated code with .replace when transpiling named capturing groups',
491 silly audit report       severity: 'moderate',
491 silly audit report       vulnerable_versions: '<7.26.10',
491 silly audit report       cwe: [Array],
491 silly audit report       cvss: [Object]
491 silly audit report     }
491 silly audit report   ],
491 silly audit report   astro: [
491 silly audit report     {
491 silly audit report       id: 1111022,
491 silly audit report       url: 'https://github.com/advisories/GHSA-m85w-3h95-hcf9',
491 silly audit report       title: "DOM Clobbering Gadget found in astro's client-side router that leads to XSS",
491 silly audit report       severity: 'moderate',
491 silly audit report       vulnerable_versions: '>=3.0.0 <4.16.1',
491 silly audit report       cwe: [Array],
491 silly audit report       cvss: [Object]
491 silly audit report     },
491 silly audit report     {
491 silly audit report       id: 1111018,
491 silly audit report       url: 'https://github.com/advisories/GHSA-49w6-73cw-chjr',
491 silly audit report       title: "Astro's server source code is exposed to the public if sourcemaps are enabled",
491 silly audit report       severity: 'high',
491 silly audit report       vulnerable_versions: '<=4.16.17',
491 silly audit report       cwe: [Array],
491 silly audit report       cvss: [Object]
491 silly audit report     },
491 silly audit report     {
491 silly audit report       id: 1111019,
491 silly audit report       url: 'https://github.com/advisories/GHSA-c4pw-33h3-35xw',
491 silly audit report       title: 'Atro CSRF Middleware Bypass (security.checkOrigin)',
491 silly audit report       severity: 'moderate',
491 silly audit report       vulnerable_versions: '<4.16.17',
491 silly audit report       cwe: [Array],
491 silly audit report       cvss: [Object]
491 silly audit report     },
491 silly audit report     {
491 silly audit report       id: 1111023,
491 silly audit report       url: 'https://github.com/advisories/GHSA-xf8x-j4p2-f749',
491 silly audit report       title: 'Astro allows unauthorized third-party images in _image endpoint',
491 silly audit report       severity: 'moderate',
491 silly audit report       vulnerable_versions: '<=4.16.18',
491 silly audit report       cwe: [Array],
491 silly audit report       cvss: [Object]
491 silly audit report     },
491 silly audit report     {
491 silly audit report       id: 1111026,
491 silly audit report       url: 'https://github.com/advisories/GHSA-fvmw-cj7j-j39q',
491 silly audit report       title: 'Astro Cloudflare adapter has Stored Cross-site Scripting vulnerability in /_image endpoint',
491 silly audit report       severity: 'moderate',
491 silly audit report       vulnerable_versions: '<5.15.9',
491 silly audit report       cwe: [Array],
491 silly audit report       cvss: [Object]
491 silly audit report     },
491 silly audit report     {
491 silly audit report       id: 1111027,
491 silly audit report       url: 'https://github.com/advisories/GHSA-ggxq-hp9w-j794',
491 silly audit report       title: "Astro's middleware authentication checks based on url.pathname can be bypassed via url encoded values",
491 silly audit report       severity: 'moderate',
491 silly audit report       vulnerable_versions: '<5.15.8',
491 silly audit report       cwe: [Array],
491 silly audit report       cvss: [Object]
491 silly audit report     },
491 silly audit report     {
491 silly audit report       id: 1111294,
491 silly audit report       url: 'https://github.com/advisories/GHSA-whqg-ppgf-wp8c',
491 silly audit report       title: 'Astro has an Authentication Bypass via Double URL Encoding, a bypass for CVE-2025-64765',
491 silly audit report       severity: 'moderate',
491 silly audit report       vulnerable_versions: '<5.15.8',
491 silly audit report       cwe: [Array],
491 silly audit report       cvss: [Object]
491 silly audit report     },
491 silly audit report     {
491 silly audit report       id: 1118920,
491 silly audit report       url: 'https://github.com/advisories/GHSA-xr5h-phrj-8vxv',
491 silly audit report       title: 'Astro: Server island encrypted parameters vulnerable to cross-component replay',
491 silly audit report       severity: 'low',
491 silly audit report       vulnerable_versions: '<6.1.10',
491 silly audit report       cwe: [Array],
491 silly audit report       cvss: [Object]
491 silly audit report     },
491 silly audit report     {
491 silly audit report       id: 1108906,
491 silly audit report       url: 'https://github.com/advisories/GHSA-5ff5-9fcw-vg88',
491 silly audit report       title: "Astro's `X-Forwarded-Host` is reflected without validation",
491 silly audit report       severity: 'moderate',
491 silly audit report       vulnerable_versions: '<5.14.3',
491 silly audit report       cwe: [Array],
491 silly audit report       cvss: [Object]
491 silly audit report     },
491 silly audit report     {
491 silly audit report       id: 1109738,
491 silly audit report       url: 'https://github.com/advisories/GHSA-hr2q-hp5q-x767',
491 silly audit report       title: 'Astro vulnerable to URL manipulation via headers, leading to middleware and CVE-2025-61925 bypass',
491 silly audit report       severity: 'moderate',
491 silly audit report       vulnerable_versions: '>=2.16.0 <5.15.5',
491 silly audit report       cwe: [Array],
491 silly audit report       cvss: [Object]
491 silly audit report     },
491 silly audit report     {
491 silly audit report       id: 1109850,
491 silly audit report       url: 'https://github.com/advisories/GHSA-wrwg-2hg8-v723',
491 silly audit report       title: 'Astro vulnerable to reflected XSS via the server islands feature',
491 silly audit report       severity: 'high',
491 silly audit report       vulnerable_versions: '<=5.15.6',
491 silly audit report       cwe: [Array],
491 silly audit report       cvss: [Object]
491 silly audit report     },
491 silly audit report     {
491 silly audit report       id: 1109851,
491 silly audit report       url: 'https://github.com/advisories/GHSA-x3h8-62x9-952g',
491 silly audit report       title: 'Astro Development Server has Arbitrary Local File Read',
491 silly audit report       severity: 'low',
491 silly audit report       vulnerable_versions: '<5.14.3',
491 silly audit report       cwe: [Array],
491 silly audit report       cvss: [Object]
491 silly audit report     },
491 silly audit report     {
491 silly audit report       id: 1115427,
491 silly audit report       url: 'https://github.com/advisories/GHSA-g735-7g2w-hh3f',
491 silly audit report       title: 'Astro: Remote allowlist bypass via unanchored matchPathname wildcard',
491 silly audit report       severity: 'low',
491 silly audit report       vulnerable_versions: '>=2.10.10 <5.18.1',
491 silly audit report       cwe: [Array],
491 silly audit report       cvss: [Object]
491 silly audit report     },
491 silly audit report     {
491 silly audit report       id: 1117141,
491 silly audit report       url: 'https://github.com/advisories/GHSA-j687-52p2-xcff',
491 silly audit report       title: 'Astro: XSS in define:vars via incomplete </script> tag sanitization',
491 silly audit report       severity: 'moderate',
491 silly audit report       vulnerable_versions: '<6.1.6',
491 silly audit report       cwe: [Array],
491 silly audit report       cvss: [Object]
491 silly audit report     }
491 silly audit report   ],
491 silly audit report   'brace-expansion': [
491 silly audit report     {
491 silly audit report       id: 1105443,
491 silly audit report       url: 'https://github.com/advisories/GHSA-v6h2-p8h4-qcjw',
491 silly audit report       title: 'brace-expansion Regular Expression Denial of Service vulnerability',
491 silly audit report       severity: 'low',
491 silly audit report       vulnerable_versions: '>=1.0.0 <=1.1.11',
491 silly audit report       cwe: [Array],
491 silly audit report       cvss: [Object]
491 silly audit report     },
491 silly audit report     {
491 silly audit report       id: 1115540,
491 silly audit report       url: 'https://github.com/advisories/GHSA-f886-m6hf-6m8v',
491 silly audit report       title: 'brace-expansion: Zero-step sequence causes process hang and memory exhaustion',
491 silly audit report       severity: 'moderate',
491 silly audit report       vulnerable_versions: '<1.1.13',
491 silly audit report       cwe: [Array],
491 silly audit report       cvss: [Object]
491 silly audit report     }
491 silly audit report   ],
491 silly audit report   cookie: [
491 silly audit report     {
491 silly audit report       id: 1103907,
491 silly audit report       url: 'https://github.com/advisories/GHSA-pxg6-pf52-xh8x',
491 silly audit report       title: 'cookie accepts cookie name, path, and domain with out of bounds characters',
491 silly audit report       severity: 'low',
491 silly audit report       vulnerable_versions: '<0.7.0',
491 silly audit report       cwe: [Array],
491 silly audit report       cvss: [Object]
491 silly audit report     }
491 silly audit report   ],
491 silly audit report   'cross-spawn': [
491 silly audit report     {
491 silly audit report       id: 1104664,
491 silly audit report       url: 'https://github.com/advisories/GHSA-3xgq-45jj-v275',
491 silly audit report       title: 'Regular Expression Denial of Service (ReDoS) in cross-spawn',
491 silly audit report       severity: 'high',
491 silly audit report       vulnerable_versions: '>=7.0.0 <7.0.5',
491 silly audit report       cwe: [Array],
491 silly audit report       cvss: [Object]
491 silly audit report     }
491 silly audit report   ],
491 silly audit report   devalue: [
491 silly audit report     {
491 silly audit report       id: 1106997,
491 silly audit report       url: 'https://github.com/advisories/GHSA-vj54-72f3-p5jv',
491 silly audit report       title: 'devalue prototype pollution vulnerability',
491 silly audit report       severity: 'high',
491 silly audit report       vulnerable_versions: '<5.3.2',
491 silly audit report       cwe: [Array],
491 silly audit report       cvss: [Object]
491 silly audit report     },
491 silly audit report     {
491 silly audit report       id: 1119003,
491 silly audit report       url: 'https://github.com/advisories/GHSA-mwv9-gp5h-frr4',
491 silly audit report       title: "Sveltejs devalue's `devalue.parse` and `devalue.unflatten` emit objects with `__proto__` own properties",
491 silly audit report       severity: 'low',
491 silly audit report       vulnerable_versions: '>=4.0.0 <5.6.4',
491 silly audit report       cwe: [Array],
491 silly audit report       cvss: [Object]
491 silly audit report     },
491 silly audit report     {
491 silly audit report       id: 1113319,
491 silly audit report       url: 'https://github.com/advisories/GHSA-33hq-fvwr-56pm',
491 silly audit report       title: 'devalue affected by CPU and memory amplification from sparse arrays',
491 silly audit report       severity: 'low',
491 silly audit report       vulnerable_versions: '<=5.6.2',
491 silly audit report       cwe: [Array],
491 silly audit report       cvss: [Object]
491 silly audit report     },
491 silly audit report     {
491 silly audit report       id: 1113320,
491 silly audit report       url: 'https://github.com/advisories/GHSA-8qm3-746x-r74r',
491 silly audit report       title: 'devalue `uneval`ed code can create objects with polluted prototypes when `eval`ed',
491 silly audit report       severity: 'low',
491 silly audit report       vulnerable_versions: '<=5.6.2',
491 silly audit report       cwe: [Array],
491 silly audit report       cvss: [Object]
491 silly audit report     },
491 silly audit report     {
491 silly audit report       id: 1114438,
491 silly audit report       url: 'https://github.com/advisories/GHSA-cfw5-2vxh-hr84',
491 silly audit report       title: 'devalue has prototype pollution in devalue.parse and devalue.unflatten',
491 silly audit report       severity: 'moderate',
491 silly audit report       vulnerable_versions: '<5.6.4',
491 silly audit report       cwe: [Array],
491 silly audit report       cvss: [Object]
491 silly audit report     }
491 silly audit report   ],
491 silly audit report   diff: [
491 silly audit report     {
491 silly audit report       id: 1112705,
491 silly audit report       url: 'https://github.com/advisories/GHSA-73rr-hh4g-fpgx',
491 silly audit report       title: 'jsdiff has a Denial of Service vulnerability in parsePatch and applyPatch',
491 silly audit report       severity: 'low',
491 silly audit report       vulnerable_versions: '>=5.0.0 <5.2.2',
491 silly audit report       cwe: [Array],
491 silly audit report       cvss: [Object]
491 silly audit report     }
491 silly audit report   ],
491 silly audit report   esbuild: [
491 silly audit report     {
491 silly audit report       id: 1102341,
491 silly audit report       url: 'https://github.com/advisories/GHSA-67mh-4wv8-2f99',
491 silly audit report       title: 'esbuild enables any website to send any requests to the development server and read the response',
491 silly audit report       severity: 'moderate',
491 silly audit report       vulnerable_versions: '<=0.24.2',
491 silly audit report       cwe: [Array],
491 silly audit report       cvss: [Object]
491 silly audit report     }
491 silly audit report   ],
491 silly audit report   'js-yaml': [
491 silly audit report     {
491 silly audit report       id: 1112714,
491 silly audit report       url: 'https://github.com/advisories/GHSA-mh29-5h37-fv8m',
491 silly audit report       title: 'js-yaml has prototype pollution in merge (<<)',
491 silly audit report       severity: 'moderate',
491 silly audit report       vulnerable_versions: '<3.14.2',
491 silly audit report       cwe: [Array],
491 silly audit report       cvss: [Object]
491 silly audit report     },
491 silly audit report     {
491 silly audit report       id: 1112715,
491 silly audit report       url: 'https://github.com/advisories/GHSA-mh29-5h37-fv8m',
491 silly audit report       title: 'js-yaml has prototype pollution in merge (<<)',
491 silly audit report       severity: 'moderate',
491 silly audit report       vulnerable_versions: '>=4.0.0 <4.1.1',
491 silly audit report       cwe: [Array],
491 silly audit report       cvss: [Object]
491 silly audit report     }
491 silly audit report   ],
491 silly audit report   'mdast-util-to-hast': [
491 silly audit report     {
491 silly audit report       id: 1113048,
491 silly audit report       url: 'https://github.com/advisories/GHSA-4fh9-h7wg-q85m',
491 silly audit report       title: 'mdast-util-to-hast has unsanitized class attribute',
491 silly audit report       severity: 'moderate',
491 silly audit report       vulnerable_versions: '>=13.0.0 <13.2.1',
491 silly audit report       cwe: [Array],
491 silly audit report       cvss: [Object]
491 silly audit report     }
491 silly audit report   ],
491 silly audit report   minimatch: [
491 silly audit report     {
491 silly audit report       id: 1113459,
491 silly audit report       url: 'https://github.com/advisories/GHSA-3ppc-4f35-3m26',
491 silly audit report       title: 'minimatch has a ReDoS via repeated wildcards with non-matching literal in pattern',
491 silly audit report       severity: 'high',
491 silly audit report       vulnerable_versions: '<3.1.3',
491 silly audit report       cwe: [Array],
491 silly audit report       cvss: [Object]
491 silly audit report     },
491 silly audit report     {
491 silly audit report       id: 1113538,
491 silly audit report       url: 'https://github.com/advisories/GHSA-7r86-cg39-jmmj',
491 silly audit report       title: 'minimatch has ReDoS: matchOne() combinatorial backtracking via multiple non-adjacent GLOBSTAR segments',
491 silly audit report       severity: 'high',
491 silly audit report       vulnerable_versions: '<3.1.3',
491 silly audit report       cwe: [Array],
491 silly audit report       cvss: [Object]
491 silly audit report     },
491 silly audit report     {
491 silly audit report       id: 1113546,
491 silly audit report       url: 'https://github.com/advisories/GHSA-23c5-xmqv-rm74',
491 silly audit report       title: 'minimatch ReDoS: nested *() extglobs generate catastrophically backtracking regular expressions',
491 silly audit report       severity: 'high',
491 silly audit report       vulnerable_versions: '<3.1.4',
491 silly audit report       cwe: [Array],
491 silly audit report       cvss: [Object]
491 silly audit report     }
491 silly audit report   ],
491 silly audit report   nanoid: [
491 silly audit report     {
491 silly audit report       id: 1109563,
491 silly audit report       url: 'https://github.com/advisories/GHSA-mwcw-c2x4-8c55',
491 silly audit report       title: 'Predictable results in nanoid generation when given non-integer values',
491 silly audit report       severity: 'moderate',
491 silly audit report       vulnerable_versions: '<3.3.8',
491 silly audit report       cwe: [Array],
491 silly audit report       cvss: [Object]
491 silly audit report     }
491 silly audit report   ],
491 silly audit report   picomatch: [
491 silly audit report     {
491 silly audit report       id: 1115549,
491 silly audit report       url: 'https://github.com/advisories/GHSA-3v7f-55p6-f55p',
491 silly audit report       title: 'Picomatch: Method Injection in POSIX Character Classes causes incorrect Glob Matching',
491 silly audit report       severity: 'moderate',
491 silly audit report       vulnerable_versions: '<2.3.2',
491 silly audit report       cwe: [Array],
491 silly audit report       cvss: [Object]
491 silly audit report     },
491 silly audit report     {
491 silly audit report       id: 1115552,
491 silly audit report       url: 'https://github.com/advisories/GHSA-c2c7-rcm5-vvqj',
491 silly audit report       title: 'Picomatch has a ReDoS vulnerability via extglob quantifiers',
491 silly audit report       severity: 'high',
491 silly audit report       vulnerable_versions: '<2.3.2',
491 silly audit report       cwe: [Array],
491 silly audit report       cvss: [Object]
491 silly audit report     }
491 silly audit report   ],
491 silly audit report   postcss: [
491 silly audit report     {
491 silly audit report       id: 1117015,
491 silly audit report       url: 'https://github.com/advisories/GHSA-qx2v-qp2m-jg93',
491 silly audit report       title: 'PostCSS has XSS via Unescaped </style> in its CSS Stringify Output',
491 silly audit report       severity: 'moderate',
491 silly audit report       vulnerable_versions: '<8.5.10',
491 silly audit report       cwe: [Array],
491 silly audit report       cvss: [Object]
491 silly audit report     }
491 silly audit report   ],
491 silly audit report   prismjs: [
491 silly audit report     {
491 silly audit report       id: 1105770,
491 silly audit report       url: 'https://github.com/advisories/GHSA-x7hr-w5r2-h6wg',
491 silly audit report       title: 'PrismJS DOM Clobbering vulnerability',
491 silly audit report       severity: 'moderate',
491 silly audit report       vulnerable_versions: '<1.30.0',
491 silly audit report       cwe: [Array],
491 silly audit report       cvss: [Object]
491 silly audit report     }
491 silly audit report   ],
491 silly audit report   rollup: [
491 silly audit report     {
491 silly audit report       id: 1113515,
491 silly audit report       url: 'https://github.com/advisories/GHSA-mw96-cpmx-2vgc',
491 silly audit report       title: 'Rollup 4 has Arbitrary File Write via Path Traversal',
491 silly audit report       severity: 'high',
491 silly audit report       vulnerable_versions: '>=4.0.0 <4.59.0',
491 silly audit report       cwe: [Array],
491 silly audit report       cvss: [Object]
491 silly audit report     }
491 silly audit report   ],
491 silly audit report   tar: [
491 silly audit report     {
491 silly audit report       id: 1112659,
491 silly audit report       url: 'https://github.com/advisories/GHSA-34x7-hfp2-rc4v',
491 silly audit report       title: 'node-tar Vulnerable to Arbitrary File Creation/Overwrite via Hardlink Path Traversal',
491 silly audit report       severity: 'high',
491 silly audit report       vulnerable_versions: '<7.5.7',
491 silly audit report       cwe: [Array],
491 silly audit report       cvss: [Object]
491 silly audit report     },
491 silly audit report     {
491 silly audit report       id: 1113300,
491 silly audit report       url: 'https://github.com/advisories/GHSA-8qq5-rm4j-mr97',
491 silly audit report       title: 'node-tar is Vulnerable to Arbitrary File Overwrite and Symlink Poisoning via Insufficient Path Sanitization',
491 silly audit report       severity: 'high',
491 silly audit report       vulnerable_versions: '<=7.5.2',
491 silly audit report       cwe: [Array],
491 silly audit report       cvss: [Object]
491 silly audit report     },
491 silly audit report     {
491 silly audit report       id: 1113375,
491 silly audit report       url: 'https://github.com/advisories/GHSA-83g3-92jg-28cx',
491 silly audit report       title: 'Arbitrary File Read/Write via Hardlink Target Escape Through Symlink Chain in node-tar Extraction',
491 silly audit report       severity: 'high',
491 silly audit report       vulnerable_versions: '<7.5.8',
491 silly audit report       cwe: [Array],
491 silly audit report       cvss: [Object]
491 silly audit report     },
491 silly audit report     {
491 silly audit report       id: 1114200,
491 silly audit report       url: 'https://github.com/advisories/GHSA-qffp-2rhf-9h96',
491 silly audit report       title: 'tar has Hardlink Path Traversal via Drive-Relative Linkpath',
491 silly audit report       severity: 'high',
491 silly audit report       vulnerable_versions: '<=7.5.9',
491 silly audit report       cwe: [Array],
491 silly audit report       cvss: [Object]
491 silly audit report     },
491 silly audit report     {
491 silly audit report       id: 1114302,
491 silly audit report       url: 'https://github.com/advisories/GHSA-9ppj-qmqm-q256',
491 silly audit report       title: 'node-tar Symlink Path Traversal via Drive-Relative Linkpath',
491 silly audit report       severity: 'high',
491 silly audit report       vulnerable_versions: '<=7.5.10',
491 silly audit report       cwe: [Array],
491 silly audit report       cvss: [Object]
491 silly audit report     },
491 silly audit report     {
491 silly audit report       id: 1114680,
491 silly audit report       url: 'https://github.com/advisories/GHSA-r6q2-hw4h-h46w',
491 silly audit report       title: 'Race Condition in node-tar Path Reservations via Unicode Ligature Collisions on macOS APFS',
491 silly audit report       severity: 'high',
491 silly audit report       vulnerable_versions: '<=7.5.3',
491 silly audit report       cwe: [Array],
491 silly audit report       cvss: [Object]
491 silly audit report     }
491 silly audit report   ],
491 silly audit report   vite: [
491 silly audit report     {
491 silly audit report       id: 1102437,
491 silly audit report       url: 'https://github.com/advisories/GHSA-vg6x-rcgg-rjx6',
491 silly audit report       title: 'Websites were able to send any requests to the development server and read the response in vite',
491 silly audit report       severity: 'moderate',
491 silly audit report       vulnerable_versions: '>=5.0.0 <=5.4.11',
491 silly audit report       cwe: [Array],
491 silly audit report       cvss: [Object]
491 silly audit report     },
491 silly audit report     {
491 silly audit report       id: 1103517,
491 silly audit report       url: 'https://github.com/advisories/GHSA-x574-m823-4x7w',
491 silly audit report       title: 'Vite bypasses server.fs.deny when using ?raw??',
491 silly audit report       severity: 'moderate',
491 silly audit report       vulnerable_versions: '>=5.0.0 <5.4.15',
491 silly audit report       cwe: [Array],
491 silly audit report       cvss: [Object]
491 silly audit report     },
491 silly audit report     {
491 silly audit report       id: 1103884,
491 silly audit report       url: 'https://github.com/advisories/GHSA-356w-63v5-8wf4',
491 silly audit report       title: 'Vite has an `server.fs.deny` bypass with an invalid `request-target`',
491 silly audit report       severity: 'moderate',
491 silly audit report       vulnerable_versions: '>=5.0.0 <5.4.18',
491 silly audit report       cwe: [Array],
491 silly audit report       cvss: [Object]
491 silly audit report     },
491 silly audit report     {
491 silly audit report       id: 1104173,
491 silly audit report       url: 'https://github.com/advisories/GHSA-859w-5945-r5v3',
491 silly audit report       title: "Vite's server.fs.deny bypassed with /. for files under project root",
491 silly audit report       severity: 'moderate',
491 silly audit report       vulnerable_versions: '>=5.0.0 <=5.4.18',
491 silly audit report       cwe: [Array],
491 silly audit report       cvss: [Object]
491 silly audit report     },
491 silly audit report     {
491 silly audit report       id: 1104202,
491 silly audit report       url: 'https://github.com/advisories/GHSA-xcj6-pq6g-qj4x',
491 silly audit report       title: 'Vite allows server.fs.deny to be bypassed with .svg or relative paths',
491 silly audit report       severity: 'moderate',
491 silly audit report       vulnerable_versions: '>=5.0.0 <5.4.17',
491 silly audit report       cwe: [Array],
491 silly audit report       cvss: [Object]
491 silly audit report     },
491 silly audit report     {
491 silly audit report       id: 1107323,
491 silly audit report       url: 'https://github.com/advisories/GHSA-g4jq-h2w9-997c',
491 silly audit report       title: 'Vite middleware may serve files starting with the same name with the public directory',
491 silly audit report       severity: 'low',
491 silly audit report       vulnerable_versions: '<=5.4.19',
491 silly audit report       cwe: [Array],
491 silly audit report       cvss: [Object]
491 silly audit report     },
491 silly audit report     {
491 silly audit report       id: 1107327,
491 silly audit report       url: 'https://github.com/advisories/GHSA-jqfw-vq24-v9c3',
491 silly audit report       title: "Vite's `server.fs` settings were not applied to HTML files",
491 silly audit report       severity: 'low',
491 silly audit report       vulnerable_versions: '<=5.4.19',
491 silly audit report       cwe: [Array],
491 silly audit report       cvss: [Object]
491 silly audit report     },
491 silly audit report     {
491 silly audit report       id: 1109131,
491 silly audit report       url: 'https://github.com/advisories/GHSA-93m4-6634-74q7',
491 silly audit report       title: 'vite allows server.fs.deny bypass via backslash on Windows',
491 silly audit report       severity: 'moderate',
491 silly audit report       vulnerable_versions: '>=5.2.6 <=5.4.20',
491 silly audit report       cwe: [Array],
491 silly audit report       cvss: [Object]
491 silly audit report     },
491 silly audit report     {
491 silly audit report       id: 1112511,
491 silly audit report       url: 'https://github.com/advisories/GHSA-4r4m-qw57-chr8',
491 silly audit report       title: 'Vite has a `server.fs.deny` bypassed for `inline` and `raw` with `?import` query',
491 silly audit report       severity: 'moderate',
491 silly audit report       vulnerable_versions: '>=5.0.0 <5.4.16',
491 silly audit report       cwe: [Array],
491 silly audit report       cvss: [Object]
491 silly audit report     },
491 silly audit report     {
491 silly audit report       id: 1120061,
491 silly audit report       url: 'https://github.com/advisories/GHSA-c27g-q93r-2cwf',
491 silly audit report       title: 'launch-editor vulnerable to command injection via the crafted request on Windows',
491 silly audit report       severity: 'high',
491 silly audit report       vulnerable_versions: '<=5.4.8',
491 silly audit report       cwe: [Array],
491 silly audit report       cvss: [Object]
491 silly audit report     },
491 silly audit report     {
491 silly audit report       id: 1116229,
491 silly audit report       url: 'https://github.com/advisories/GHSA-4w7w-66w2-5vf9',
491 silly audit report       title: 'Vite Vulnerable to Path Traversal in Optimized Deps `.map` Handling',
491 silly audit report       severity: 'moderate',
491 silly audit report       vulnerable_versions: '<=6.4.1',
491 silly audit report       cwe: [Array],
491 silly audit report       cvss: [Object]
491 silly audit report     }
491 silly audit report   ]
491 silly audit report }
492 silly packumentCache corgi:https://registry.npmjs.org/@astrojs%2fvercel cache-miss
493 silly packumentCache corgi:https://registry.npmjs.org/@babel%2fhelpers cache-miss
494 silly packumentCache corgi:https://registry.npmjs.org/astro cache-miss
495 silly packumentCache corgi:https://registry.npmjs.org/brace-expansion cache-miss
496 silly packumentCache corgi:https://registry.npmjs.org/cookie cache-miss
497 silly packumentCache corgi:https://registry.npmjs.org/cross-spawn cache-miss
498 silly packumentCache corgi:https://registry.npmjs.org/devalue cache-miss
499 silly packumentCache corgi:https://registry.npmjs.org/diff cache-miss
500 silly packumentCache corgi:https://registry.npmjs.org/esbuild cache-miss
501 silly packumentCache corgi:https://registry.npmjs.org/js-yaml cache-miss
502 silly packumentCache corgi:https://registry.npmjs.org/mdast-util-to-hast cache-miss
503 silly packumentCache corgi:https://registry.npmjs.org/minimatch cache-miss
504 silly packumentCache corgi:https://registry.npmjs.org/nanoid cache-miss
505 silly packumentCache corgi:https://registry.npmjs.org/picomatch cache-miss
506 silly packumentCache corgi:https://registry.npmjs.org/postcss cache-miss
507 silly packumentCache corgi:https://registry.npmjs.org/prismjs cache-miss
508 silly packumentCache corgi:https://registry.npmjs.org/rollup cache-miss
509 silly packumentCache corgi:https://registry.npmjs.org/tar cache-miss
510 silly packumentCache corgi:https://registry.npmjs.org/vite cache-miss
511 http cache https://registry.npmjs.org/@babel%2fhelpers 91ms (cache hit)
512 silly packumentCache corgi:https://registry.npmjs.org/@babel%2fhelpers set size:211202 disposed:false
513 http cache https://registry.npmjs.org/devalue 93ms (cache hit)
514 silly packumentCache corgi:https://registry.npmjs.org/devalue set size:48701 disposed:false
515 http cache https://registry.npmjs.org/@astrojs%2fvercel 99ms (cache hit)
516 silly packumentCache corgi:https://registry.npmjs.org/@astrojs%2fvercel set size:354848 disposed:false
517 http cache https://registry.npmjs.org/cookie 100ms (cache hit)
518 silly packumentCache corgi:https://registry.npmjs.org/cookie set size:23677 disposed:false
519 http cache https://registry.npmjs.org/js-yaml 97ms (cache hit)
520 silly packumentCache corgi:https://registry.npmjs.org/js-yaml set size:59520 disposed:false
521 http cache https://registry.npmjs.org/brace-expansion 101ms (cache hit)
522 silly packumentCache corgi:https://registry.npmjs.org/brace-expansion set size:24623 disposed:false
523 http cache https://registry.npmjs.org/minimatch 97ms (cache hit)
524 silly packumentCache corgi:https://registry.npmjs.org/minimatch set size:168441 disposed:false
525 http cache https://registry.npmjs.org/diff 101ms (cache hit)
526 silly packumentCache corgi:https://registry.npmjs.org/diff set size:67741 disposed:false
527 http cache https://registry.npmjs.org/postcss 99ms (cache hit)
528 silly packumentCache corgi:https://registry.npmjs.org/postcss set size:344717 disposed:false
529 http cache https://registry.npmjs.org/picomatch 103ms (cache hit)
530 silly packumentCache corgi:https://registry.npmjs.org/picomatch set size:44414 disposed:false
531 http cache https://registry.npmjs.org/cross-spawn 109ms (cache hit)
532 silly packumentCache corgi:https://registry.npmjs.org/cross-spawn set size:44626 disposed:false
533 http cache https://registry.npmjs.org/mdast-util-to-hast 107ms (cache hit)
534 silly packumentCache corgi:https://registry.npmjs.org/mdast-util-to-hast set size:102498 disposed:false
535 http cache https://registry.npmjs.org/prismjs 106ms (cache hit)
536 silly packumentCache corgi:https://registry.npmjs.org/prismjs set size:49125 disposed:false
537 http cache https://registry.npmjs.org/nanoid 108ms (cache hit)
538 silly packumentCache corgi:https://registry.npmjs.org/nanoid set size:148276 disposed:false
539 http cache https://registry.npmjs.org/esbuild 113ms (cache hit)
540 silly packumentCache corgi:https://registry.npmjs.org/esbuild set size:885757 disposed:false
541 http cache https://registry.npmjs.org/tar 115ms (cache hit)
542 silly packumentCache corgi:https://registry.npmjs.org/tar set size:202125 disposed:false
543 http cache https://registry.npmjs.org/astro 135ms (cache hit)
544 silly packumentCache corgi:https://registry.npmjs.org/astro set size:4410454 disposed:false
545 http cache https://registry.npmjs.org/rollup 248ms (cache hit)
546 silly packumentCache corgi:https://registry.npmjs.org/rollup set size:2576909 disposed:false
547 http cache https://registry.npmjs.org/vite 263ms (cache hit)
548 silly packumentCache corgi:https://registry.npmjs.org/vite set size:2261551 disposed:false
549 silly packumentCache corgi:https://registry.npmjs.org/@babel%2fcore cache-miss
550 http fetch GET 200 https://registry.npmjs.org/@babel%2fcore 663ms (cache miss)
551 silly packumentCache corgi:https://registry.npmjs.org/@babel%2fcore set size:undefined disposed:false
552 silly packumentCache corgi:https://registry.npmjs.org/execa cache-miss
553 http fetch GET 200 https://registry.npmjs.org/execa 477ms (cache miss)
554 silly packumentCache corgi:https://registry.npmjs.org/execa set size:undefined disposed:false
555 silly packumentCache corgi:https://registry.npmjs.org/gray-matter cache-miss
556 silly packumentCache corgi:https://registry.npmjs.org/load-yaml-file cache-miss
557 http fetch GET 200 https://registry.npmjs.org/gray-matter 435ms (cache miss)
558 silly packumentCache corgi:https://registry.npmjs.org/gray-matter set size:undefined disposed:false
559 http fetch GET 200 https://registry.npmjs.org/load-yaml-file 4636ms (cache miss)
560 silly packumentCache corgi:https://registry.npmjs.org/load-yaml-file set size:undefined disposed:false
561 silly packumentCache corgi:https://registry.npmjs.org/hast-util-raw cache-miss
562 silly packumentCache corgi:https://registry.npmjs.org/hast-util-to-html cache-miss
563 silly packumentCache corgi:https://registry.npmjs.org/remark-rehype cache-miss
564 http fetch GET 200 https://registry.npmjs.org/hast-util-to-html 650ms (cache miss)
565 silly packumentCache corgi:https://registry.npmjs.org/hast-util-to-html set size:undefined disposed:false
566 http fetch GET 200 https://registry.npmjs.org/hast-util-raw 654ms (cache miss)
567 silly packumentCache corgi:https://registry.npmjs.org/hast-util-raw set size:undefined disposed:false
568 http fetch GET 200 https://registry.npmjs.org/remark-rehype 5476ms (cache miss)
569 silly packumentCache corgi:https://registry.npmjs.org/remark-rehype set size:undefined disposed:false
570 silly packumentCache corgi:https://registry.npmjs.org/glob cache-miss
571 http fetch GET 200 https://registry.npmjs.org/glob 1327ms (cache miss)
572 silly packumentCache corgi:https://registry.npmjs.org/glob set size:undefined disposed:false
573 silly packumentCache corgi:https://registry.npmjs.org/@rollup%2fpluginutils cache-miss
574 silly packumentCache corgi:https://registry.npmjs.org/anymatch cache-miss
575 silly packumentCache corgi:https://registry.npmjs.org/micromatch cache-miss
576 silly packumentCache corgi:https://registry.npmjs.org/readdirp cache-miss
577 http fetch GET 200 https://registry.npmjs.org/anymatch 463ms (cache miss)
578 silly packumentCache corgi:https://registry.npmjs.org/anymatch set size:undefined disposed:false
579 http fetch GET 200 https://registry.npmjs.org/micromatch 483ms (cache miss)
580 silly packumentCache corgi:https://registry.npmjs.org/micromatch set size:undefined disposed:false
581 http fetch GET 200 https://registry.npmjs.org/@rollup%2fpluginutils 485ms (cache miss)
582 silly packumentCache corgi:https://registry.npmjs.org/@rollup%2fpluginutils set size:undefined disposed:false
583 http fetch GET 200 https://registry.npmjs.org/readdirp 4435ms (cache miss)
584 silly packumentCache corgi:https://registry.npmjs.org/readdirp set size:undefined disposed:false
585 silly packumentCache corgi:https://registry.npmjs.org/@astrojs%2fprism cache-miss
586 http fetch GET 200 https://registry.npmjs.org/@astrojs%2fprism 338ms (cache miss)
587 silly packumentCache corgi:https://registry.npmjs.org/@astrojs%2fprism set size:undefined disposed:false
588 silly packumentCache corgi:https://registry.npmjs.org/@mapbox%2fnode-pre-gyp cache-miss
589 http fetch GET 200 https://registry.npmjs.org/@mapbox%2fnode-pre-gyp 462ms (cache miss)
590 silly packumentCache corgi:https://registry.npmjs.org/@mapbox%2fnode-pre-gyp set size:undefined disposed:false
591 silly packumentCache corgi:https://registry.npmjs.org/vitefu cache-miss
592 http fetch GET 200 https://registry.npmjs.org/vitefu 608ms (cache miss)
593 silly packumentCache corgi:https://registry.npmjs.org/vitefu set size:undefined disposed:false
594 silly packumentCache corgi:https://registry.npmjs.org/@vercel%2fnft cache-miss
595 http fetch GET 200 https://registry.npmjs.org/@vercel%2fnft 608ms (cache miss)
596 silly packumentCache corgi:https://registry.npmjs.org/@vercel%2fnft set size:undefined disposed:false
597 silly ADD node_modules/zwitch
598 silly ADD node_modules/zod-to-json-schema
599 silly ADD node_modules/zod
600 silly ADD node_modules/yocto-queue
601 silly ADD node_modules/yargs-parser
602 silly ADD node_modules/yallist
603 silly ADD node_modules/wrappy
604 silly ADD node_modules/wrap-ansi
605 silly ADD node_modules/wrap-ansi/node_modules/string-width
606 silly ADD node_modules/wrap-ansi/node_modules/emoji-regex
607 silly ADD node_modules/wrap-ansi/node_modules/ansi-styles
608 silly ADD node_modules/widest-line
609 silly ADD node_modules/widest-line/node_modules/string-width
610 silly ADD node_modules/widest-line/node_modules/emoji-regex
611 silly ADD node_modules/wide-align
612 silly ADD node_modules/wide-align/node_modules/strip-ansi
613 silly ADD node_modules/wide-align/node_modules/string-width
614 silly ADD node_modules/wide-align/node_modules/emoji-regex
615 silly ADD node_modules/wide-align/node_modules/ansi-regex
616 silly ADD node_modules/which-pm-runs
617 silly ADD node_modules/which-pm
618 silly ADD node_modules/which
619 silly ADD node_modules/whatwg-url
620 silly ADD node_modules/webidl-conversions
621 silly ADD node_modules/web-vitals
622 silly ADD node_modules/web-namespaces
623 silly ADD node_modules/vitefu
624 silly ADD node_modules/vite
625 silly ADD node_modules/vfile-message
626 silly ADD node_modules/vfile-location
627 silly ADD node_modules/vfile
628 silly ADD node_modules/util-deprecate
629 silly ADD node_modules/update-browserslist-db
630 silly ADD node_modules/unist-util-visit-parents
631 silly ADD node_modules/unist-util-visit-children
632 silly ADD node_modules/unist-util-visit-children/node_modules/@types/unist
633 silly ADD node_modules/unist-util-visit
634 silly ADD node_modules/unist-util-stringify-position
635 silly ADD node_modules/unist-util-remove-position
636 silly ADD node_modules/unist-util-position
637 silly ADD node_modules/unist-util-modify-children
638 silly ADD node_modules/unist-util-modify-children/node_modules/@types/unist
639 silly ADD node_modules/unist-util-is
640 silly ADD node_modules/unist-util-find-after
641 silly ADD node_modules/unified
642 silly ADD node_modules/unherit
643 silly ADD node_modules/type-fest
644 silly ADD node_modules/tsconfck
645 silly ADD node_modules/trough
646 silly ADD node_modules/trim-lines
647 silly ADD node_modules/tr46
648 silly ADD node_modules/to-regex-range
649 silly ADD node_modules/to-fast-properties
650 silly ADD node_modules/tar
651 silly ADD node_modules/tar/node_modules/yallist
652 silly ADD node_modules/supports-preserve-symlinks-flag
653 silly ADD node_modules/supports-color
654 silly ADD node_modules/strip-final-newline
655 silly ADD node_modules/strip-bom-string
656 silly ADD node_modules/strip-bom
657 silly ADD node_modules/strip-ansi
658 silly ADD node_modules/stringify-entities
659 silly ADD node_modules/string-width
660 silly ADD node_modules/string_decoder
661 silly ADD node_modules/stdin-discarder
662 silly ADD node_modules/sprintf-js
663 silly ADD node_modules/space-separated-tokens
664 silly ADD node_modules/source-map-js
665 silly ADD node_modules/sisteransi
666 silly ADD node_modules/simple-swizzle
667 silly ADD node_modules/signal-exit
668 silly ADD node_modules/shiki
669 silly ADD node_modules/shebang-regex
670 silly ADD node_modules/shebang-command
671 silly ADD node_modules/sharp
672 silly ADD node_modules/set-blocking
673 silly ADD node_modules/server-only
674 silly ADD node_modules/semver
675 silly ADD node_modules/section-matter
676 silly ADD node_modules/safe-buffer
677 silly ADD node_modules/run-parallel
678 silly ADD node_modules/rollup
679 silly ADD node_modules/rimraf
680 silly ADD node_modules/reusify
681 silly ADD node_modules/retext-stringify
682 silly ADD node_modules/retext-stringify/node_modules/vfile-message
683 silly ADD node_modules/retext-stringify/node_modules/vfile
684 silly ADD node_modules/retext-stringify/node_modules/unist-util-stringify-position
685 silly ADD node_modules/retext-stringify/node_modules/unified
686 silly ADD node_modules/retext-stringify/node_modules/@types/unist
687 silly ADD node_modules/retext-smartypants
688 silly ADD node_modules/retext-smartypants/node_modules/vfile-message
689 silly ADD node_modules/retext-smartypants/node_modules/vfile
690 silly ADD node_modules/retext-smartypants/node_modules/unist-util-visit-parents
691 silly ADD node_modules/retext-smartypants/node_modules/unist-util-visit
692 silly ADD node_modules/retext-smartypants/node_modules/unist-util-stringify-position
693 silly ADD node_modules/retext-smartypants/node_modules/unist-util-is
694 silly ADD node_modules/retext-smartypants/node_modules/unified
695 silly ADD node_modules/retext-smartypants/node_modules/@types/unist
696 silly ADD node_modules/retext-latin
697 silly ADD node_modules/retext-latin/node_modules/vfile-message
698 silly ADD node_modules/retext-latin/node_modules/vfile
699 silly ADD node_modules/retext-latin/node_modules/unist-util-stringify-position
700 silly ADD node_modules/retext-latin/node_modules/unified
701 silly ADD node_modules/retext-latin/node_modules/@types/unist
702 silly ADD node_modules/retext
703 silly ADD node_modules/retext/node_modules/vfile-message
704 silly ADD node_modules/retext/node_modules/vfile
705 silly ADD node_modules/retext/node_modules/unist-util-stringify-position
706 silly ADD node_modules/retext/node_modules/unified
707 silly ADD node_modules/retext/node_modules/@types/unist
708 silly ADD node_modules/restore-cursor
709 silly ADD node_modules/restore-cursor/node_modules/signal-exit
710 silly ADD node_modules/restore-cursor/node_modules/onetime
711 silly ADD node_modules/restore-cursor/node_modules/mimic-fn
712 silly ADD node_modules/resolve-from
713 silly ADD node_modules/resolve
714 silly ADD node_modules/remark-stringify
715 silly ADD node_modules/remark-smartypants
716 silly ADD node_modules/remark-rehype
717 silly ADD node_modules/remark-parse
718 silly ADD node_modules/remark-gfm
719 silly ADD node_modules/rehype-stringify
720 silly ADD node_modules/rehype-raw
721 silly ADD node_modules/rehype-parse
722 silly ADD node_modules/rehype
723 silly ADD node_modules/readdirp
724 silly ADD node_modules/readable-stream
725 silly ADD node_modules/queue-microtask
726 silly ADD node_modules/property-information
727 silly ADD node_modules/prompts
728 silly ADD node_modules/prompts/node_modules/kleur
729 silly ADD node_modules/prismjs
730 silly ADD node_modules/preferred-pm
731 silly ADD node_modules/preferred-pm/node_modules/which-pm
732 silly ADD node_modules/postcss
733 silly ADD node_modules/pkg-dir
734 silly ADD node_modules/pkg-dir/node_modules/p-locate
735 silly ADD node_modules/pkg-dir/node_modules/p-limit
736 silly ADD node_modules/pkg-dir/node_modules/locate-path
737 silly ADD node_modules/pkg-dir/node_modules/find-up
738 silly ADD node_modules/pify
739 silly ADD node_modules/picomatch
740 silly ADD node_modules/picocolors
741 silly ADD node_modules/path-to-regexp
742 silly ADD node_modules/path-parse
743 silly ADD node_modules/path-key
744 silly ADD node_modules/path-is-absolute
745 silly ADD node_modules/path-exists
746 silly ADD node_modules/parse5
747 silly ADD node_modules/parse-latin
748 silly ADD node_modules/p-try
749 silly ADD node_modules/p-timeout
750 silly ADD node_modules/p-queue
751 silly ADD node_modules/p-locate
752 silly ADD node_modules/p-locate/node_modules/yocto-queue
753 silly ADD node_modules/p-locate/node_modules/p-limit
754 silly ADD node_modules/p-limit
755 silly ADD node_modules/ora
756 silly ADD node_modules/ora/node_modules/chalk
757 silly ADD node_modules/onetime
758 silly ADD node_modules/once
759 silly ADD node_modules/object-assign
760 silly ADD node_modules/npmlog
761 silly ADD node_modules/npm-run-path
762 silly ADD node_modules/npm-run-path/node_modules/path-key
763 silly ADD node_modules/normalize-path
764 silly ADD node_modules/nopt
765 silly ADD node_modules/node-releases
766 silly ADD node_modules/node-gyp-build
767 silly ADD node_modules/node-fetch
768 silly ADD node_modules/nlcst-to-string
769 silly ADD node_modules/nanoid
770 silly ADD node_modules/ms
771 silly ADD node_modules/mrmime
772 silly ADD node_modules/mkdirp
773 silly ADD node_modules/minizlib
774 silly ADD node_modules/minizlib/node_modules/yallist
775 silly ADD node_modules/minizlib/node_modules/minipass
776 silly ADD node_modules/minipass
777 silly ADD node_modules/minimatch
778 silly ADD node_modules/mimic-fn
779 silly ADD node_modules/micromatch
780 silly ADD node_modules/micromark-util-types
781 silly ADD node_modules/micromark-util-symbol
782 silly ADD node_modules/micromark-util-subtokenize
783 silly ADD node_modules/micromark-util-sanitize-uri
784 silly ADD node_modules/micromark-util-resolve-all
785 silly ADD node_modules/micromark-util-normalize-identifier
786 silly ADD node_modules/micromark-util-html-tag-name
787 silly ADD node_modules/micromark-util-encode
788 silly ADD node_modules/micromark-util-decode-string
789 silly ADD node_modules/micromark-util-decode-numeric-character-reference
790 silly ADD node_modules/micromark-util-combine-extensions
791 silly ADD node_modules/micromark-util-classify-character
792 silly ADD node_modules/micromark-util-chunked
793 silly ADD node_modules/micromark-util-character
794 silly ADD node_modules/micromark-factory-whitespace
795 silly ADD node_modules/micromark-factory-title
796 silly ADD node_modules/micromark-factory-space
797 silly ADD node_modules/micromark-factory-label
798 silly ADD node_modules/micromark-factory-destination
799 silly ADD node_modules/micromark-extension-gfm-task-list-item
800 silly ADD node_modules/micromark-extension-gfm-tagfilter
801 silly ADD node_modules/micromark-extension-gfm-table
802 silly ADD node_modules/micromark-extension-gfm-strikethrough
803 silly ADD node_modules/micromark-extension-gfm-footnote
804 silly ADD node_modules/micromark-extension-gfm-autolink-literal
805 silly ADD node_modules/micromark-extension-gfm
806 silly ADD node_modules/micromark-core-commonmark
807 silly ADD node_modules/micromark
808 silly ADD node_modules/merge2
809 silly ADD node_modules/merge-stream
810 silly ADD node_modules/mdast-util-to-string
811 silly ADD node_modules/mdast-util-to-markdown
812 silly ADD node_modules/mdast-util-to-hast
813 silly ADD node_modules/mdast-util-phrasing
814 silly ADD node_modules/mdast-util-gfm-task-list-item
815 silly ADD node_modules/mdast-util-gfm-table
816 silly ADD node_modules/mdast-util-gfm-strikethrough
817 silly ADD node_modules/mdast-util-gfm-footnote
818 silly ADD node_modules/mdast-util-gfm-autolink-literal
819 silly ADD node_modules/mdast-util-gfm
820 silly ADD node_modules/mdast-util-from-markdown
821 silly ADD node_modules/mdast-util-find-and-replace
822 silly ADD node_modules/mdast-util-find-and-replace/node_modules/escape-string-regexp
823 silly ADD node_modules/mdast-util-definitions
824 silly ADD node_modules/markdown-table
825 silly ADD node_modules/make-dir
826 silly ADD node_modules/make-dir/node_modules/semver
827 silly ADD node_modules/magic-string
828 silly ADD node_modules/lru-cache
829 silly ADD node_modules/longest-streak
830 silly ADD node_modules/log-symbols
831 silly ADD node_modules/log-symbols/node_modules/is-unicode-supported
832 silly ADD node_modules/log-symbols/node_modules/chalk
833 silly ADD node_modules/locate-path
834 silly ADD node_modules/load-yaml-file
835 silly ADD node_modules/load-yaml-file/node_modules/js-yaml
836 silly ADD node_modules/load-yaml-file/node_modules/argparse
837 silly ADD node_modules/kleur
838 silly ADD node_modules/kind-of
839 silly ADD node_modules/json5
840 silly ADD node_modules/jsesc
841 silly ADD node_modules/js-yaml
842 silly ADD node_modules/js-tokens
843 silly ADD node_modules/isexe
844 silly ADD node_modules/is-wsl
845 silly ADD node_modules/is-unicode-supported
846 silly ADD node_modules/is-stream
847 silly ADD node_modules/is-plain-obj
848 silly ADD node_modules/is-number
849 silly ADD node_modules/is-interactive
850 silly ADD node_modules/is-inside-container
851 silly ADD node_modules/is-glob
852 silly ADD node_modules/is-fullwidth-code-point
853 silly ADD node_modules/is-extglob
854 silly ADD node_modules/is-extendable
855 silly ADD node_modules/is-docker
856 silly ADD node_modules/is-core-module
857 silly ADD node_modules/is-buffer
858 silly ADD node_modules/is-binary-path
859 silly ADD node_modules/is-arrayish
860 silly ADD node_modules/inherits
861 silly ADD node_modules/inflight
862 silly ADD node_modules/import-meta-resolve
863 silly ADD node_modules/human-signals
864 silly ADD node_modules/https-proxy-agent
865 silly ADD node_modules/http-cache-semantics
866 silly ADD node_modules/html-void-elements
867 silly ADD node_modules/html-escaper
868 silly ADD node_modules/hastscript
869 silly ADD node_modules/hast-util-whitespace
870 silly ADD node_modules/hast-util-to-text
871 silly ADD node_modules/hast-util-to-parse5
872 silly ADD node_modules/hast-util-to-html
873 silly ADD node_modules/hast-util-raw
874 silly ADD node_modules/hast-util-parse-selector
875 silly ADD node_modules/hast-util-is-element
876 silly ADD node_modules/hast-util-from-parse5
877 silly ADD node_modules/hast-util-from-html
878 silly ADD node_modules/hasown
879 silly ADD node_modules/has-unicode
880 silly ADD node_modules/has-flag
881 silly ADD node_modules/gray-matter
882 silly ADD node_modules/gray-matter/node_modules/js-yaml
883 silly ADD node_modules/gray-matter/node_modules/argparse
884 silly ADD node_modules/graceful-fs
885 silly ADD node_modules/globals
886 silly ADD node_modules/glob-parent
887 silly ADD node_modules/glob
888 silly ADD node_modules/github-slugger
889 silly ADD node_modules/get-stream
890 silly ADD node_modules/get-east-asian-width
891 silly ADD node_modules/gensync
892 silly ADD node_modules/gauge
893 silly ADD node_modules/gauge/node_modules/strip-ansi
894 silly ADD node_modules/gauge/node_modules/string-width
895 silly ADD node_modules/gauge/node_modules/signal-exit
896 silly ADD node_modules/gauge/node_modules/emoji-regex
897 silly ADD node_modules/gauge/node_modules/ansi-regex
898 silly ADD node_modules/function-bind
899 silly ADD node_modules/fs.realpath
900 silly ADD node_modules/fs-minipass
901 silly ADD node_modules/fs-minipass/node_modules/yallist
902 silly ADD node_modules/fs-minipass/node_modules/minipass
903 silly ADD node_modules/flattie
904 silly ADD node_modules/find-yarn-workspace-root2
905 silly ADD node_modules/find-up
906 silly ADD node_modules/fill-range
907 silly ADD node_modules/file-uri-to-path
908 silly ADD node_modules/fastq
909 silly ADD node_modules/fast-glob
910 silly ADD node_modules/extend-shallow
911 silly ADD node_modules/extend
912 silly ADD node_modules/execa
913 silly ADD node_modules/eventemitter3
914 silly ADD node_modules/estree-walker
915 silly ADD node_modules/esprima
916 silly ADD node_modules/escape-string-regexp
917 silly ADD node_modules/escalade
918 silly ADD node_modules/esbuild
919 silly ADD node_modules/es-module-lexer
920 silly ADD node_modules/entities
921 silly ADD node_modules/emoji-regex
922 silly ADD node_modules/electron-to-chromium
923 silly ADD node_modules/eastasianwidth
924 silly ADD node_modules/dset
925 silly ADD node_modules/dlv
926 silly ADD node_modules/diff
927 silly ADD node_modules/devlop
928 silly ADD node_modules/devalue
929 silly ADD node_modules/deterministic-object-hash
930 silly ADD node_modules/detect-libc
931 silly ADD node_modules/dequal
932 silly ADD node_modules/delegates
933 silly ADD node_modules/decode-named-character-reference
934 silly ADD node_modules/debug
935 silly ADD node_modules/cssesc
936 silly ADD node_modules/cross-spawn
937 silly ADD node_modules/cookie
938 silly ADD node_modules/convert-source-map
939 silly ADD node_modules/console-control-strings
940 silly ADD node_modules/concat-map
941 silly ADD node_modules/common-ancestor-path
942 silly ADD node_modules/comma-separated-tokens
943 silly ADD node_modules/color-support
944 silly ADD node_modules/color-string
945 silly ADD node_modules/color-name
946 silly ADD node_modules/color-convert
947 silly ADD node_modules/color
948 silly ADD node_modules/color/node_modules/color-name
949 silly ADD node_modules/color/node_modules/color-convert
950 silly ADD node_modules/clsx
951 silly ADD node_modules/cli-spinners
952 silly ADD node_modules/cli-cursor
953 silly ADD node_modules/cli-boxes
954 silly ADD node_modules/ci-info
955 silly ADD node_modules/chownr
956 silly ADD node_modules/chokidar
957 silly ADD node_modules/character-entities-legacy
958 silly ADD node_modules/character-entities-html4
959 silly ADD node_modules/character-entities
960 silly ADD node_modules/chalk
961 silly ADD node_modules/ccount
962 silly ADD node_modules/caniuse-lite
963 silly ADD node_modules/camelcase
964 silly ADD node_modules/browserslist
965 silly ADD node_modules/braces
966 silly ADD node_modules/brace-expansion
967 silly ADD node_modules/boxen
968 silly ADD node_modules/boxen/node_modules/string-width
969 silly ADD node_modules/boxen/node_modules/emoji-regex
970 silly ADD node_modules/boxen/node_modules/chalk
971 silly ADD node_modules/bindings
972 silly ADD node_modules/binary-extensions
973 silly ADD node_modules/base-64
974 silly ADD node_modules/balanced-match
975 silly ADD node_modules/bail
976 silly ADD node_modules/axobject-query
977 silly ADD node_modules/async-sema
978 silly ADD node_modules/array-iterate
979 silly ADD node_modules/aria-query
980 silly ADD node_modules/argparse
981 silly ADD node_modules/are-we-there-yet
982 silly ADD node_modules/aproba
983 silly ADD node_modules/anymatch
984 silly ADD node_modules/ansi-styles
985 silly ADD node_modules/ansi-regex
986 silly ADD node_modules/ansi-align
987 silly ADD node_modules/ansi-align/node_modules/strip-ansi
988 silly ADD node_modules/ansi-align/node_modules/string-width
989 silly ADD node_modules/ansi-align/node_modules/emoji-regex
990 silly ADD node_modules/ansi-align/node_modules/ansi-regex
991 silly ADD node_modules/agent-base
992 silly ADD node_modules/acorn-import-attributes
993 silly ADD node_modules/acorn
994 silly ADD node_modules/abbrev
995 silly ADD node_modules/@vercel/nft
996 silly ADD node_modules/@vercel/edge
997 silly ADD node_modules/@vercel/analytics
998 silly ADD node_modules/@ungap/structured-clone
999 silly ADD node_modules/@types/unist
1000 silly ADD node_modules/@types/nlcst
1001 silly ADD node_modules/@types/nlcst/node_modules/@types/unist
1002 silly ADD node_modules/@types/ms
1003 silly ADD node_modules/@types/mdast
1004 silly ADD node_modules/@types/hast
1005 silly ADD node_modules/@types/estree
1006 silly ADD node_modules/@types/debug
1007 silly ADD node_modules/@types/cookie
1008 silly ADD node_modules/@types/babel__traverse
1009 silly ADD node_modules/@types/babel__template
1010 silly ADD node_modules/@types/babel__generator
1011 silly ADD node_modules/@types/babel__core
1012 silly ADD node_modules/@splidejs/splide
1013 silly ADD node_modules/@shikijs/core
1014 silly ADD node_modules/@rollup/rollup-win32-x64-msvc
1015 silly ADD node_modules/@rollup/pluginutils
1016 silly ADD node_modules/@nodelib/fs.walk
1017 silly ADD node_modules/@nodelib/fs.stat
1018 silly ADD node_modules/@nodelib/fs.scandir
1019 silly ADD node_modules/@mapbox/node-pre-gyp
1020 silly ADD node_modules/@jridgewell/trace-mapping
1021 silly ADD node_modules/@jridgewell/sourcemap-codec
1022 silly ADD node_modules/@jridgewell/set-array
1023 silly ADD node_modules/@jridgewell/resolve-uri
1024 silly ADD node_modules/@jridgewell/gen-mapping
1025 silly ADD node_modules/@img/sharp-win32-x64
1026 silly ADD node_modules/@esbuild/win32-x64
1027 silly ADD node_modules/@babel/types
1028 silly ADD node_modules/@babel/traverse
1029 silly ADD node_modules/@babel/template
1030 silly ADD node_modules/@babel/plugin-transform-react-jsx
1031 silly ADD node_modules/@babel/plugin-syntax-jsx
1032 silly ADD node_modules/@babel/parser
1033 silly ADD node_modules/@babel/highlight
1034 silly ADD node_modules/@babel/helpers
1035 silly ADD node_modules/@babel/helper-validator-option
1036 silly ADD node_modules/@babel/helper-validator-identifier
1037 silly ADD node_modules/@babel/helper-string-parser
1038 silly ADD node_modules/@babel/helper-split-export-declaration
1039 silly ADD node_modules/@babel/helper-simple-access
1040 silly ADD node_modules/@babel/helper-plugin-utils
1041 silly ADD node_modules/@babel/helper-module-transforms
1042 silly ADD node_modules/@babel/helper-module-imports
1043 silly ADD node_modules/@babel/helper-hoist-variables
1044 silly ADD node_modules/@babel/helper-function-name
1045 silly ADD node_modules/@babel/helper-environment-visitor
1046 silly ADD node_modules/@babel/helper-compilation-targets
1047 silly ADD node_modules/@babel/helper-compilation-targets/node_modules/semver
1048 silly ADD node_modules/@babel/helper-annotate-as-pure
1049 silly ADD node_modules/@babel/generator
1050 silly ADD node_modules/@babel/core
1051 silly ADD node_modules/@babel/core/node_modules/semver
1052 silly ADD node_modules/@babel/compat-data
1053 silly ADD node_modules/@babel/code-frame
1054 silly ADD node_modules/@astrojs/vercel
1055 silly ADD node_modules/@astrojs/vercel/node_modules/@astrojs/internal-helpers
1056 silly ADD node_modules/@astrojs/telemetry
1057 silly ADD node_modules/@astrojs/prism
1058 silly ADD node_modules/@astrojs/markdown-remark
1059 silly ADD node_modules/@astrojs/internal-helpers
1060 silly ADD node_modules/@astrojs/compiler
1061 silly ADD node_modules/@ampproject/remapping
1062 silly CHANGE node_modules/astro
1063 silly ADD node_modules/astro/node_modules/estree-walker
1064 verbose cwd C:\Users\joaquin.ureta\Desktop\portafolio2
1065 verbose os Windows_NT 10.0.26200
1066 verbose node v24.15.0
1067 verbose npm  v11.13.0
1068 verbose exit 0
1069 info ok
