0 verbose cli C:\tools\node\node.exe C:\tools\node\node_modules\npm\bin\npm-cli.js
1 info using npm@11.13.0
2 info using node@v24.15.0
3 silly config load:file:C:\tools\node\node_modules\npm\npmrc
4 silly config load:file:C:\Users\joaquin.ureta\Desktop\portafolio2\.npmrc
5 silly config load:file:C:\Users\joaquin.ureta\.npmrc
6 silly config load:file:C:\tools\node\etc\npmrc
7 verbose title npm install
8 verbose argv "install" "--cache" ".npm-cache"
9 verbose logfile logs-max:10 dir:C:\Users\joaquin.ureta\Desktop\portafolio2\.npm-cache\_logs\2026-06-04T17_35_17_245Z-
10 verbose logfile C:\Users\joaquin.ureta\Desktop\portafolio2\.npm-cache\_logs\2026-06-04T17_35_17_245Z-debug-0.log
11 silly logfile done cleaning log files
12 silly packumentCache heap:4496293888 maxSize:1124073472 maxEntrySize:562036736
13 silly idealTree buildDeps
14 silly reify mark retired [
14 silly reify   'C:\\Users\\joaquin.ureta\\Desktop\\portafolio2\\node_modules\\astro'
14 silly reify ]
15 silly reify moves {
15 silly reify   'C:\\Users\\joaquin.ureta\\Desktop\\portafolio2\\node_modules\\astro': 'C:\\Users\\joaquin.ureta\\Desktop\\portafolio2\\node_modules\\.astro-KQZnLMNM'
15 silly reify }
16 silly audit bulk request {
16 silly audit   '@ampproject/remapping': [ '2.3.0' ],
16 silly audit   '@astrojs/compiler': [ '2.8.0' ],
16 silly audit   '@astrojs/internal-helpers': [ '0.4.0', '0.4.1' ],
16 silly audit   '@astrojs/markdown-remark': [ '5.1.0' ],
16 silly audit   '@astrojs/prism': [ '3.1.0' ],
16 silly audit   '@astrojs/telemetry': [ '3.1.0' ],
16 silly audit   '@astrojs/vercel': [ '7.8.1' ],
16 silly audit   '@babel/code-frame': [ '7.24.7' ],
16 silly audit   '@babel/compat-data': [ '7.24.7' ],
16 silly audit   '@babel/core': [ '7.24.7' ],
16 silly audit   semver: [ '6.3.1', '7.6.2' ],
16 silly audit   '@babel/generator': [ '7.24.7' ],
16 silly audit   '@babel/helper-annotate-as-pure': [ '7.24.7' ],
16 silly audit   '@babel/helper-compilation-targets': [ '7.24.7' ],
16 silly audit   '@babel/helper-environment-visitor': [ '7.24.7' ],
16 silly audit   '@babel/helper-function-name': [ '7.24.7' ],
16 silly audit   '@babel/helper-hoist-variables': [ '7.24.7' ],
16 silly audit   '@babel/helper-module-imports': [ '7.24.7' ],
16 silly audit   '@babel/helper-module-transforms': [ '7.24.7' ],
16 silly audit   '@babel/helper-plugin-utils': [ '7.24.7' ],
16 silly audit   '@babel/helper-simple-access': [ '7.24.7' ],
16 silly audit   '@babel/helper-split-export-declaration': [ '7.24.7' ],
16 silly audit   '@babel/helper-string-parser': [ '7.24.7' ],
16 silly audit   '@babel/helper-validator-identifier': [ '7.24.7' ],
16 silly audit   '@babel/helper-validator-option': [ '7.24.7' ],
16 silly audit   '@babel/helpers': [ '7.24.7' ],
16 silly audit   '@babel/highlight': [ '7.24.7' ],
16 silly audit   '@babel/parser': [ '7.24.7' ],
16 silly audit   '@babel/plugin-syntax-jsx': [ '7.24.7' ],
16 silly audit   '@babel/plugin-transform-react-jsx': [ '7.24.7' ],
16 silly audit   '@babel/template': [ '7.24.7' ],
16 silly audit   '@babel/traverse': [ '7.24.7' ],
16 silly audit   '@babel/types': [ '7.24.7' ],
16 silly audit   '@emnapi/runtime': [ '1.2.0' ],
16 silly audit   '@esbuild/aix-ppc64': [ '0.21.5' ],
16 silly audit   '@esbuild/android-arm': [ '0.21.5' ],
16 silly audit   '@esbuild/android-arm64': [ '0.21.5' ],
16 silly audit   '@esbuild/android-x64': [ '0.21.5' ],
16 silly audit   '@esbuild/darwin-arm64': [ '0.21.5' ],
16 silly audit   '@esbuild/darwin-x64': [ '0.21.5' ],
16 silly audit   '@esbuild/freebsd-arm64': [ '0.21.5' ],
16 silly audit   '@esbuild/freebsd-x64': [ '0.21.5' ],
16 silly audit   '@esbuild/linux-arm': [ '0.21.5' ],
16 silly audit   '@esbuild/linux-arm64': [ '0.21.5' ],
16 silly audit   '@esbuild/linux-ia32': [ '0.21.5' ],
16 silly audit   '@esbuild/linux-loong64': [ '0.21.5' ],
16 silly audit   '@esbuild/linux-mips64el': [ '0.21.5' ],
16 silly audit   '@esbuild/linux-ppc64': [ '0.21.5' ],
16 silly audit   '@esbuild/linux-riscv64': [ '0.21.5' ],
16 silly audit   '@esbuild/linux-s390x': [ '0.21.5' ],
16 silly audit   '@esbuild/linux-x64': [ '0.21.5' ],
16 silly audit   '@esbuild/netbsd-x64': [ '0.21.5' ],
16 silly audit   '@esbuild/openbsd-x64': [ '0.21.5' ],
16 silly audit   '@esbuild/sunos-x64': [ '0.21.5' ],
16 silly audit   '@esbuild/win32-arm64': [ '0.21.5' ],
16 silly audit   '@esbuild/win32-ia32': [ '0.21.5' ],
16 silly audit   '@esbuild/win32-x64': [ '0.21.5' ],
16 silly audit   '@img/sharp-darwin-arm64': [ '0.33.4' ],
16 silly audit   '@img/sharp-darwin-x64': [ '0.33.4' ],
16 silly audit   '@img/sharp-libvips-darwin-arm64': [ '1.0.2' ],
16 silly audit   '@img/sharp-libvips-darwin-x64': [ '1.0.2' ],
16 silly audit   '@img/sharp-libvips-linux-arm': [ '1.0.2' ],
16 silly audit   '@img/sharp-libvips-linux-arm64': [ '1.0.2' ],
16 silly audit   '@img/sharp-libvips-linux-s390x': [ '1.0.2' ],
16 silly audit   '@img/sharp-libvips-linux-x64': [ '1.0.2' ],
16 silly audit   '@img/sharp-libvips-linuxmusl-arm64': [ '1.0.2' ],
16 silly audit   '@img/sharp-libvips-linuxmusl-x64': [ '1.0.2' ],
16 silly audit   '@img/sharp-linux-arm': [ '0.33.4' ],
16 silly audit   '@img/sharp-linux-arm64': [ '0.33.4' ],
16 silly audit   '@img/sharp-linux-s390x': [ '0.33.4' ],
16 silly audit   '@img/sharp-linux-x64': [ '0.33.4' ],
16 silly audit   '@img/sharp-linuxmusl-arm64': [ '0.33.4' ],
16 silly audit   '@img/sharp-linuxmusl-x64': [ '0.33.4' ],
16 silly audit   '@img/sharp-wasm32': [ '0.33.4' ],
16 silly audit   '@img/sharp-win32-ia32': [ '0.33.4' ],
16 silly audit   '@img/sharp-win32-x64': [ '0.33.4' ],
16 silly audit   '@jridgewell/gen-mapping': [ '0.3.5' ],
16 silly audit   '@jridgewell/resolve-uri': [ '3.1.2' ],
16 silly audit   '@jridgewell/set-array': [ '1.2.1' ],
16 silly audit   '@jridgewell/sourcemap-codec': [ '1.4.15' ],
16 silly audit   '@jridgewell/trace-mapping': [ '0.3.25' ],
16 silly audit   '@mapbox/node-pre-gyp': [ '1.0.11' ],
16 silly audit   '@nodelib/fs.scandir': [ '2.1.5' ],
16 silly audit   '@nodelib/fs.stat': [ '2.0.5' ],
16 silly audit   '@nodelib/fs.walk': [ '1.2.8' ],
16 silly audit   '@rollup/pluginutils': [ '4.2.1' ],
16 silly audit   '@rollup/rollup-android-arm-eabi': [ '4.24.0' ],
16 silly audit   '@rollup/rollup-android-arm64': [ '4.24.0' ],
16 silly audit   '@rollup/rollup-darwin-arm64': [ '4.24.0' ],
16 silly audit   '@rollup/rollup-darwin-x64': [ '4.24.0' ],
16 silly audit   '@rollup/rollup-linux-arm-gnueabihf': [ '4.24.0' ],
16 silly audit   '@rollup/rollup-linux-arm-musleabihf': [ '4.24.0' ],
16 silly audit   '@rollup/rollup-linux-arm64-gnu': [ '4.24.0' ],
16 silly audit   '@rollup/rollup-linux-arm64-musl': [ '4.24.0' ],
16 silly audit   '@rollup/rollup-linux-powerpc64le-gnu': [ '4.24.0' ],
16 silly audit   '@rollup/rollup-linux-riscv64-gnu': [ '4.24.0' ],
16 silly audit   '@rollup/rollup-linux-s390x-gnu': [ '4.24.0' ],
16 silly audit   '@rollup/rollup-linux-x64-gnu': [ '4.24.0' ],
16 silly audit   '@rollup/rollup-linux-x64-musl': [ '4.24.0' ],
16 silly audit   '@rollup/rollup-win32-arm64-msvc': [ '4.24.0' ],
16 silly audit   '@rollup/rollup-win32-ia32-msvc': [ '4.24.0' ],
16 silly audit   '@rollup/rollup-win32-x64-msvc': [ '4.24.0' ],
16 silly audit   '@shikijs/core': [ '1.6.4' ],
16 silly audit   '@splidejs/splide': [ '4.1.4' ],
16 silly audit   '@types/babel__core': [ '7.20.5' ],
16 silly audit   '@types/babel__generator': [ '7.6.8' ],
16 silly audit   '@types/babel__template': [ '7.4.4' ],
16 silly audit   '@types/babel__traverse': [ '7.20.6' ],
16 silly audit   '@types/cookie': [ '0.6.0' ],
16 silly audit   '@types/debug': [ '4.1.12' ],
16 silly audit   '@types/estree': [ '1.0.6' ],
16 silly audit   '@types/hast': [ '3.0.4' ],
16 silly audit   '@types/mdast': [ '4.0.4' ],
16 silly audit   '@types/ms': [ '0.7.34' ],
16 silly audit   '@types/nlcst': [ '1.0.4' ],
16 silly audit   '@types/unist': [ '2.0.10', '3.0.2' ],
16 silly audit   '@ungap/structured-clone': [ '1.2.0' ],
16 silly audit   '@vercel/analytics': [ '1.3.1' ],
16 silly audit   '@vercel/edge': [ '1.1.2' ],
16 silly audit   '@vercel/nft': [ '0.27.4' ],
16 silly audit   abbrev: [ '1.1.1' ],
16 silly audit   acorn: [ '8.11.3' ],
16 silly audit   'acorn-import-attributes': [ '1.9.5' ],
16 silly audit   'agent-base': [ '6.0.2' ],
16 silly audit   'ansi-align': [ '3.0.1' ],
16 silly audit   'ansi-regex': [ '5.0.1', '6.0.1' ],
16 silly audit   'emoji-regex': [ '8.0.0', '9.2.2', '10.3.0' ],
16 silly audit   'string-width': [ '4.2.3', '5.1.2', '7.1.0' ],
16 silly audit   'strip-ansi': [ '6.0.1', '7.1.0' ],
16 silly audit   'ansi-styles': [ '3.2.1', '6.2.1' ],
16 silly audit   anymatch: [ '3.1.3' ],
16 silly audit   aproba: [ '2.0.0' ],
16 silly audit   'are-we-there-yet': [ '2.0.0' ],
16 silly audit   argparse: [ '2.0.1', '1.0.10' ],
16 silly audit   'aria-query': [ '5.3.0' ],
16 silly audit   'array-iterate': [ '2.0.1' ],
16 silly audit   astro: [ '4.10.2' ],
16 silly audit   'estree-walker': [ '3.0.3', '2.0.2' ],
16 silly audit   'async-sema': [ '3.1.1' ],
16 silly audit   'axobject-query': [ '4.0.0' ],
16 silly audit   bail: [ '2.0.2' ],
16 silly audit   'balanced-match': [ '1.0.2' ],
16 silly audit   'base-64': [ '1.0.0' ],
16 silly audit   'binary-extensions': [ '2.3.0' ],
16 silly audit   bindings: [ '1.5.0' ],
16 silly audit   boxen: [ '7.1.1' ],
16 silly audit   chalk: [ '5.3.0', '2.4.2' ],
16 silly audit   'brace-expansion': [ '1.1.11' ],
16 silly audit   braces: [ '3.0.3' ],
16 silly audit   browserslist: [ '4.23.1' ],
16 silly audit   camelcase: [ '7.0.1' ],
16 silly audit   'caniuse-lite': [ '1.0.30001633' ],
16 silly audit   ccount: [ '2.0.1' ],
16 silly audit   'character-entities': [ '2.0.2' ],
16 silly audit   'character-entities-html4': [ '2.1.0' ],
16 silly audit   'character-entities-legacy': [ '3.0.0' ],
16 silly audit   chokidar: [ '3.6.0' ],
16 silly audit   chownr: [ '2.0.0' ],
16 silly audit   'ci-info': [ '4.0.0' ],
16 silly audit   'cli-boxes': [ '3.0.0' ],
16 silly audit   'cli-cursor': [ '4.0.0' ],
16 silly audit   'cli-spinners': [ '2.9.2' ],
16 silly audit   clsx: [ '2.1.1' ],
16 silly audit   color: [ '4.2.3' ],
16 silly audit   'color-convert': [ '1.9.3', '2.0.1' ],
16 silly audit   'color-name': [ '1.1.3', '1.1.4' ],
16 silly audit   'color-string': [ '1.9.1' ],
16 silly audit   'color-support': [ '1.1.3' ],
16 silly audit   'comma-separated-tokens': [ '2.0.3' ],
16 silly audit   'common-ancestor-path': [ '1.0.1' ],
16 silly audit   'concat-map': [ '0.0.1' ],
16 silly audit   'console-control-strings': [ '1.1.0' ],
16 silly audit   'convert-source-map': [ '2.0.0' ],
16 silly audit   cookie: [ '0.6.0' ],
16 silly audit   'cross-spawn': [ '7.0.3' ],
16 silly audit   cssesc: [ '3.0.0' ],
16 silly audit   debug: [ '4.3.5' ],
16 silly audit   'decode-named-character-reference': [ '1.0.2' ],
16 silly audit   delegates: [ '1.0.0' ],
16 silly audit   dequal: [ '2.0.3' ],
16 silly audit   'detect-libc': [ '2.0.3' ],
16 silly audit   'deterministic-object-hash': [ '2.0.2' ],
16 silly audit   devalue: [ '5.0.0' ],
16 silly audit   devlop: [ '1.1.0' ],
16 silly audit   diff: [ '5.2.0' ],
16 silly audit   dlv: [ '1.1.3' ],
16 silly audit   dset: [ '3.1.4' ],
16 silly audit   eastasianwidth: [ '0.2.0' ],
16 silly audit   'electron-to-chromium': [ '1.4.802' ],
16 silly audit   entities: [ '4.5.0' ],
16 silly audit   'es-module-lexer': [ '1.5.3' ],
16 silly audit   esbuild: [ '0.21.5' ],
16 silly audit   escalade: [ '3.1.2' ],
16 silly audit   'escape-string-regexp': [ '1.0.5', '5.0.0' ],
16 silly audit   esprima: [ '4.0.1' ],
16 silly audit   eventemitter3: [ '5.0.1' ],
16 silly audit   execa: [ '8.0.1' ],
16 silly audit   extend: [ '3.0.2' ],
16 silly audit   'extend-shallow': [ '2.0.1' ],
16 silly audit   'fast-glob': [ '3.3.2' ],
16 silly audit   fastq: [ '1.17.1' ],
16 silly audit   'file-uri-to-path': [ '1.0.0' ],
16 silly audit   'fill-range': [ '7.1.1' ],
16 silly audit   'find-up': [ '5.0.0', '4.1.0' ],
16 silly audit   'find-yarn-workspace-root2': [ '1.2.16' ],
16 silly audit   flattie: [ '1.1.1' ],
16 silly audit   'fs-minipass': [ '2.1.0' ],
16 silly audit   minipass: [ '3.3.6', '5.0.0' ],
16 silly audit   yallist: [ '4.0.0', '3.1.1' ],
16 silly audit   'fs.realpath': [ '1.0.0' ],
16 silly audit   fsevents: [ '2.3.3' ],
16 silly audit   'function-bind': [ '1.1.2' ],
16 silly audit   gauge: [ '3.0.2' ],
16 silly audit   'signal-exit': [ '3.0.7', '4.1.0' ],
16 silly audit   gensync: [ '1.0.0-beta.2' ],
16 silly audit   'get-east-asian-width': [ '1.2.0' ],
16 silly audit   'get-stream': [ '8.0.1' ],
16 silly audit   'github-slugger': [ '2.0.0' ],
16 silly audit   glob: [ '7.2.3' ],
16 silly audit   'glob-parent': [ '5.1.2' ],
16 silly audit   globals: [ '11.12.0' ],
16 silly audit   'graceful-fs': [ '4.2.11' ],
16 silly audit   'gray-matter': [ '4.0.3' ],
16 silly audit   'js-yaml': [ '3.14.1', '4.1.0' ],
16 silly audit   'has-flag': [ '3.0.0' ],
16 silly audit   'has-unicode': [ '2.0.1' ],
16 silly audit   hasown: [ '2.0.2' ],
16 silly audit   'hast-util-from-html': [ '2.0.1' ],
16 silly audit   'hast-util-from-parse5': [ '8.0.1' ],
16 silly audit   'hast-util-is-element': [ '3.0.0' ],
16 silly audit   'hast-util-parse-selector': [ '4.0.0' ],
16 silly audit   'hast-util-raw': [ '9.0.3' ],
16 silly audit   'hast-util-to-html': [ '9.0.1' ],
16 silly audit   'hast-util-to-parse5': [ '8.0.0' ],
16 silly audit   'hast-util-to-text': [ '4.0.2' ],
16 silly audit   'hast-util-whitespace': [ '3.0.0' ],
16 silly audit   hastscript: [ '8.0.0' ],
16 silly audit   'html-escaper': [ '3.0.3' ],
16 silly audit   'html-void-elements': [ '3.0.0' ],
16 silly audit   'http-cache-semantics': [ '4.1.1' ],
16 silly audit   'https-proxy-agent': [ '5.0.1' ],
16 silly audit   'human-signals': [ '5.0.0' ],
16 silly audit   'import-meta-resolve': [ '4.1.0' ],
16 silly audit   inflight: [ '1.0.6' ],
16 silly audit   inherits: [ '2.0.4' ],
16 silly audit   'is-arrayish': [ '0.3.2' ],
16 silly audit   'is-binary-path': [ '2.1.0' ],
16 silly audit   'is-buffer': [ '2.0.5' ],
16 silly audit   'is-core-module': [ '2.13.1' ],
16 silly audit   'is-docker': [ '3.0.0' ],
16 silly audit   'is-extendable': [ '0.1.1' ],
16 silly audit   'is-extglob': [ '2.1.1' ],
16 silly audit   'is-fullwidth-code-point': [ '3.0.0' ],
16 silly audit   'is-glob': [ '4.0.3' ],
16 silly audit   'is-inside-container': [ '1.0.0' ],
16 silly audit   'is-interactive': [ '2.0.0' ],
16 silly audit   'is-number': [ '7.0.0' ],
16 silly audit   'is-plain-obj': [ '4.1.0' ],
16 silly audit   'is-stream': [ '3.0.0' ],
16 silly audit   'is-unicode-supported': [ '2.0.0', '1.3.0' ],
16 silly audit   'is-wsl': [ '3.1.0' ],
16 silly audit   isexe: [ '2.0.0' ],
16 silly audit   'js-tokens': [ '4.0.0' ],
16 silly audit   jsesc: [ '2.5.2' ],
16 silly audit   json5: [ '2.2.3' ],
16 silly audit   'kind-of': [ '6.0.3' ],
16 silly audit   kleur: [ '4.1.5', '3.0.3' ],
16 silly audit   'load-yaml-file': [ '0.2.0' ],
16 silly audit   'locate-path': [ '6.0.0', '5.0.0' ],
16 silly audit   'log-symbols': [ '6.0.0' ],
16 silly audit   'longest-streak': [ '3.1.0' ],
16 silly audit   'lru-cache': [ '5.1.1' ],
16 silly audit   'magic-string': [ '0.30.10' ],
16 silly audit   'make-dir': [ '3.1.0' ],
16 silly audit   'markdown-table': [ '3.0.3' ],
16 silly audit   'mdast-util-definitions': [ '6.0.0' ],
16 silly audit   'mdast-util-find-and-replace': [ '3.0.1' ],
16 silly audit   'mdast-util-from-markdown': [ '2.0.1' ],
16 silly audit   'mdast-util-gfm': [ '3.0.0' ],
16 silly audit   'mdast-util-gfm-autolink-literal': [ '2.0.0' ],
16 silly audit   'mdast-util-gfm-footnote': [ '2.0.0' ],
16 silly audit   'mdast-util-gfm-strikethrough': [ '2.0.0' ],
16 silly audit   'mdast-util-gfm-table': [ '2.0.0' ],
16 silly audit   'mdast-util-gfm-task-list-item': [ '2.0.0' ],
16 silly audit   'mdast-util-phrasing': [ '4.1.0' ],
16 silly audit   'mdast-util-to-hast': [ '13.2.0' ],
16 silly audit   'mdast-util-to-markdown': [ '2.1.0' ],
16 silly audit   'mdast-util-to-string': [ '4.0.0' ],
16 silly audit   'merge-stream': [ '2.0.0' ],
16 silly audit   merge2: [ '1.4.1' ],
16 silly audit   micromark: [ '4.0.0' ],
16 silly audit   'micromark-core-commonmark': [ '2.0.1' ],
16 silly audit   'micromark-extension-gfm': [ '3.0.0' ],
16 silly audit   'micromark-extension-gfm-autolink-literal': [ '2.0.0' ],
16 silly audit   'micromark-extension-gfm-footnote': [ '2.0.0' ],
16 silly audit   'micromark-extension-gfm-strikethrough': [ '2.0.0' ],
16 silly audit   'micromark-extension-gfm-table': [ '2.0.0' ],
16 silly audit   'micromark-extension-gfm-tagfilter': [ '2.0.0' ],
16 silly audit   'micromark-extension-gfm-task-list-item': [ '2.0.1' ],
16 silly audit   'micromark-factory-destination': [ '2.0.0' ],
16 silly audit   'micromark-factory-label': [ '2.0.0' ],
16 silly audit   'micromark-factory-space': [ '2.0.0' ],
16 silly audit   'micromark-factory-title': [ '2.0.0' ],
16 silly audit   'micromark-factory-whitespace': [ '2.0.0' ],
16 silly audit   'micromark-util-character': [ '2.1.0' ],
16 silly audit   'micromark-util-chunked': [ '2.0.0' ],
16 silly audit   'micromark-util-classify-character': [ '2.0.0' ],
16 silly audit   'micromark-util-combine-extensions': [ '2.0.0' ],
16 silly audit   'micromark-util-decode-numeric-character-reference': [ '2.0.1' ],
16 silly audit   'micromark-util-decode-string': [ '2.0.0' ],
16 silly audit   'micromark-util-encode': [ '2.0.0' ],
16 silly audit   'micromark-util-html-tag-name': [ '2.0.0' ],
16 silly audit   'micromark-util-normalize-identifier': [ '2.0.0' ],
16 silly audit   'micromark-util-resolve-all': [ '2.0.0' ],
16 silly audit   'micromark-util-sanitize-uri': [ '2.0.0' ],
16 silly audit   'micromark-util-subtokenize': [ '2.0.1' ],
16 silly audit   'micromark-util-symbol': [ '2.0.0' ],
16 silly audit   'micromark-util-types': [ '2.0.0' ],
16 silly audit   micromatch: [ '4.0.8' ],
16 silly audit   'mimic-fn': [ '4.0.0', '2.1.0' ],
16 silly audit   minimatch: [ '3.1.2' ],
16 silly audit   minizlib: [ '2.1.2' ],
16 silly audit   mkdirp: [ '1.0.4' ],
16 silly audit   mrmime: [ '2.0.0' ],
16 silly audit   ms: [ '2.1.2' ],
16 silly audit   nanoid: [ '3.3.7' ],
16 silly audit   'nlcst-to-string': [ '3.1.1' ],
16 silly audit   'node-fetch': [ '2.7.0' ],
16 silly audit   'node-gyp-build': [ '4.8.2' ],
16 silly audit   'node-releases': [ '2.0.14' ],
16 silly audit   nopt: [ '5.0.0' ],
16 silly audit   'normalize-path': [ '3.0.0' ],
16 silly audit   'npm-run-path': [ '5.3.0' ],
16 silly audit   'path-key': [ '4.0.0', '3.1.1' ],
16 silly audit   npmlog: [ '5.0.1' ],
16 silly audit   'object-assign': [ '4.1.1' ],
16 silly audit   once: [ '1.4.0' ],
16 silly audit   onetime: [ '6.0.0', '5.1.2' ],
16 silly audit   ora: [ '8.0.1' ],
16 silly audit   'p-limit': [ '5.0.0', '3.1.0', '2.3.0' ],
16 silly audit   'p-locate': [ '5.0.0', '4.1.0' ],
16 silly audit   'yocto-queue': [ '0.1.0', '1.0.0' ],
16 silly audit   'p-queue': [ '8.0.1' ],
16 silly audit   'p-timeout': [ '6.1.2' ],
16 silly audit   'p-try': [ '2.2.0' ],
16 silly audit   'parse-latin': [ '5.0.1' ],
16 silly audit   parse5: [ '7.1.2' ],
16 silly audit   'path-exists': [ '4.0.0' ],
16 silly audit   'path-is-absolute': [ '1.0.1' ],
16 silly audit   'path-parse': [ '1.0.7' ],
16 silly audit   'path-to-regexp': [ '6.3.0' ],
16 silly audit   picocolors: [ '1.1.0' ],
16 silly audit   picomatch: [ '2.3.1' ],
16 silly audit   pify: [ '4.0.1' ],
16 silly audit   'pkg-dir': [ '4.2.0' ],
16 silly audit   postcss: [ '8.4.47' ],
16 silly audit   'preferred-pm': [ '3.1.3' ],
16 silly audit   'which-pm': [ '2.0.0', '2.2.0' ],
16 silly audit   prismjs: [ '1.29.0' ],
16 silly audit   prompts: [ '2.4.2' ],
16 silly audit   'property-information': [ '6.5.0' ],
16 silly audit   'queue-microtask': [ '1.2.3' ],
16 silly audit   'readable-stream': [ '3.6.2' ],
16 silly audit   readdirp: [ '3.6.0' ],
16 silly audit   rehype: [ '13.0.1' ],
16 silly audit   'rehype-parse': [ '9.0.0' ],
16 silly audit   'rehype-raw': [ '7.0.0' ],
16 silly audit   'rehype-stringify': [ '10.0.0' ],
16 silly audit   'remark-gfm': [ '4.0.0' ],
16 silly audit   'remark-parse': [ '11.0.0' ],
16 silly audit   'remark-rehype': [ '11.1.0' ],
16 silly audit   'remark-smartypants': [ '2.1.0' ],
16 silly audit   'remark-stringify': [ '11.0.0' ],
16 silly audit   resolve: [ '1.22.8' ],
16 silly audit   'resolve-from': [ '5.0.0' ],
16 silly audit   'restore-cursor': [ '4.0.0' ],
16 silly audit   retext: [ '8.1.0' ],
16 silly audit   'retext-latin': [ '3.1.0' ],
16 silly audit   unified: [ '10.1.2', '11.0.4' ],
16 silly audit   'unist-util-stringify-position': [ '3.0.3', '4.0.0' ],
16 silly audit   vfile: [ '5.3.7', '6.0.1' ],
16 silly audit   'vfile-message': [ '3.1.4', '4.0.2' ],
16 silly audit   'retext-smartypants': [ '5.2.0' ],
16 silly audit   'unist-util-is': [ '5.2.1', '6.0.0' ],
16 silly audit   'unist-util-visit': [ '4.1.2', '5.0.0' ],
16 silly audit   'unist-util-visit-parents': [ '5.1.3', '6.0.1' ],
16 silly audit   'retext-stringify': [ '3.1.0' ],
16 silly audit   reusify: [ '1.0.4' ],
16 silly audit   rimraf: [ '3.0.2' ],
16 silly audit   rollup: [ '4.24.0' ],
16 silly audit   'run-parallel': [ '1.2.0' ],
16 silly audit   'safe-buffer': [ '5.2.1' ],
16 silly audit   'section-matter': [ '1.0.0' ],
16 silly audit   'server-only': [ '0.0.1' ],
16 silly audit   'set-blocking': [ '2.0.0' ],
16 silly audit   sharp: [ '0.33.4' ],
16 silly audit   'shebang-command': [ '2.0.0' ],
16 silly audit   'shebang-regex': [ '3.0.0' ],
16 silly audit   shiki: [ '1.6.4' ],
16 silly audit   'simple-swizzle': [ '0.2.2' ],
16 silly audit   sisteransi: [ '1.0.5' ],
16 silly audit   'source-map-js': [ '1.2.1' ],
16 silly audit   'space-separated-tokens': [ '2.0.2' ],
16 silly audit   'sprintf-js': [ '1.0.3' ],
16 silly audit   'stdin-discarder': [ '0.2.2' ],
16 silly audit   string_decoder: [ '1.3.0' ],
16 silly audit   'stringify-entities': [ '4.0.4' ],
16 silly audit   'strip-bom': [ '3.0.0' ],
16 silly audit   'strip-bom-string': [ '1.0.0' ],
16 silly audit   'strip-final-newline': [ '3.0.0' ],
16 silly audit   'supports-color': [ '5.5.0' ],
16 silly audit   'supports-preserve-symlinks-flag': [ '1.0.0' ],
16 silly audit   tar: [ '6.2.1' ],
16 silly audit   'to-fast-properties': [ '2.0.0' ],
16 silly audit   'to-regex-range': [ '5.0.1' ],
16 silly audit   tr46: [ '0.0.3' ],
16 silly audit   'trim-lines': [ '3.0.1' ],
16 silly audit   trough: [ '2.2.0' ],
16 silly audit   tsconfck: [ '3.1.0' ],
16 silly audit   tslib: [ '2.6.3' ],
16 silly audit   'type-fest': [ '2.19.0' ],
16 silly audit   unherit: [ '3.0.1' ],
16 silly audit   'unist-util-find-after': [ '5.0.0' ],
16 silly audit   'unist-util-modify-children': [ '3.1.1' ],
16 silly audit   'unist-util-position': [ '5.0.0' ],
16 silly audit   'unist-util-remove-position': [ '5.0.0' ],
16 silly audit   'unist-util-visit-children': [ '2.0.2' ],
16 silly audit   'update-browserslist-db': [ '1.0.16' ],
16 silly audit   'util-deprecate': [ '1.0.2' ],
16 silly audit   'vfile-location': [ '5.0.2' ],
16 silly audit   vite: [ '5.4.8' ],
16 silly audit   vitefu: [ '0.2.5' ],
16 silly audit   'web-namespaces': [ '2.0.1' ],
16 silly audit   'web-vitals': [ '3.5.2' ],
16 silly audit   'webidl-conversions': [ '3.0.1' ],
16 silly audit   'whatwg-url': [ '5.0.0' ],
16 silly audit   which: [ '2.0.2' ],
16 silly audit   'which-pm-runs': [ '1.1.0' ],
16 silly audit   'wide-align': [ '1.1.5' ],
16 silly audit   'widest-line': [ '4.0.1' ],
16 silly audit   'wrap-ansi': [ '8.1.0' ],
16 silly audit   wrappy: [ '1.0.2' ],
16 silly audit   'yargs-parser': [ '21.1.1' ],
16 silly audit   zod: [ '3.23.8' ],
16 silly audit   'zod-to-json-schema': [ '3.23.0' ],
16 silly audit   zwitch: [ '2.0.4' ]
16 silly audit }
17 http cache zwitch@https://registry.npmjs.org/zwitch/-/zwitch-2.0.4.tgz 0ms (cache hit)
18 http cache zod@https://registry.npmjs.org/zod/-/zod-3.23.8.tgz 0ms (cache hit)
19 http cache zod-to-json-schema@https://registry.npmjs.org/zod-to-json-schema/-/zod-to-json-schema-3.23.0.tgz 0ms (cache hit)
20 http cache yocto-queue@https://registry.npmjs.org/yocto-queue/-/yocto-queue-1.0.0.tgz 0ms (cache hit)
21 http cache yallist@https://registry.npmjs.org/yallist/-/yallist-3.1.1.tgz 0ms (cache hit)
22 http cache yargs-parser@https://registry.npmjs.org/yargs-parser/-/yargs-parser-21.1.1.tgz 0ms (cache hit)
23 http cache wrap-ansi@https://registry.npmjs.org/wrap-ansi/-/wrap-ansi-8.1.0.tgz 0ms (cache hit)
24 http cache widest-line@https://registry.npmjs.org/widest-line/-/widest-line-4.0.1.tgz 0ms (cache hit)
25 http cache wrappy@https://registry.npmjs.org/wrappy/-/wrappy-1.0.2.tgz 0ms (cache hit)
26 http cache wide-align@https://registry.npmjs.org/wide-align/-/wide-align-1.1.5.tgz 0ms (cache hit)
27 http cache which-pm-runs@https://registry.npmjs.org/which-pm-runs/-/which-pm-runs-1.1.0.tgz 0ms (cache hit)
28 http cache which-pm@https://registry.npmjs.org/which-pm/-/which-pm-2.2.0.tgz 0ms (cache hit)
29 http cache which@https://registry.npmjs.org/which/-/which-2.0.2.tgz 0ms (cache hit)
30 http cache webidl-conversions@https://registry.npmjs.org/webidl-conversions/-/webidl-conversions-3.0.1.tgz 0ms (cache hit)
31 http cache web-vitals@https://registry.npmjs.org/web-vitals/-/web-vitals-3.5.2.tgz 0ms (cache hit)
32 http cache web-namespaces@https://registry.npmjs.org/web-namespaces/-/web-namespaces-2.0.1.tgz 0ms (cache hit)
33 http cache vitefu@https://registry.npmjs.org/vitefu/-/vitefu-0.2.5.tgz 0ms (cache hit)
34 http cache vite@https://registry.npmjs.org/vite/-/vite-5.4.8.tgz 0ms (cache hit)
35 http cache vfile-message@https://registry.npmjs.org/vfile-message/-/vfile-message-4.0.2.tgz 0ms (cache hit)
36 http cache whatwg-url@https://registry.npmjs.org/whatwg-url/-/whatwg-url-5.0.0.tgz 0ms (cache hit)
37 http cache vfile@https://registry.npmjs.org/vfile/-/vfile-6.0.1.tgz 0ms (cache hit)
38 http cache util-deprecate@https://registry.npmjs.org/util-deprecate/-/util-deprecate-1.0.2.tgz 0ms (cache hit)
39 http cache update-browserslist-db@https://registry.npmjs.org/update-browserslist-db/-/update-browserslist-db-1.0.16.tgz 0ms (cache hit)
40 http cache vfile-location@https://registry.npmjs.org/vfile-location/-/vfile-location-5.0.2.tgz 0ms (cache hit)
41 http cache unist-util-visit-parents@https://registry.npmjs.org/unist-util-visit-parents/-/unist-util-visit-parents-6.0.1.tgz 0ms (cache hit)
42 http cache unist-util-visit@https://registry.npmjs.org/unist-util-visit/-/unist-util-visit-5.0.0.tgz 0ms (cache hit)
43 http cache unist-util-visit-children@https://registry.npmjs.org/unist-util-visit-children/-/unist-util-visit-children-2.0.2.tgz 0ms (cache hit)
44 http cache unist-util-stringify-position@https://registry.npmjs.org/unist-util-stringify-position/-/unist-util-stringify-position-4.0.0.tgz 0ms (cache hit)
45 http cache unist-util-position@https://registry.npmjs.org/unist-util-position/-/unist-util-position-5.0.0.tgz 0ms (cache hit)
46 http cache unist-util-remove-position@https://registry.npmjs.org/unist-util-remove-position/-/unist-util-remove-position-5.0.0.tgz 0ms (cache hit)
47 http cache unist-util-modify-children@https://registry.npmjs.org/unist-util-modify-children/-/unist-util-modify-children-3.1.1.tgz 0ms (cache hit)
48 http cache unist-util-find-after@https://registry.npmjs.org/unist-util-find-after/-/unist-util-find-after-5.0.0.tgz 0ms (cache hit)
49 http cache unified@https://registry.npmjs.org/unified/-/unified-11.0.4.tgz 0ms (cache hit)
50 http cache unherit@https://registry.npmjs.org/unherit/-/unherit-3.0.1.tgz 0ms (cache hit)
51 http cache type-fest@https://registry.npmjs.org/type-fest/-/type-fest-2.19.0.tgz 0ms (cache hit)
52 http cache tsconfck@https://registry.npmjs.org/tsconfck/-/tsconfck-3.1.0.tgz 0ms (cache hit)
53 http cache unist-util-is@https://registry.npmjs.org/unist-util-is/-/unist-util-is-6.0.0.tgz 0ms (cache hit)
54 http cache trim-lines@https://registry.npmjs.org/trim-lines/-/trim-lines-3.0.1.tgz 0ms (cache hit)
55 http cache trough@https://registry.npmjs.org/trough/-/trough-2.2.0.tgz 0ms (cache hit)
56 http cache tr46@https://registry.npmjs.org/tr46/-/tr46-0.0.3.tgz 0ms (cache hit)
57 http cache to-regex-range@https://registry.npmjs.org/to-regex-range/-/to-regex-range-5.0.1.tgz 0ms (cache hit)
58 http cache to-fast-properties@https://registry.npmjs.org/to-fast-properties/-/to-fast-properties-2.0.0.tgz 0ms (cache hit)
59 http cache supports-preserve-symlinks-flag@https://registry.npmjs.org/supports-preserve-symlinks-flag/-/supports-preserve-symlinks-flag-1.0.0.tgz 0ms (cache hit)
60 http cache tar@https://registry.npmjs.org/tar/-/tar-6.2.1.tgz 0ms (cache hit)
61 http cache strip-final-newline@https://registry.npmjs.org/strip-final-newline/-/strip-final-newline-3.0.0.tgz 0ms (cache hit)
62 http cache supports-color@https://registry.npmjs.org/supports-color/-/supports-color-5.5.0.tgz 0ms (cache hit)
63 http cache strip-bom@https://registry.npmjs.org/strip-bom/-/strip-bom-3.0.0.tgz 0ms (cache hit)
64 http cache strip-bom-string@https://registry.npmjs.org/strip-bom-string/-/strip-bom-string-1.0.0.tgz 0ms (cache hit)
65 http cache stringify-entities@https://registry.npmjs.org/stringify-entities/-/stringify-entities-4.0.4.tgz 0ms (cache hit)
66 http cache string-width@https://registry.npmjs.org/string-width/-/string-width-7.1.0.tgz 0ms (cache hit)
67 http cache string_decoder@https://registry.npmjs.org/string_decoder/-/string_decoder-1.3.0.tgz 0ms (cache hit)
68 http cache strip-ansi@https://registry.npmjs.org/strip-ansi/-/strip-ansi-7.1.0.tgz 0ms (cache hit)
69 http cache stdin-discarder@https://registry.npmjs.org/stdin-discarder/-/stdin-discarder-0.2.2.tgz 0ms (cache hit)
70 http cache sprintf-js@https://registry.npmjs.org/sprintf-js/-/sprintf-js-1.0.3.tgz 0ms (cache hit)
71 http cache space-separated-tokens@https://registry.npmjs.org/space-separated-tokens/-/space-separated-tokens-2.0.2.tgz 0ms (cache hit)
72 http cache signal-exit@https://registry.npmjs.org/signal-exit/-/signal-exit-4.1.0.tgz 0ms (cache hit)
73 http cache sisteransi@https://registry.npmjs.org/sisteransi/-/sisteransi-1.0.5.tgz 0ms (cache hit)
74 http cache source-map-js@https://registry.npmjs.org/source-map-js/-/source-map-js-1.2.1.tgz 0ms (cache hit)
75 http cache simple-swizzle@https://registry.npmjs.org/simple-swizzle/-/simple-swizzle-0.2.2.tgz 0ms (cache hit)
76 http cache shiki@https://registry.npmjs.org/shiki/-/shiki-1.6.4.tgz 0ms (cache hit)
77 http cache shebang-regex@https://registry.npmjs.org/shebang-regex/-/shebang-regex-3.0.0.tgz 0ms (cache hit)
78 http cache shebang-command@https://registry.npmjs.org/shebang-command/-/shebang-command-2.0.0.tgz 0ms (cache hit)
79 http cache sharp@https://registry.npmjs.org/sharp/-/sharp-0.33.4.tgz 0ms (cache hit)
80 http cache set-blocking@https://registry.npmjs.org/set-blocking/-/set-blocking-2.0.0.tgz 0ms (cache hit)
81 http cache server-only@https://registry.npmjs.org/server-only/-/server-only-0.0.1.tgz 0ms (cache hit)
82 http cache section-matter@https://registry.npmjs.org/section-matter/-/section-matter-1.0.0.tgz 0ms (cache hit)
83 http cache run-parallel@https://registry.npmjs.org/run-parallel/-/run-parallel-1.2.0.tgz 0ms (cache hit)
84 http cache semver@https://registry.npmjs.org/semver/-/semver-7.6.2.tgz 0ms (cache hit)
85 http cache rollup@https://registry.npmjs.org/rollup/-/rollup-4.24.0.tgz 0ms (cache hit)
86 http cache retext-stringify@https://registry.npmjs.org/retext-stringify/-/retext-stringify-3.1.0.tgz 0ms (cache hit)
87 http cache safe-buffer@https://registry.npmjs.org/safe-buffer/-/safe-buffer-5.2.1.tgz 0ms (cache hit)
88 http cache rimraf@https://registry.npmjs.org/rimraf/-/rimraf-3.0.2.tgz 0ms (cache hit)
89 http cache reusify@https://registry.npmjs.org/reusify/-/reusify-1.0.4.tgz 0ms (cache hit)
90 http cache restore-cursor@https://registry.npmjs.org/restore-cursor/-/restore-cursor-4.0.0.tgz 0ms (cache hit)
91 http cache retext-latin@https://registry.npmjs.org/retext-latin/-/retext-latin-3.1.0.tgz 0ms (cache hit)
92 http cache retext@https://registry.npmjs.org/retext/-/retext-8.1.0.tgz 0ms (cache hit)
93 http cache resolve-from@https://registry.npmjs.org/resolve-from/-/resolve-from-5.0.0.tgz 0ms (cache hit)
94 http cache retext-smartypants@https://registry.npmjs.org/retext-smartypants/-/retext-smartypants-5.2.0.tgz 0ms (cache hit)
95 http cache resolve@https://registry.npmjs.org/resolve/-/resolve-1.22.8.tgz 0ms (cache hit)
96 http cache remark-stringify@https://registry.npmjs.org/remark-stringify/-/remark-stringify-11.0.0.tgz 0ms (cache hit)
97 http cache remark-smartypants@https://registry.npmjs.org/remark-smartypants/-/remark-smartypants-2.1.0.tgz 0ms (cache hit)
98 http cache remark-parse@https://registry.npmjs.org/remark-parse/-/remark-parse-11.0.0.tgz 0ms (cache hit)
99 http cache remark-rehype@https://registry.npmjs.org/remark-rehype/-/remark-rehype-11.1.0.tgz 0ms (cache hit)
100 http cache rehype-stringify@https://registry.npmjs.org/rehype-stringify/-/rehype-stringify-10.0.0.tgz 0ms (cache hit)
101 http cache rehype-raw@https://registry.npmjs.org/rehype-raw/-/rehype-raw-7.0.0.tgz 0ms (cache hit)
102 http cache remark-gfm@https://registry.npmjs.org/remark-gfm/-/remark-gfm-4.0.0.tgz 0ms (cache hit)
103 http cache rehype-parse@https://registry.npmjs.org/rehype-parse/-/rehype-parse-9.0.0.tgz 0ms (cache hit)
104 http cache readdirp@https://registry.npmjs.org/readdirp/-/readdirp-3.6.0.tgz 0ms (cache hit)
105 http cache readable-stream@https://registry.npmjs.org/readable-stream/-/readable-stream-3.6.2.tgz 0ms (cache hit)
106 http cache rehype@https://registry.npmjs.org/rehype/-/rehype-13.0.1.tgz 0ms (cache hit)
107 http cache queue-microtask@https://registry.npmjs.org/queue-microtask/-/queue-microtask-1.2.3.tgz 0ms (cache hit)
108 http cache property-information@https://registry.npmjs.org/property-information/-/property-information-6.5.0.tgz 0ms (cache hit)
109 http cache prismjs@https://registry.npmjs.org/prismjs/-/prismjs-1.29.0.tgz 0ms (cache hit)
110 http cache prompts@https://registry.npmjs.org/prompts/-/prompts-2.4.2.tgz 0ms (cache hit)
111 http cache postcss@https://registry.npmjs.org/postcss/-/postcss-8.4.47.tgz 0ms (cache hit)
112 http cache preferred-pm@https://registry.npmjs.org/preferred-pm/-/preferred-pm-3.1.3.tgz 0ms (cache hit)
113 http cache pkg-dir@https://registry.npmjs.org/pkg-dir/-/pkg-dir-4.2.0.tgz 0ms (cache hit)
114 http cache pify@https://registry.npmjs.org/pify/-/pify-4.0.1.tgz 0ms (cache hit)
115 http cache picomatch@https://registry.npmjs.org/picomatch/-/picomatch-2.3.1.tgz 0ms (cache hit)
116 http cache picocolors@https://registry.npmjs.org/picocolors/-/picocolors-1.1.0.tgz 0ms (cache hit)
117 http cache path-to-regexp@https://registry.npmjs.org/path-to-regexp/-/path-to-regexp-6.3.0.tgz 0ms (cache hit)
118 http cache path-parse@https://registry.npmjs.org/path-parse/-/path-parse-1.0.7.tgz 0ms (cache hit)
119 http cache path-key@https://registry.npmjs.org/path-key/-/path-key-3.1.1.tgz 0ms (cache hit)
120 http cache path-exists@https://registry.npmjs.org/path-exists/-/path-exists-4.0.0.tgz 0ms (cache hit)
121 http cache parse5@https://registry.npmjs.org/parse5/-/parse5-7.1.2.tgz 0ms (cache hit)
122 http cache parse-latin@https://registry.npmjs.org/parse-latin/-/parse-latin-5.0.1.tgz 0ms (cache hit)
123 http cache path-is-absolute@https://registry.npmjs.org/path-is-absolute/-/path-is-absolute-1.0.1.tgz 0ms (cache hit)
124 http cache p-try@https://registry.npmjs.org/p-try/-/p-try-2.2.0.tgz 0ms (cache hit)
125 http cache p-queue@https://registry.npmjs.org/p-queue/-/p-queue-8.0.1.tgz 0ms (cache hit)
126 http cache p-timeout@https://registry.npmjs.org/p-timeout/-/p-timeout-6.1.2.tgz 0ms (cache hit)
127 http cache p-locate@https://registry.npmjs.org/p-locate/-/p-locate-5.0.0.tgz 0ms (cache hit)
128 http cache p-limit@https://registry.npmjs.org/p-limit/-/p-limit-5.0.0.tgz 1ms (cache hit)
129 http cache onetime@https://registry.npmjs.org/onetime/-/onetime-6.0.0.tgz 0ms (cache hit)
130 http cache ora@https://registry.npmjs.org/ora/-/ora-8.0.1.tgz 0ms (cache hit)
131 http cache once@https://registry.npmjs.org/once/-/once-1.4.0.tgz 0ms (cache hit)
132 http cache npmlog@https://registry.npmjs.org/npmlog/-/npmlog-5.0.1.tgz 0ms (cache hit)
133 http cache normalize-path@https://registry.npmjs.org/normalize-path/-/normalize-path-3.0.0.tgz 0ms (cache hit)
134 http cache object-assign@https://registry.npmjs.org/object-assign/-/object-assign-4.1.1.tgz 0ms (cache hit)
135 http cache nopt@https://registry.npmjs.org/nopt/-/nopt-5.0.0.tgz 0ms (cache hit)
136 http cache npm-run-path@https://registry.npmjs.org/npm-run-path/-/npm-run-path-5.3.0.tgz 0ms (cache hit)
137 http cache node-releases@https://registry.npmjs.org/node-releases/-/node-releases-2.0.14.tgz 0ms (cache hit)
138 http cache node-gyp-build@https://registry.npmjs.org/node-gyp-build/-/node-gyp-build-4.8.2.tgz 0ms (cache hit)
139 http cache node-fetch@https://registry.npmjs.org/node-fetch/-/node-fetch-2.7.0.tgz 0ms (cache hit)
140 http cache nlcst-to-string@https://registry.npmjs.org/nlcst-to-string/-/nlcst-to-string-3.1.1.tgz 0ms (cache hit)
141 http cache nanoid@https://registry.npmjs.org/nanoid/-/nanoid-3.3.7.tgz 0ms (cache hit)
142 http cache ms@https://registry.npmjs.org/ms/-/ms-2.1.2.tgz 0ms (cache hit)
143 http cache mrmime@https://registry.npmjs.org/mrmime/-/mrmime-2.0.0.tgz 0ms (cache hit)
144 http cache mkdirp@https://registry.npmjs.org/mkdirp/-/mkdirp-1.0.4.tgz 0ms (cache hit)
145 http cache minizlib@https://registry.npmjs.org/minizlib/-/minizlib-2.1.2.tgz 0ms (cache hit)
146 http cache minipass@https://registry.npmjs.org/minipass/-/minipass-5.0.0.tgz 0ms (cache hit)
147 http cache mimic-fn@https://registry.npmjs.org/mimic-fn/-/mimic-fn-4.0.0.tgz 0ms (cache hit)
148 http cache minimatch@https://registry.npmjs.org/minimatch/-/minimatch-3.1.2.tgz 0ms (cache hit)
149 http cache micromatch@https://registry.npmjs.org/micromatch/-/micromatch-4.0.8.tgz 0ms (cache hit)
150 http cache micromark-util-symbol@https://registry.npmjs.org/micromark-util-symbol/-/micromark-util-symbol-2.0.0.tgz 0ms (cache hit)
151 http cache micromark-util-types@https://registry.npmjs.org/micromark-util-types/-/micromark-util-types-2.0.0.tgz 0ms (cache hit)
152 http cache micromark-util-subtokenize@https://registry.npmjs.org/micromark-util-subtokenize/-/micromark-util-subtokenize-2.0.1.tgz 0ms (cache hit)
153 http cache micromark-util-sanitize-uri@https://registry.npmjs.org/micromark-util-sanitize-uri/-/micromark-util-sanitize-uri-2.0.0.tgz 0ms (cache hit)
154 http cache micromark-util-resolve-all@https://registry.npmjs.org/micromark-util-resolve-all/-/micromark-util-resolve-all-2.0.0.tgz 0ms (cache hit)
155 http cache micromark-util-normalize-identifier@https://registry.npmjs.org/micromark-util-normalize-identifier/-/micromark-util-normalize-identifier-2.0.0.tgz 0ms (cache hit)
156 http cache micromark-util-html-tag-name@https://registry.npmjs.org/micromark-util-html-tag-name/-/micromark-util-html-tag-name-2.0.0.tgz 0ms (cache hit)
157 http cache micromark-util-encode@https://registry.npmjs.org/micromark-util-encode/-/micromark-util-encode-2.0.0.tgz 0ms (cache hit)
158 http cache micromark-util-decode-string@https://registry.npmjs.org/micromark-util-decode-string/-/micromark-util-decode-string-2.0.0.tgz 0ms (cache hit)
159 http cache micromark-util-decode-numeric-character-reference@https://registry.npmjs.org/micromark-util-decode-numeric-character-reference/-/micromark-util-decode-numeric-character-reference-2.0.1.tgz 0ms (cache hit)
160 http cache micromark-util-combine-extensions@https://registry.npmjs.org/micromark-util-combine-extensions/-/micromark-util-combine-extensions-2.0.0.tgz 0ms (cache hit)
161 http cache micromark-util-classify-character@https://registry.npmjs.org/micromark-util-classify-character/-/micromark-util-classify-character-2.0.0.tgz 0ms (cache hit)
162 http cache micromark-util-chunked@https://registry.npmjs.org/micromark-util-chunked/-/micromark-util-chunked-2.0.0.tgz 0ms (cache hit)
163 http cache micromark-util-character@https://registry.npmjs.org/micromark-util-character/-/micromark-util-character-2.1.0.tgz 0ms (cache hit)
164 http cache micromark-factory-whitespace@https://registry.npmjs.org/micromark-factory-whitespace/-/micromark-factory-whitespace-2.0.0.tgz 0ms (cache hit)
165 http cache micromark-factory-label@https://registry.npmjs.org/micromark-factory-label/-/micromark-factory-label-2.0.0.tgz 0ms (cache hit)
166 http cache micromark-factory-space@https://registry.npmjs.org/micromark-factory-space/-/micromark-factory-space-2.0.0.tgz 0ms (cache hit)
167 http cache micromark-factory-destination@https://registry.npmjs.org/micromark-factory-destination/-/micromark-factory-destination-2.0.0.tgz 0ms (cache hit)
168 http cache micromark-extension-gfm-task-list-item@https://registry.npmjs.org/micromark-extension-gfm-task-list-item/-/micromark-extension-gfm-task-list-item-2.0.1.tgz 0ms (cache hit)
169 http cache micromark-extension-gfm-tagfilter@https://registry.npmjs.org/micromark-extension-gfm-tagfilter/-/micromark-extension-gfm-tagfilter-2.0.0.tgz 0ms (cache hit)
170 http cache micromark-extension-gfm-table@https://registry.npmjs.org/micromark-extension-gfm-table/-/micromark-extension-gfm-table-2.0.0.tgz 0ms (cache hit)
171 http cache micromark-extension-gfm-footnote@https://registry.npmjs.org/micromark-extension-gfm-footnote/-/micromark-extension-gfm-footnote-2.0.0.tgz 0ms (cache hit)
172 http cache micromark-extension-gfm-strikethrough@https://registry.npmjs.org/micromark-extension-gfm-strikethrough/-/micromark-extension-gfm-strikethrough-2.0.0.tgz 0ms (cache hit)
173 http cache micromark-factory-title@https://registry.npmjs.org/micromark-factory-title/-/micromark-factory-title-2.0.0.tgz 0ms (cache hit)
174 http cache micromark-extension-gfm@https://registry.npmjs.org/micromark-extension-gfm/-/micromark-extension-gfm-3.0.0.tgz 0ms (cache hit)
175 http cache micromark@https://registry.npmjs.org/micromark/-/micromark-4.0.0.tgz 0ms (cache hit)
176 http cache micromark-extension-gfm-autolink-literal@https://registry.npmjs.org/micromark-extension-gfm-autolink-literal/-/micromark-extension-gfm-autolink-literal-2.0.0.tgz 0ms (cache hit)
177 http cache micromark-core-commonmark@https://registry.npmjs.org/micromark-core-commonmark/-/micromark-core-commonmark-2.0.1.tgz 0ms (cache hit)
178 http cache merge-stream@https://registry.npmjs.org/merge-stream/-/merge-stream-2.0.0.tgz 0ms (cache hit)
179 http cache mdast-util-to-string@https://registry.npmjs.org/mdast-util-to-string/-/mdast-util-to-string-4.0.0.tgz 0ms (cache hit)
180 http cache mdast-util-to-markdown@https://registry.npmjs.org/mdast-util-to-markdown/-/mdast-util-to-markdown-2.1.0.tgz 0ms (cache hit)
181 http cache merge2@https://registry.npmjs.org/merge2/-/merge2-1.4.1.tgz 0ms (cache hit)
182 http cache mdast-util-to-hast@https://registry.npmjs.org/mdast-util-to-hast/-/mdast-util-to-hast-13.2.0.tgz 0ms (cache hit)
183 http cache mdast-util-gfm-task-list-item@https://registry.npmjs.org/mdast-util-gfm-task-list-item/-/mdast-util-gfm-task-list-item-2.0.0.tgz 0ms (cache hit)
184 http cache mdast-util-gfm-table@https://registry.npmjs.org/mdast-util-gfm-table/-/mdast-util-gfm-table-2.0.0.tgz 0ms (cache hit)
185 http cache mdast-util-phrasing@https://registry.npmjs.org/mdast-util-phrasing/-/mdast-util-phrasing-4.1.0.tgz 0ms (cache hit)
186 http cache mdast-util-gfm-footnote@https://registry.npmjs.org/mdast-util-gfm-footnote/-/mdast-util-gfm-footnote-2.0.0.tgz 0ms (cache hit)
187 http cache mdast-util-gfm-strikethrough@https://registry.npmjs.org/mdast-util-gfm-strikethrough/-/mdast-util-gfm-strikethrough-2.0.0.tgz 0ms (cache hit)
188 http cache mdast-util-gfm-autolink-literal@https://registry.npmjs.org/mdast-util-gfm-autolink-literal/-/mdast-util-gfm-autolink-literal-2.0.0.tgz 0ms (cache hit)
189 http cache mdast-util-gfm@https://registry.npmjs.org/mdast-util-gfm/-/mdast-util-gfm-3.0.0.tgz 0ms (cache hit)
190 http cache mdast-util-from-markdown@https://registry.npmjs.org/mdast-util-from-markdown/-/mdast-util-from-markdown-2.0.1.tgz 0ms (cache hit)
191 http cache markdown-table@https://registry.npmjs.org/markdown-table/-/markdown-table-3.0.3.tgz 0ms (cache hit)
192 http cache mdast-util-find-and-replace@https://registry.npmjs.org/mdast-util-find-and-replace/-/mdast-util-find-and-replace-3.0.1.tgz 0ms (cache hit)
193 http cache lru-cache@https://registry.npmjs.org/lru-cache/-/lru-cache-5.1.1.tgz 0ms (cache hit)
194 http cache magic-string@https://registry.npmjs.org/magic-string/-/magic-string-0.30.10.tgz 0ms (cache hit)
195 http cache make-dir@https://registry.npmjs.org/make-dir/-/make-dir-3.1.0.tgz 0ms (cache hit)
196 http cache longest-streak@https://registry.npmjs.org/longest-streak/-/longest-streak-3.1.0.tgz 0ms (cache hit)
197 http cache kind-of@https://registry.npmjs.org/kind-of/-/kind-of-6.0.3.tgz 0ms (cache hit)
198 http cache mdast-util-definitions@https://registry.npmjs.org/mdast-util-definitions/-/mdast-util-definitions-6.0.0.tgz 0ms (cache hit)
199 http cache log-symbols@https://registry.npmjs.org/log-symbols/-/log-symbols-6.0.0.tgz 0ms (cache hit)
200 http cache load-yaml-file@https://registry.npmjs.org/load-yaml-file/-/load-yaml-file-0.2.0.tgz 0ms (cache hit)
201 http cache locate-path@https://registry.npmjs.org/locate-path/-/locate-path-6.0.0.tgz 0ms (cache hit)
202 http cache jsesc@https://registry.npmjs.org/jsesc/-/jsesc-2.5.2.tgz 0ms (cache hit)
203 http cache json5@https://registry.npmjs.org/json5/-/json5-2.2.3.tgz 0ms (cache hit)
204 http cache js-yaml@https://registry.npmjs.org/js-yaml/-/js-yaml-4.1.0.tgz 0ms (cache hit)
205 http cache isexe@https://registry.npmjs.org/isexe/-/isexe-2.0.0.tgz 0ms (cache hit)
206 http cache kleur@https://registry.npmjs.org/kleur/-/kleur-4.1.5.tgz 0ms (cache hit)
207 http cache js-tokens@https://registry.npmjs.org/js-tokens/-/js-tokens-4.0.0.tgz 0ms (cache hit)
208 http cache is-unicode-supported@https://registry.npmjs.org/is-unicode-supported/-/is-unicode-supported-2.0.0.tgz 0ms (cache hit)
209 http cache is-number@https://registry.npmjs.org/is-number/-/is-number-7.0.0.tgz 0ms (cache hit)
210 http cache is-wsl@https://registry.npmjs.org/is-wsl/-/is-wsl-3.1.0.tgz 0ms (cache hit)
211 http cache is-plain-obj@https://registry.npmjs.org/is-plain-obj/-/is-plain-obj-4.1.0.tgz 0ms (cache hit)
212 http cache is-interactive@https://registry.npmjs.org/is-interactive/-/is-interactive-2.0.0.tgz 0ms (cache hit)
213 http cache is-stream@https://registry.npmjs.org/is-stream/-/is-stream-3.0.0.tgz 0ms (cache hit)
214 http cache is-glob@https://registry.npmjs.org/is-glob/-/is-glob-4.0.3.tgz 0ms (cache hit)
215 http cache is-extglob@https://registry.npmjs.org/is-extglob/-/is-extglob-2.1.1.tgz 0ms (cache hit)
216 http cache is-inside-container@https://registry.npmjs.org/is-inside-container/-/is-inside-container-1.0.0.tgz 0ms (cache hit)
217 http cache is-fullwidth-code-point@https://registry.npmjs.org/is-fullwidth-code-point/-/is-fullwidth-code-point-3.0.0.tgz 0ms (cache hit)
218 http cache is-extendable@https://registry.npmjs.org/is-extendable/-/is-extendable-0.1.1.tgz 0ms (cache hit)
219 http cache is-docker@https://registry.npmjs.org/is-docker/-/is-docker-3.0.0.tgz 0ms (cache hit)
220 http cache is-core-module@https://registry.npmjs.org/is-core-module/-/is-core-module-2.13.1.tgz 0ms (cache hit)
221 http cache is-binary-path@https://registry.npmjs.org/is-binary-path/-/is-binary-path-2.1.0.tgz 0ms (cache hit)
222 http cache is-buffer@https://registry.npmjs.org/is-buffer/-/is-buffer-2.0.5.tgz 0ms (cache hit)
223 http cache inflight@https://registry.npmjs.org/inflight/-/inflight-1.0.6.tgz 0ms (cache hit)
224 http cache inherits@https://registry.npmjs.org/inherits/-/inherits-2.0.4.tgz 0ms (cache hit)
225 http cache import-meta-resolve@https://registry.npmjs.org/import-meta-resolve/-/import-meta-resolve-4.1.0.tgz 0ms (cache hit)
226 http cache human-signals@https://registry.npmjs.org/human-signals/-/human-signals-5.0.0.tgz 0ms (cache hit)
227 http cache https-proxy-agent@https://registry.npmjs.org/https-proxy-agent/-/https-proxy-agent-5.0.1.tgz 0ms (cache hit)
228 http cache html-void-elements@https://registry.npmjs.org/html-void-elements/-/html-void-elements-3.0.0.tgz 0ms (cache hit)
229 http cache is-arrayish@https://registry.npmjs.org/is-arrayish/-/is-arrayish-0.3.2.tgz 0ms (cache hit)
230 http cache html-escaper@https://registry.npmjs.org/html-escaper/-/html-escaper-3.0.3.tgz 0ms (cache hit)
231 http cache http-cache-semantics@https://registry.npmjs.org/http-cache-semantics/-/http-cache-semantics-4.1.1.tgz 0ms (cache hit)
232 http cache hastscript@https://registry.npmjs.org/hastscript/-/hastscript-8.0.0.tgz 0ms (cache hit)
233 http cache hast-util-whitespace@https://registry.npmjs.org/hast-util-whitespace/-/hast-util-whitespace-3.0.0.tgz 0ms (cache hit)
234 http cache hast-util-to-text@https://registry.npmjs.org/hast-util-to-text/-/hast-util-to-text-4.0.2.tgz 0ms (cache hit)
235 http cache hast-util-to-html@https://registry.npmjs.org/hast-util-to-html/-/hast-util-to-html-9.0.1.tgz 0ms (cache hit)
236 http cache hast-util-to-parse5@https://registry.npmjs.org/hast-util-to-parse5/-/hast-util-to-parse5-8.0.0.tgz 0ms (cache hit)
237 http cache hast-util-raw@https://registry.npmjs.org/hast-util-raw/-/hast-util-raw-9.0.3.tgz 0ms (cache hit)
238 http cache hast-util-parse-selector@https://registry.npmjs.org/hast-util-parse-selector/-/hast-util-parse-selector-4.0.0.tgz 0ms (cache hit)
239 http cache hast-util-is-element@https://registry.npmjs.org/hast-util-is-element/-/hast-util-is-element-3.0.0.tgz 0ms (cache hit)
240 http cache hast-util-from-parse5@https://registry.npmjs.org/hast-util-from-parse5/-/hast-util-from-parse5-8.0.1.tgz 0ms (cache hit)
241 http cache hasown@https://registry.npmjs.org/hasown/-/hasown-2.0.2.tgz 0ms (cache hit)
242 http cache has-unicode@https://registry.npmjs.org/has-unicode/-/has-unicode-2.0.1.tgz 0ms (cache hit)
243 http cache gray-matter@https://registry.npmjs.org/gray-matter/-/gray-matter-4.0.3.tgz 0ms (cache hit)
244 http cache has-flag@https://registry.npmjs.org/has-flag/-/has-flag-3.0.0.tgz 0ms (cache hit)
245 http cache graceful-fs@https://registry.npmjs.org/graceful-fs/-/graceful-fs-4.2.11.tgz 0ms (cache hit)
246 http cache glob-parent@https://registry.npmjs.org/glob-parent/-/glob-parent-5.1.2.tgz 0ms (cache hit)
247 http cache github-slugger@https://registry.npmjs.org/github-slugger/-/github-slugger-2.0.0.tgz 0ms (cache hit)
248 http cache hast-util-from-html@https://registry.npmjs.org/hast-util-from-html/-/hast-util-from-html-2.0.1.tgz 0ms (cache hit)
249 http cache globals@https://registry.npmjs.org/globals/-/globals-11.12.0.tgz 0ms (cache hit)
250 http cache glob@https://registry.npmjs.org/glob/-/glob-7.2.3.tgz 0ms (cache hit)
251 http cache get-stream@https://registry.npmjs.org/get-stream/-/get-stream-8.0.1.tgz 0ms (cache hit)
252 http cache gensync@https://registry.npmjs.org/gensync/-/gensync-1.0.0-beta.2.tgz 0ms (cache hit)
253 http cache get-east-asian-width@https://registry.npmjs.org/get-east-asian-width/-/get-east-asian-width-1.2.0.tgz 0ms (cache hit)
254 http cache gauge@https://registry.npmjs.org/gauge/-/gauge-3.0.2.tgz 0ms (cache hit)
255 http cache fs.realpath@https://registry.npmjs.org/fs.realpath/-/fs.realpath-1.0.0.tgz 0ms (cache hit)
256 http cache fs-minipass@https://registry.npmjs.org/fs-minipass/-/fs-minipass-2.1.0.tgz 0ms (cache hit)
257 http cache function-bind@https://registry.npmjs.org/function-bind/-/function-bind-1.1.2.tgz 0ms (cache hit)
258 http cache flattie@https://registry.npmjs.org/flattie/-/flattie-1.1.1.tgz 0ms (cache hit)
259 http cache find-yarn-workspace-root2@https://registry.npmjs.org/find-yarn-workspace-root2/-/find-yarn-workspace-root2-1.2.16.tgz 0ms (cache hit)
260 http cache find-up@https://registry.npmjs.org/find-up/-/find-up-5.0.0.tgz 0ms (cache hit)
261 http cache fill-range@https://registry.npmjs.org/fill-range/-/fill-range-7.1.1.tgz 0ms (cache hit)
262 http cache file-uri-to-path@https://registry.npmjs.org/file-uri-to-path/-/file-uri-to-path-1.0.0.tgz 1ms (cache hit)
263 http cache fastq@https://registry.npmjs.org/fastq/-/fastq-1.17.1.tgz 0ms (cache hit)
264 http cache extend-shallow@https://registry.npmjs.org/extend-shallow/-/extend-shallow-2.0.1.tgz 0ms (cache hit)
265 http cache execa@https://registry.npmjs.org/execa/-/execa-8.0.1.tgz 0ms (cache hit)
266 http cache extend@https://registry.npmjs.org/extend/-/extend-3.0.2.tgz 0ms (cache hit)
267 http cache fast-glob@https://registry.npmjs.org/fast-glob/-/fast-glob-3.3.2.tgz 0ms (cache hit)
268 http cache estree-walker@https://registry.npmjs.org/estree-walker/-/estree-walker-2.0.2.tgz 0ms (cache hit)
269 http cache esprima@https://registry.npmjs.org/esprima/-/esprima-4.0.1.tgz 0ms (cache hit)
270 http cache eventemitter3@https://registry.npmjs.org/eventemitter3/-/eventemitter3-5.0.1.tgz 0ms (cache hit)
271 http cache esbuild@https://registry.npmjs.org/esbuild/-/esbuild-0.21.5.tgz 0ms (cache hit)
272 http cache escalade@https://registry.npmjs.org/escalade/-/escalade-3.1.2.tgz 0ms (cache hit)
273 http cache escape-string-regexp@https://registry.npmjs.org/escape-string-regexp/-/escape-string-regexp-1.0.5.tgz 0ms (cache hit)
274 http cache emoji-regex@https://registry.npmjs.org/emoji-regex/-/emoji-regex-10.3.0.tgz 0ms (cache hit)
275 http cache eastasianwidth@https://registry.npmjs.org/eastasianwidth/-/eastasianwidth-0.2.0.tgz 0ms (cache hit)
276 http cache entities@https://registry.npmjs.org/entities/-/entities-4.5.0.tgz 0ms (cache hit)
277 http cache dset@https://registry.npmjs.org/dset/-/dset-3.1.4.tgz 0ms (cache hit)
278 http cache es-module-lexer@https://registry.npmjs.org/es-module-lexer/-/es-module-lexer-1.5.3.tgz 0ms (cache hit)
279 http cache dlv@https://registry.npmjs.org/dlv/-/dlv-1.1.3.tgz 0ms (cache hit)
280 http cache electron-to-chromium@https://registry.npmjs.org/electron-to-chromium/-/electron-to-chromium-1.4.802.tgz 0ms (cache hit)
281 http cache diff@https://registry.npmjs.org/diff/-/diff-5.2.0.tgz 0ms (cache hit)
282 http cache devalue@https://registry.npmjs.org/devalue/-/devalue-5.0.0.tgz 0ms (cache hit)
283 http cache devlop@https://registry.npmjs.org/devlop/-/devlop-1.1.0.tgz 0ms (cache hit)
284 http cache dequal@https://registry.npmjs.org/dequal/-/dequal-2.0.3.tgz 0ms (cache hit)
285 http cache detect-libc@https://registry.npmjs.org/detect-libc/-/detect-libc-2.0.3.tgz 0ms (cache hit)
286 http cache deterministic-object-hash@https://registry.npmjs.org/deterministic-object-hash/-/deterministic-object-hash-2.0.2.tgz 0ms (cache hit)
287 http cache delegates@https://registry.npmjs.org/delegates/-/delegates-1.0.0.tgz 0ms (cache hit)
288 http cache debug@https://registry.npmjs.org/debug/-/debug-4.3.5.tgz 1ms (cache hit)
289 http cache decode-named-character-reference@https://registry.npmjs.org/decode-named-character-reference/-/decode-named-character-reference-1.0.2.tgz 0ms (cache hit)
290 http cache cssesc@https://registry.npmjs.org/cssesc/-/cssesc-3.0.0.tgz 0ms (cache hit)
291 http cache cross-spawn@https://registry.npmjs.org/cross-spawn/-/cross-spawn-7.0.3.tgz 0ms (cache hit)
292 http cache concat-map@https://registry.npmjs.org/concat-map/-/concat-map-0.0.1.tgz 0ms (cache hit)
293 http cache console-control-strings@https://registry.npmjs.org/console-control-strings/-/console-control-strings-1.1.0.tgz 0ms (cache hit)
294 http cache convert-source-map@https://registry.npmjs.org/convert-source-map/-/convert-source-map-2.0.0.tgz 0ms (cache hit)
295 http cache cookie@https://registry.npmjs.org/cookie/-/cookie-0.6.0.tgz 0ms (cache hit)
296 http cache common-ancestor-path@https://registry.npmjs.org/common-ancestor-path/-/common-ancestor-path-1.0.1.tgz 0ms (cache hit)
297 http cache color-string@https://registry.npmjs.org/color-string/-/color-string-1.9.1.tgz 0ms (cache hit)
298 http cache comma-separated-tokens@https://registry.npmjs.org/comma-separated-tokens/-/comma-separated-tokens-2.0.3.tgz 0ms (cache hit)
299 http cache color-support@https://registry.npmjs.org/color-support/-/color-support-1.1.3.tgz 0ms (cache hit)
300 http cache color-convert@https://registry.npmjs.org/color-convert/-/color-convert-1.9.3.tgz 0ms (cache hit)
301 http cache color-name@https://registry.npmjs.org/color-name/-/color-name-1.1.3.tgz 0ms (cache hit)
302 http cache color@https://registry.npmjs.org/color/-/color-4.2.3.tgz 0ms (cache hit)
303 http cache clsx@https://registry.npmjs.org/clsx/-/clsx-2.1.1.tgz 0ms (cache hit)
304 http cache cli-spinners@https://registry.npmjs.org/cli-spinners/-/cli-spinners-2.9.2.tgz 0ms (cache hit)
305 http cache cli-cursor@https://registry.npmjs.org/cli-cursor/-/cli-cursor-4.0.0.tgz 0ms (cache hit)
306 http cache chownr@https://registry.npmjs.org/chownr/-/chownr-2.0.0.tgz 0ms (cache hit)
307 http cache cli-boxes@https://registry.npmjs.org/cli-boxes/-/cli-boxes-3.0.0.tgz 0ms (cache hit)
308 http cache chokidar@https://registry.npmjs.org/chokidar/-/chokidar-3.6.0.tgz 0ms (cache hit)
309 http cache character-entities-html4@https://registry.npmjs.org/character-entities-html4/-/character-entities-html4-2.1.0.tgz 0ms (cache hit)
310 http cache character-entities@https://registry.npmjs.org/character-entities/-/character-entities-2.0.2.tgz 0ms (cache hit)
311 http cache ci-info@https://registry.npmjs.org/ci-info/-/ci-info-4.0.0.tgz 0ms (cache hit)
312 http cache character-entities-legacy@https://registry.npmjs.org/character-entities-legacy/-/character-entities-legacy-3.0.0.tgz 0ms (cache hit)
313 http cache ccount@https://registry.npmjs.org/ccount/-/ccount-2.0.1.tgz 0ms (cache hit)
314 http cache chalk@https://registry.npmjs.org/chalk/-/chalk-2.4.2.tgz 0ms (cache hit)
315 http cache caniuse-lite@https://registry.npmjs.org/caniuse-lite/-/caniuse-lite-1.0.30001633.tgz 0ms (cache hit)
316 http cache browserslist@https://registry.npmjs.org/browserslist/-/browserslist-4.23.1.tgz 0ms (cache hit)
317 http cache braces@https://registry.npmjs.org/braces/-/braces-3.0.3.tgz 0ms (cache hit)
318 http cache camelcase@https://registry.npmjs.org/camelcase/-/camelcase-7.0.1.tgz 0ms (cache hit)
319 http cache brace-expansion@https://registry.npmjs.org/brace-expansion/-/brace-expansion-1.1.11.tgz 0ms (cache hit)
320 http cache boxen@https://registry.npmjs.org/boxen/-/boxen-7.1.1.tgz 0ms (cache hit)
321 http cache bindings@https://registry.npmjs.org/bindings/-/bindings-1.5.0.tgz 0ms (cache hit)
322 http cache binary-extensions@https://registry.npmjs.org/binary-extensions/-/binary-extensions-2.3.0.tgz 0ms (cache hit)
323 http cache base-64@https://registry.npmjs.org/base-64/-/base-64-1.0.0.tgz 0ms (cache hit)
324 http cache balanced-match@https://registry.npmjs.org/balanced-match/-/balanced-match-1.0.2.tgz 0ms (cache hit)
325 http cache bail@https://registry.npmjs.org/bail/-/bail-2.0.2.tgz 0ms (cache hit)
326 http cache axobject-query@https://registry.npmjs.org/axobject-query/-/axobject-query-4.0.0.tgz 0ms (cache hit)
327 http cache async-sema@https://registry.npmjs.org/async-sema/-/async-sema-3.1.1.tgz 0ms (cache hit)
328 http cache aria-query@https://registry.npmjs.org/aria-query/-/aria-query-5.3.0.tgz 0ms (cache hit)
329 http cache array-iterate@https://registry.npmjs.org/array-iterate/-/array-iterate-2.0.1.tgz 0ms (cache hit)
330 http cache argparse@https://registry.npmjs.org/argparse/-/argparse-2.0.1.tgz 0ms (cache hit)
331 http cache are-we-there-yet@https://registry.npmjs.org/are-we-there-yet/-/are-we-there-yet-2.0.0.tgz 0ms (cache hit)
332 http cache aproba@https://registry.npmjs.org/aproba/-/aproba-2.0.0.tgz 0ms (cache hit)
333 http cache anymatch@https://registry.npmjs.org/anymatch/-/anymatch-3.1.3.tgz 0ms (cache hit)
334 http cache ansi-regex@https://registry.npmjs.org/ansi-regex/-/ansi-regex-6.0.1.tgz 0ms (cache hit)
335 http cache agent-base@https://registry.npmjs.org/agent-base/-/agent-base-6.0.2.tgz 0ms (cache hit)
336 http cache ansi-align@https://registry.npmjs.org/ansi-align/-/ansi-align-3.0.1.tgz 0ms (cache hit)
337 http cache acorn-import-attributes@https://registry.npmjs.org/acorn-import-attributes/-/acorn-import-attributes-1.9.5.tgz 0ms (cache hit)
338 http cache acorn@https://registry.npmjs.org/acorn/-/acorn-8.11.3.tgz 0ms (cache hit)
339 http cache abbrev@https://registry.npmjs.org/abbrev/-/abbrev-1.1.1.tgz 0ms (cache hit)
340 http cache @vercel/edge@https://registry.npmjs.org/@vercel/edge/-/edge-1.1.2.tgz 0ms (cache hit)
341 http cache @vercel/analytics@https://registry.npmjs.org/@vercel/analytics/-/analytics-1.3.1.tgz 0ms (cache hit)
342 http cache @vercel/nft@https://registry.npmjs.org/@vercel/nft/-/nft-0.27.4.tgz 0ms (cache hit)
343 http cache @ungap/structured-clone@https://registry.npmjs.org/@ungap/structured-clone/-/structured-clone-1.2.0.tgz 0ms (cache hit)
344 http cache @types/unist@https://registry.npmjs.org/@types/unist/-/unist-3.0.2.tgz 0ms (cache hit)
345 http cache @types/ms@https://registry.npmjs.org/@types/ms/-/ms-0.7.34.tgz 0ms (cache hit)
346 http cache ansi-styles@https://registry.npmjs.org/ansi-styles/-/ansi-styles-3.2.1.tgz 0ms (cache hit)
347 http cache @types/nlcst@https://registry.npmjs.org/@types/nlcst/-/nlcst-1.0.4.tgz 0ms (cache hit)
348 http cache @types/debug@https://registry.npmjs.org/@types/debug/-/debug-4.1.12.tgz 0ms (cache hit)
349 http cache @types/mdast@https://registry.npmjs.org/@types/mdast/-/mdast-4.0.4.tgz 0ms (cache hit)
350 http cache @types/estree@https://registry.npmjs.org/@types/estree/-/estree-1.0.6.tgz 0ms (cache hit)
351 http cache @types/cookie@https://registry.npmjs.org/@types/cookie/-/cookie-0.6.0.tgz 0ms (cache hit)
352 http cache @types/hast@https://registry.npmjs.org/@types/hast/-/hast-3.0.4.tgz 0ms (cache hit)
353 http cache @shikijs/core@https://registry.npmjs.org/@shikijs/core/-/core-1.6.4.tgz 0ms (cache hit)
354 http cache @types/babel__traverse@https://registry.npmjs.org/@types/babel__traverse/-/babel__traverse-7.20.6.tgz 0ms (cache hit)
355 http cache @types/babel__template@https://registry.npmjs.org/@types/babel__template/-/babel__template-7.4.4.tgz 0ms (cache hit)
356 http cache @splidejs/splide@https://registry.npmjs.org/@splidejs/splide/-/splide-4.1.4.tgz 0ms (cache hit)
357 http cache @types/babel__generator@https://registry.npmjs.org/@types/babel__generator/-/babel__generator-7.6.8.tgz 0ms (cache hit)
358 http cache @types/babel__core@https://registry.npmjs.org/@types/babel__core/-/babel__core-7.20.5.tgz 0ms (cache hit)
359 http cache @rollup/pluginutils@https://registry.npmjs.org/@rollup/pluginutils/-/pluginutils-4.2.1.tgz 0ms (cache hit)
360 http cache @rollup/rollup-win32-x64-msvc@https://registry.npmjs.org/@rollup/rollup-win32-x64-msvc/-/rollup-win32-x64-msvc-4.24.0.tgz 0ms (cache hit)
361 http cache @nodelib/fs.scandir@https://registry.npmjs.org/@nodelib/fs.scandir/-/fs.scandir-2.1.5.tgz 0ms (cache hit)
362 http cache @jridgewell/trace-mapping@https://registry.npmjs.org/@jridgewell/trace-mapping/-/trace-mapping-0.3.25.tgz 0ms (cache hit)
363 http cache @nodelib/fs.stat@https://registry.npmjs.org/@nodelib/fs.stat/-/fs.stat-2.0.5.tgz 0ms (cache hit)
364 http cache @nodelib/fs.walk@https://registry.npmjs.org/@nodelib/fs.walk/-/fs.walk-1.2.8.tgz 0ms (cache hit)
365 http cache @mapbox/node-pre-gyp@https://registry.npmjs.org/@mapbox/node-pre-gyp/-/node-pre-gyp-1.0.11.tgz 0ms (cache hit)
366 http cache @jridgewell/sourcemap-codec@https://registry.npmjs.org/@jridgewell/sourcemap-codec/-/sourcemap-codec-1.4.15.tgz 0ms (cache hit)
367 http cache @img/sharp-win32-x64@https://registry.npmjs.org/@img/sharp-win32-x64/-/sharp-win32-x64-0.33.4.tgz 0ms (cache hit)
368 http cache @jridgewell/set-array@https://registry.npmjs.org/@jridgewell/set-array/-/set-array-1.2.1.tgz 0ms (cache hit)
369 http cache @jridgewell/gen-mapping@https://registry.npmjs.org/@jridgewell/gen-mapping/-/gen-mapping-0.3.5.tgz 0ms (cache hit)
370 http cache @esbuild/win32-x64@https://registry.npmjs.org/@esbuild/win32-x64/-/win32-x64-0.21.5.tgz 0ms (cache hit)
371 http cache @babel/template@https://registry.npmjs.org/@babel/template/-/template-7.24.7.tgz 0ms (cache hit)
372 http cache @babel/types@https://registry.npmjs.org/@babel/types/-/types-7.24.7.tgz 0ms (cache hit)
373 http cache @jridgewell/resolve-uri@https://registry.npmjs.org/@jridgewell/resolve-uri/-/resolve-uri-3.1.2.tgz 0ms (cache hit)
374 http cache @babel/traverse@https://registry.npmjs.org/@babel/traverse/-/traverse-7.24.7.tgz 0ms (cache hit)
375 http cache @babel/plugin-transform-react-jsx@https://registry.npmjs.org/@babel/plugin-transform-react-jsx/-/plugin-transform-react-jsx-7.24.7.tgz 0ms (cache hit)
376 http cache @babel/plugin-syntax-jsx@https://registry.npmjs.org/@babel/plugin-syntax-jsx/-/plugin-syntax-jsx-7.24.7.tgz 0ms (cache hit)
377 http cache @babel/highlight@https://registry.npmjs.org/@babel/highlight/-/highlight-7.24.7.tgz 0ms (cache hit)
378 http cache @babel/parser@https://registry.npmjs.org/@babel/parser/-/parser-7.24.7.tgz 0ms (cache hit)
379 http cache @babel/helpers@https://registry.npmjs.org/@babel/helpers/-/helpers-7.24.7.tgz 0ms (cache hit)
380 http cache @babel/helper-validator-identifier@https://registry.npmjs.org/@babel/helper-validator-identifier/-/helper-validator-identifier-7.24.7.tgz 0ms (cache hit)
381 http cache @babel/helper-string-parser@https://registry.npmjs.org/@babel/helper-string-parser/-/helper-string-parser-7.24.7.tgz 0ms (cache hit)
382 http cache @babel/helper-split-export-declaration@https://registry.npmjs.org/@babel/helper-split-export-declaration/-/helper-split-export-declaration-7.24.7.tgz 0ms (cache hit)
383 http cache @babel/helper-validator-option@https://registry.npmjs.org/@babel/helper-validator-option/-/helper-validator-option-7.24.7.tgz 0ms (cache hit)
384 http cache @babel/helper-simple-access@https://registry.npmjs.org/@babel/helper-simple-access/-/helper-simple-access-7.24.7.tgz 0ms (cache hit)
385 http cache @babel/helper-module-transforms@https://registry.npmjs.org/@babel/helper-module-transforms/-/helper-module-transforms-7.24.7.tgz 0ms (cache hit)
386 http cache @babel/helper-module-imports@https://registry.npmjs.org/@babel/helper-module-imports/-/helper-module-imports-7.24.7.tgz 0ms (cache hit)
387 http cache @babel/helper-plugin-utils@https://registry.npmjs.org/@babel/helper-plugin-utils/-/helper-plugin-utils-7.24.7.tgz 0ms (cache hit)
388 http cache @babel/helper-hoist-variables@https://registry.npmjs.org/@babel/helper-hoist-variables/-/helper-hoist-variables-7.24.7.tgz 0ms (cache hit)
389 http cache @babel/helper-function-name@https://registry.npmjs.org/@babel/helper-function-name/-/helper-function-name-7.24.7.tgz 0ms (cache hit)
390 http cache @babel/helper-compilation-targets@https://registry.npmjs.org/@babel/helper-compilation-targets/-/helper-compilation-targets-7.24.7.tgz 0ms (cache hit)
391 http cache @babel/helper-environment-visitor@https://registry.npmjs.org/@babel/helper-environment-visitor/-/helper-environment-visitor-7.24.7.tgz 0ms (cache hit)
392 http cache @babel/helper-annotate-as-pure@https://registry.npmjs.org/@babel/helper-annotate-as-pure/-/helper-annotate-as-pure-7.24.7.tgz 0ms (cache hit)
393 http cache @babel/generator@https://registry.npmjs.org/@babel/generator/-/generator-7.24.7.tgz 0ms (cache hit)
394 http cache @babel/core@https://registry.npmjs.org/@babel/core/-/core-7.24.7.tgz 0ms (cache hit)
395 http cache @babel/compat-data@https://registry.npmjs.org/@babel/compat-data/-/compat-data-7.24.7.tgz 0ms (cache hit)
396 http cache @babel/code-frame@https://registry.npmjs.org/@babel/code-frame/-/code-frame-7.24.7.tgz 0ms (cache hit)
397 http cache @astrojs/vercel@https://registry.npmjs.org/@astrojs/vercel/-/vercel-7.8.1.tgz 0ms (cache hit)
398 http cache @astrojs/telemetry@https://registry.npmjs.org/@astrojs/telemetry/-/telemetry-3.1.0.tgz 0ms (cache hit)
399 http cache @astrojs/markdown-remark@https://registry.npmjs.org/@astrojs/markdown-remark/-/markdown-remark-5.1.0.tgz 0ms (cache hit)
400 http cache @astrojs/prism@https://registry.npmjs.org/@astrojs/prism/-/prism-3.1.0.tgz 0ms (cache hit)
401 http cache @ampproject/remapping@https://registry.npmjs.org/@ampproject/remapping/-/remapping-2.3.0.tgz 0ms (cache hit)
402 http cache astro@https://registry.npmjs.org/astro/-/astro-4.10.2.tgz 0ms (cache hit)
403 http cache @astrojs/compiler@https://registry.npmjs.org/@astrojs/compiler/-/compiler-2.8.0.tgz 0ms (cache hit)
404 http cache emoji-regex@https://registry.npmjs.org/emoji-regex/-/emoji-regex-9.2.2.tgz 0ms (cache hit)
405 http cache @astrojs/internal-helpers@https://registry.npmjs.org/@astrojs/internal-helpers/-/internal-helpers-0.4.0.tgz 0ms (cache hit)
406 http cache string-width@https://registry.npmjs.org/string-width/-/string-width-5.1.2.tgz 0ms (cache hit)
407 http cache strip-ansi@https://registry.npmjs.org/strip-ansi/-/strip-ansi-6.0.1.tgz 0ms (cache hit)
408 http cache emoji-regex@https://registry.npmjs.org/emoji-regex/-/emoji-regex-9.2.2.tgz 0ms (cache hit)
409 http cache string-width@https://registry.npmjs.org/string-width/-/string-width-4.2.3.tgz 0ms (cache hit)
410 http cache emoji-regex@https://registry.npmjs.org/emoji-regex/-/emoji-regex-8.0.0.tgz 0ms (cache hit)
411 http cache @types/unist@https://registry.npmjs.org/@types/unist/-/unist-2.0.10.tgz 0ms (cache hit)
412 http cache ansi-styles@https://registry.npmjs.org/ansi-styles/-/ansi-styles-6.2.1.tgz 0ms (cache hit)
413 http cache string-width@https://registry.npmjs.org/string-width/-/string-width-5.1.2.tgz 0ms (cache hit)
414 http cache ansi-regex@https://registry.npmjs.org/ansi-regex/-/ansi-regex-5.0.1.tgz 0ms (cache hit)
415 http cache @types/unist@https://registry.npmjs.org/@types/unist/-/unist-2.0.10.tgz 0ms (cache hit)
416 http cache yallist@https://registry.npmjs.org/yallist/-/yallist-4.0.0.tgz 0ms (cache hit)
417 http cache vfile-message@https://registry.npmjs.org/vfile-message/-/vfile-message-3.1.4.tgz 0ms (cache hit)
418 http cache vfile@https://registry.npmjs.org/vfile/-/vfile-5.3.7.tgz 0ms (cache hit)
419 http cache unist-util-stringify-position@https://registry.npmjs.org/unist-util-stringify-position/-/unist-util-stringify-position-3.0.3.tgz 0ms (cache hit)
420 http cache unified@https://registry.npmjs.org/unified/-/unified-10.1.2.tgz 0ms (cache hit)
421 http cache vfile@https://registry.npmjs.org/vfile/-/vfile-5.3.7.tgz 0ms (cache hit)
422 http cache @types/unist@https://registry.npmjs.org/@types/unist/-/unist-2.0.10.tgz 0ms (cache hit)
423 http cache vfile-message@https://registry.npmjs.org/vfile-message/-/vfile-message-3.1.4.tgz 0ms (cache hit)
424 http cache unist-util-visit-parents@https://registry.npmjs.org/unist-util-visit-parents/-/unist-util-visit-parents-5.1.3.tgz 0ms (cache hit)
425 http cache unist-util-visit@https://registry.npmjs.org/unist-util-visit/-/unist-util-visit-4.1.2.tgz 0ms (cache hit)
426 http cache unist-util-is@https://registry.npmjs.org/unist-util-is/-/unist-util-is-5.2.1.tgz 0ms (cache hit)
427 http cache @types/unist@https://registry.npmjs.org/@types/unist/-/unist-2.0.10.tgz 0ms (cache hit)
428 http cache unist-util-stringify-position@https://registry.npmjs.org/unist-util-stringify-position/-/unist-util-stringify-position-3.0.3.tgz 0ms (cache hit)
429 http cache unified@https://registry.npmjs.org/unified/-/unified-10.1.2.tgz 0ms (cache hit)
430 http cache vfile@https://registry.npmjs.org/vfile/-/vfile-5.3.7.tgz 0ms (cache hit)
431 http cache vfile-message@https://registry.npmjs.org/vfile-message/-/vfile-message-3.1.4.tgz 0ms (cache hit)
432 http cache vfile@https://registry.npmjs.org/vfile/-/vfile-5.3.7.tgz 0ms (cache hit)
433 http cache @types/unist@https://registry.npmjs.org/@types/unist/-/unist-2.0.10.tgz 0ms (cache hit)
434 http cache vfile-message@https://registry.npmjs.org/vfile-message/-/vfile-message-3.1.4.tgz 0ms (cache hit)
435 http cache unist-util-stringify-position@https://registry.npmjs.org/unist-util-stringify-position/-/unist-util-stringify-position-3.0.3.tgz 0ms (cache hit)
436 http cache unified@https://registry.npmjs.org/unified/-/unified-10.1.2.tgz 0ms (cache hit)
437 http cache unist-util-stringify-position@https://registry.npmjs.org/unist-util-stringify-position/-/unist-util-stringify-position-3.0.3.tgz 0ms (cache hit)
438 http cache @types/unist@https://registry.npmjs.org/@types/unist/-/unist-2.0.10.tgz 0ms (cache hit)
439 http cache unified@https://registry.npmjs.org/unified/-/unified-10.1.2.tgz 0ms (cache hit)
440 http cache onetime@https://registry.npmjs.org/onetime/-/onetime-5.1.2.tgz 0ms (cache hit)
441 http cache kleur@https://registry.npmjs.org/kleur/-/kleur-3.0.3.tgz 0ms (cache hit)
442 http cache signal-exit@https://registry.npmjs.org/signal-exit/-/signal-exit-3.0.7.tgz 0ms (cache hit)
443 http cache which-pm@https://registry.npmjs.org/which-pm/-/which-pm-2.0.0.tgz 0ms (cache hit)
444 http cache mimic-fn@https://registry.npmjs.org/mimic-fn/-/mimic-fn-2.1.0.tgz 0ms (cache hit)
445 http cache yocto-queue@https://registry.npmjs.org/yocto-queue/-/yocto-queue-0.1.0.tgz 0ms (cache hit)
446 http cache p-locate@https://registry.npmjs.org/p-locate/-/p-locate-4.1.0.tgz 0ms (cache hit)
447 http cache p-limit@https://registry.npmjs.org/p-limit/-/p-limit-3.1.0.tgz 0ms (cache hit)
448 http cache chalk@https://registry.npmjs.org/chalk/-/chalk-5.3.0.tgz 0ms (cache hit)
449 http cache p-limit@https://registry.npmjs.org/p-limit/-/p-limit-2.3.0.tgz 0ms (cache hit)
450 http cache locate-path@https://registry.npmjs.org/locate-path/-/locate-path-5.0.0.tgz 0ms (cache hit)
451 http cache yallist@https://registry.npmjs.org/yallist/-/yallist-4.0.0.tgz 0ms (cache hit)
452 http cache find-up@https://registry.npmjs.org/find-up/-/find-up-4.1.0.tgz 0ms (cache hit)
453 http cache escape-string-regexp@https://registry.npmjs.org/escape-string-regexp/-/escape-string-regexp-5.0.0.tgz 0ms (cache hit)
454 http cache minipass@https://registry.npmjs.org/minipass/-/minipass-3.3.6.tgz 0ms (cache hit)
455 http cache path-key@https://registry.npmjs.org/path-key/-/path-key-4.0.0.tgz 0ms (cache hit)
456 http cache semver@https://registry.npmjs.org/semver/-/semver-6.3.1.tgz 0ms (cache hit)
457 http cache js-yaml@https://registry.npmjs.org/js-yaml/-/js-yaml-3.14.1.tgz 0ms (cache hit)
458 http cache js-yaml@https://registry.npmjs.org/js-yaml/-/js-yaml-3.14.1.tgz 0ms (cache hit)
459 http cache is-unicode-supported@https://registry.npmjs.org/is-unicode-supported/-/is-unicode-supported-1.3.0.tgz 0ms (cache hit)
460 http cache argparse@https://registry.npmjs.org/argparse/-/argparse-1.0.10.tgz 0ms (cache hit)
461 http cache chalk@https://registry.npmjs.org/chalk/-/chalk-5.3.0.tgz 0ms (cache hit)
462 http cache argparse@https://registry.npmjs.org/argparse/-/argparse-1.0.10.tgz 0ms (cache hit)
463 http cache strip-ansi@https://registry.npmjs.org/strip-ansi/-/strip-ansi-6.0.1.tgz 0ms (cache hit)
464 http cache emoji-regex@https://registry.npmjs.org/emoji-regex/-/emoji-regex-8.0.0.tgz 0ms (cache hit)
465 http cache signal-exit@https://registry.npmjs.org/signal-exit/-/signal-exit-3.0.7.tgz 0ms (cache hit)
466 http cache ansi-regex@https://registry.npmjs.org/ansi-regex/-/ansi-regex-5.0.1.tgz 0ms (cache hit)
467 http cache string-width@https://registry.npmjs.org/string-width/-/string-width-4.2.3.tgz 0ms (cache hit)
468 http cache minipass@https://registry.npmjs.org/minipass/-/minipass-3.3.6.tgz 0ms (cache hit)
469 http cache yallist@https://registry.npmjs.org/yallist/-/yallist-4.0.0.tgz 0ms (cache hit)
470 http cache color-convert@https://registry.npmjs.org/color-convert/-/color-convert-2.0.1.tgz 0ms (cache hit)
471 http cache color-name@https://registry.npmjs.org/color-name/-/color-name-1.1.4.tgz 0ms (cache hit)
472 http cache strip-ansi@https://registry.npmjs.org/strip-ansi/-/strip-ansi-6.0.1.tgz 0ms (cache hit)
473 http cache string-width@https://registry.npmjs.org/string-width/-/string-width-5.1.2.tgz 0ms (cache hit)
474 http cache emoji-regex@https://registry.npmjs.org/emoji-regex/-/emoji-regex-9.2.2.tgz 0ms (cache hit)
475 http cache chalk@https://registry.npmjs.org/chalk/-/chalk-5.3.0.tgz 0ms (cache hit)
476 http cache string-width@https://registry.npmjs.org/string-width/-/string-width-4.2.3.tgz 0ms (cache hit)
477 http cache ansi-regex@https://registry.npmjs.org/ansi-regex/-/ansi-regex-5.0.1.tgz 0ms (cache hit)
478 http cache emoji-regex@https://registry.npmjs.org/emoji-regex/-/emoji-regex-8.0.0.tgz 0ms (cache hit)
479 http cache @types/unist@https://registry.npmjs.org/@types/unist/-/unist-2.0.10.tgz 0ms (cache hit)
480 http cache semver@https://registry.npmjs.org/semver/-/semver-6.3.1.tgz 0ms (cache hit)
481 silly tarball no local data for zwitch@https://registry.npmjs.org/zwitch/-/zwitch-2.0.4.tgz. Extracting by manifest.
482 silly tarball no local data for zod@https://registry.npmjs.org/zod/-/zod-3.23.8.tgz. Extracting by manifest.
483 silly tarball no local data for zod-to-json-schema@https://registry.npmjs.org/zod-to-json-schema/-/zod-to-json-schema-3.23.0.tgz. Extracting by manifest.
484 http cache @astrojs/internal-helpers@https://registry.npmjs.org/@astrojs/internal-helpers/-/internal-helpers-0.4.1.tgz 0ms (cache hit)
485 silly tarball no local data for yocto-queue@https://registry.npmjs.org/yocto-queue/-/yocto-queue-1.0.0.tgz. Extracting by manifest.
486 silly tarball no local data for yallist@https://registry.npmjs.org/yallist/-/yallist-3.1.1.tgz. Extracting by manifest.
487 silly tarball no local data for yargs-parser@https://registry.npmjs.org/yargs-parser/-/yargs-parser-21.1.1.tgz. Extracting by manifest.
488 silly tarball no local data for wrap-ansi@https://registry.npmjs.org/wrap-ansi/-/wrap-ansi-8.1.0.tgz. Extracting by manifest.
489 http cache estree-walker@https://registry.npmjs.org/estree-walker/-/estree-walker-3.0.3.tgz 0ms (cache hit)
490 silly tarball no local data for widest-line@https://registry.npmjs.org/widest-line/-/widest-line-4.0.1.tgz. Extracting by manifest.
491 silly tarball no local data for wrappy@https://registry.npmjs.org/wrappy/-/wrappy-1.0.2.tgz. Extracting by manifest.
492 silly tarball no local data for wide-align@https://registry.npmjs.org/wide-align/-/wide-align-1.1.5.tgz. Extracting by manifest.
493 silly tarball no local data for which-pm-runs@https://registry.npmjs.org/which-pm-runs/-/which-pm-runs-1.1.0.tgz. Extracting by manifest.
494 silly tarball no local data for which-pm@https://registry.npmjs.org/which-pm/-/which-pm-2.2.0.tgz. Extracting by manifest.
495 silly tarball no local data for which@https://registry.npmjs.org/which/-/which-2.0.2.tgz. Extracting by manifest.
496 silly tarball no local data for webidl-conversions@https://registry.npmjs.org/webidl-conversions/-/webidl-conversions-3.0.1.tgz. Extracting by manifest.
497 silly tarball no local data for web-vitals@https://registry.npmjs.org/web-vitals/-/web-vitals-3.5.2.tgz. Extracting by manifest.
498 silly tarball no local data for web-namespaces@https://registry.npmjs.org/web-namespaces/-/web-namespaces-2.0.1.tgz. Extracting by manifest.
499 silly tarball no local data for vitefu@https://registry.npmjs.org/vitefu/-/vitefu-0.2.5.tgz. Extracting by manifest.
500 http cache semver@https://registry.npmjs.org/semver/-/semver-6.3.1.tgz 0ms (cache hit)
501 silly tarball no local data for vite@https://registry.npmjs.org/vite/-/vite-5.4.8.tgz. Extracting by manifest.
502 silly tarball no local data for vfile-message@https://registry.npmjs.org/vfile-message/-/vfile-message-4.0.2.tgz. Extracting by manifest.
503 silly tarball no local data for whatwg-url@https://registry.npmjs.org/whatwg-url/-/whatwg-url-5.0.0.tgz. Extracting by manifest.
504 silly tarball no local data for vfile@https://registry.npmjs.org/vfile/-/vfile-6.0.1.tgz. Extracting by manifest.
505 silly tarball no local data for util-deprecate@https://registry.npmjs.org/util-deprecate/-/util-deprecate-1.0.2.tgz. Extracting by manifest.
506 silly tarball no local data for update-browserslist-db@https://registry.npmjs.org/update-browserslist-db/-/update-browserslist-db-1.0.16.tgz. Extracting by manifest.
507 silly tarball no local data for vfile-location@https://registry.npmjs.org/vfile-location/-/vfile-location-5.0.2.tgz. Extracting by manifest.
508 silly tarball no local data for unist-util-visit-parents@https://registry.npmjs.org/unist-util-visit-parents/-/unist-util-visit-parents-6.0.1.tgz. Extracting by manifest.
509 silly tarball no local data for unist-util-visit@https://registry.npmjs.org/unist-util-visit/-/unist-util-visit-5.0.0.tgz. Extracting by manifest.
510 silly tarball no local data for unist-util-visit-children@https://registry.npmjs.org/unist-util-visit-children/-/unist-util-visit-children-2.0.2.tgz. Extracting by manifest.
511 silly tarball no local data for unist-util-stringify-position@https://registry.npmjs.org/unist-util-stringify-position/-/unist-util-stringify-position-4.0.0.tgz. Extracting by manifest.
512 silly tarball no local data for unist-util-position@https://registry.npmjs.org/unist-util-position/-/unist-util-position-5.0.0.tgz. Extracting by manifest.
513 silly tarball no local data for unist-util-remove-position@https://registry.npmjs.org/unist-util-remove-position/-/unist-util-remove-position-5.0.0.tgz. Extracting by manifest.
514 silly tarball no local data for unist-util-modify-children@https://registry.npmjs.org/unist-util-modify-children/-/unist-util-modify-children-3.1.1.tgz. Extracting by manifest.
515 silly tarball no local data for unist-util-find-after@https://registry.npmjs.org/unist-util-find-after/-/unist-util-find-after-5.0.0.tgz. Extracting by manifest.
516 silly tarball no local data for unified@https://registry.npmjs.org/unified/-/unified-11.0.4.tgz. Extracting by manifest.
517 silly tarball no local data for unherit@https://registry.npmjs.org/unherit/-/unherit-3.0.1.tgz. Extracting by manifest.
518 silly tarball no local data for type-fest@https://registry.npmjs.org/type-fest/-/type-fest-2.19.0.tgz. Extracting by manifest.
519 silly tarball no local data for tsconfck@https://registry.npmjs.org/tsconfck/-/tsconfck-3.1.0.tgz. Extracting by manifest.
520 silly tarball no local data for unist-util-is@https://registry.npmjs.org/unist-util-is/-/unist-util-is-6.0.0.tgz. Extracting by manifest.
521 silly tarball no local data for trim-lines@https://registry.npmjs.org/trim-lines/-/trim-lines-3.0.1.tgz. Extracting by manifest.
522 silly tarball no local data for trough@https://registry.npmjs.org/trough/-/trough-2.2.0.tgz. Extracting by manifest.
523 silly tarball no local data for tr46@https://registry.npmjs.org/tr46/-/tr46-0.0.3.tgz. Extracting by manifest.
524 silly tarball no local data for to-regex-range@https://registry.npmjs.org/to-regex-range/-/to-regex-range-5.0.1.tgz. Extracting by manifest.
525 silly tarball no local data for to-fast-properties@https://registry.npmjs.org/to-fast-properties/-/to-fast-properties-2.0.0.tgz. Extracting by manifest.
526 silly tarball no local data for supports-preserve-symlinks-flag@https://registry.npmjs.org/supports-preserve-symlinks-flag/-/supports-preserve-symlinks-flag-1.0.0.tgz. Extracting by manifest.
527 silly tarball no local data for tar@https://registry.npmjs.org/tar/-/tar-6.2.1.tgz. Extracting by manifest.
528 silly tarball no local data for strip-final-newline@https://registry.npmjs.org/strip-final-newline/-/strip-final-newline-3.0.0.tgz. Extracting by manifest.
529 silly tarball no local data for supports-color@https://registry.npmjs.org/supports-color/-/supports-color-5.5.0.tgz. Extracting by manifest.
530 silly tarball no local data for strip-bom@https://registry.npmjs.org/strip-bom/-/strip-bom-3.0.0.tgz. Extracting by manifest.
531 silly tarball no local data for strip-bom-string@https://registry.npmjs.org/strip-bom-string/-/strip-bom-string-1.0.0.tgz. Extracting by manifest.
532 silly tarball no local data for stringify-entities@https://registry.npmjs.org/stringify-entities/-/stringify-entities-4.0.4.tgz. Extracting by manifest.
533 silly tarball no local data for string-width@https://registry.npmjs.org/string-width/-/string-width-7.1.0.tgz. Extracting by manifest.
534 silly tarball no local data for string_decoder@https://registry.npmjs.org/string_decoder/-/string_decoder-1.3.0.tgz. Extracting by manifest.
535 silly tarball no local data for strip-ansi@https://registry.npmjs.org/strip-ansi/-/strip-ansi-7.1.0.tgz. Extracting by manifest.
536 silly tarball no local data for stdin-discarder@https://registry.npmjs.org/stdin-discarder/-/stdin-discarder-0.2.2.tgz. Extracting by manifest.
537 silly tarball no local data for sprintf-js@https://registry.npmjs.org/sprintf-js/-/sprintf-js-1.0.3.tgz. Extracting by manifest.
538 silly tarball no local data for space-separated-tokens@https://registry.npmjs.org/space-separated-tokens/-/space-separated-tokens-2.0.2.tgz. Extracting by manifest.
539 silly tarball no local data for signal-exit@https://registry.npmjs.org/signal-exit/-/signal-exit-4.1.0.tgz. Extracting by manifest.
540 silly tarball no local data for sisteransi@https://registry.npmjs.org/sisteransi/-/sisteransi-1.0.5.tgz. Extracting by manifest.
541 silly tarball no local data for source-map-js@https://registry.npmjs.org/source-map-js/-/source-map-js-1.2.1.tgz. Extracting by manifest.
542 silly tarball no local data for simple-swizzle@https://registry.npmjs.org/simple-swizzle/-/simple-swizzle-0.2.2.tgz. Extracting by manifest.
543 silly tarball no local data for shiki@https://registry.npmjs.org/shiki/-/shiki-1.6.4.tgz. Extracting by manifest.
544 silly tarball no local data for shebang-regex@https://registry.npmjs.org/shebang-regex/-/shebang-regex-3.0.0.tgz. Extracting by manifest.
545 silly tarball no local data for shebang-command@https://registry.npmjs.org/shebang-command/-/shebang-command-2.0.0.tgz. Extracting by manifest.
546 silly tarball no local data for sharp@https://registry.npmjs.org/sharp/-/sharp-0.33.4.tgz. Extracting by manifest.
547 silly tarball no local data for set-blocking@https://registry.npmjs.org/set-blocking/-/set-blocking-2.0.0.tgz. Extracting by manifest.
548 silly tarball no local data for server-only@https://registry.npmjs.org/server-only/-/server-only-0.0.1.tgz. Extracting by manifest.
549 silly tarball no local data for section-matter@https://registry.npmjs.org/section-matter/-/section-matter-1.0.0.tgz. Extracting by manifest.
550 silly tarball no local data for run-parallel@https://registry.npmjs.org/run-parallel/-/run-parallel-1.2.0.tgz. Extracting by manifest.
551 silly tarball no local data for semver@https://registry.npmjs.org/semver/-/semver-7.6.2.tgz. Extracting by manifest.
552 silly tarball no local data for rollup@https://registry.npmjs.org/rollup/-/rollup-4.24.0.tgz. Extracting by manifest.
553 silly tarball no local data for retext-stringify@https://registry.npmjs.org/retext-stringify/-/retext-stringify-3.1.0.tgz. Extracting by manifest.
554 silly tarball no local data for safe-buffer@https://registry.npmjs.org/safe-buffer/-/safe-buffer-5.2.1.tgz. Extracting by manifest.
555 silly tarball no local data for rimraf@https://registry.npmjs.org/rimraf/-/rimraf-3.0.2.tgz. Extracting by manifest.
556 silly tarball no local data for reusify@https://registry.npmjs.org/reusify/-/reusify-1.0.4.tgz. Extracting by manifest.
557 silly tarball no local data for restore-cursor@https://registry.npmjs.org/restore-cursor/-/restore-cursor-4.0.0.tgz. Extracting by manifest.
558 silly tarball no local data for retext-latin@https://registry.npmjs.org/retext-latin/-/retext-latin-3.1.0.tgz. Extracting by manifest.
559 silly tarball no local data for retext@https://registry.npmjs.org/retext/-/retext-8.1.0.tgz. Extracting by manifest.
560 silly tarball no local data for resolve-from@https://registry.npmjs.org/resolve-from/-/resolve-from-5.0.0.tgz. Extracting by manifest.
561 silly tarball no local data for retext-smartypants@https://registry.npmjs.org/retext-smartypants/-/retext-smartypants-5.2.0.tgz. Extracting by manifest.
562 silly tarball no local data for resolve@https://registry.npmjs.org/resolve/-/resolve-1.22.8.tgz. Extracting by manifest.
563 silly tarball no local data for remark-stringify@https://registry.npmjs.org/remark-stringify/-/remark-stringify-11.0.0.tgz. Extracting by manifest.
564 silly tarball no local data for remark-smartypants@https://registry.npmjs.org/remark-smartypants/-/remark-smartypants-2.1.0.tgz. Extracting by manifest.
565 silly tarball no local data for remark-parse@https://registry.npmjs.org/remark-parse/-/remark-parse-11.0.0.tgz. Extracting by manifest.
566 silly tarball no local data for remark-rehype@https://registry.npmjs.org/remark-rehype/-/remark-rehype-11.1.0.tgz. Extracting by manifest.
567 silly tarball no local data for rehype-stringify@https://registry.npmjs.org/rehype-stringify/-/rehype-stringify-10.0.0.tgz. Extracting by manifest.
568 silly tarball no local data for rehype-raw@https://registry.npmjs.org/rehype-raw/-/rehype-raw-7.0.0.tgz. Extracting by manifest.
569 silly tarball no local data for remark-gfm@https://registry.npmjs.org/remark-gfm/-/remark-gfm-4.0.0.tgz. Extracting by manifest.
570 silly tarball no local data for rehype-parse@https://registry.npmjs.org/rehype-parse/-/rehype-parse-9.0.0.tgz. Extracting by manifest.
571 silly tarball no local data for readdirp@https://registry.npmjs.org/readdirp/-/readdirp-3.6.0.tgz. Extracting by manifest.
572 silly tarball no local data for readable-stream@https://registry.npmjs.org/readable-stream/-/readable-stream-3.6.2.tgz. Extracting by manifest.
573 silly tarball no local data for rehype@https://registry.npmjs.org/rehype/-/rehype-13.0.1.tgz. Extracting by manifest.
574 silly tarball no local data for queue-microtask@https://registry.npmjs.org/queue-microtask/-/queue-microtask-1.2.3.tgz. Extracting by manifest.
575 silly tarball no local data for property-information@https://registry.npmjs.org/property-information/-/property-information-6.5.0.tgz. Extracting by manifest.
576 silly tarball no local data for prismjs@https://registry.npmjs.org/prismjs/-/prismjs-1.29.0.tgz. Extracting by manifest.
577 silly tarball no local data for prompts@https://registry.npmjs.org/prompts/-/prompts-2.4.2.tgz. Extracting by manifest.
578 silly tarball no local data for postcss@https://registry.npmjs.org/postcss/-/postcss-8.4.47.tgz. Extracting by manifest.
579 silly tarball no local data for preferred-pm@https://registry.npmjs.org/preferred-pm/-/preferred-pm-3.1.3.tgz. Extracting by manifest.
580 silly tarball no local data for pkg-dir@https://registry.npmjs.org/pkg-dir/-/pkg-dir-4.2.0.tgz. Extracting by manifest.
581 silly tarball no local data for pify@https://registry.npmjs.org/pify/-/pify-4.0.1.tgz. Extracting by manifest.
582 silly tarball no local data for picomatch@https://registry.npmjs.org/picomatch/-/picomatch-2.3.1.tgz. Extracting by manifest.
583 silly tarball no local data for picocolors@https://registry.npmjs.org/picocolors/-/picocolors-1.1.0.tgz. Extracting by manifest.
584 silly tarball no local data for path-to-regexp@https://registry.npmjs.org/path-to-regexp/-/path-to-regexp-6.3.0.tgz. Extracting by manifest.
585 silly tarball no local data for path-parse@https://registry.npmjs.org/path-parse/-/path-parse-1.0.7.tgz. Extracting by manifest.
586 silly tarball no local data for path-key@https://registry.npmjs.org/path-key/-/path-key-3.1.1.tgz. Extracting by manifest.
587 silly tarball no local data for path-exists@https://registry.npmjs.org/path-exists/-/path-exists-4.0.0.tgz. Extracting by manifest.
588 silly tarball no local data for parse5@https://registry.npmjs.org/parse5/-/parse5-7.1.2.tgz. Extracting by manifest.
589 silly tarball no local data for parse-latin@https://registry.npmjs.org/parse-latin/-/parse-latin-5.0.1.tgz. Extracting by manifest.
590 silly tarball no local data for path-is-absolute@https://registry.npmjs.org/path-is-absolute/-/path-is-absolute-1.0.1.tgz. Extracting by manifest.
591 silly tarball no local data for p-try@https://registry.npmjs.org/p-try/-/p-try-2.2.0.tgz. Extracting by manifest.
592 silly tarball no local data for p-queue@https://registry.npmjs.org/p-queue/-/p-queue-8.0.1.tgz. Extracting by manifest.
593 silly tarball no local data for p-timeout@https://registry.npmjs.org/p-timeout/-/p-timeout-6.1.2.tgz. Extracting by manifest.
594 silly tarball no local data for p-locate@https://registry.npmjs.org/p-locate/-/p-locate-5.0.0.tgz. Extracting by manifest.
595 silly tarball no local data for p-limit@https://registry.npmjs.org/p-limit/-/p-limit-5.0.0.tgz. Extracting by manifest.
596 silly tarball no local data for onetime@https://registry.npmjs.org/onetime/-/onetime-6.0.0.tgz. Extracting by manifest.
597 silly tarball no local data for ora@https://registry.npmjs.org/ora/-/ora-8.0.1.tgz. Extracting by manifest.
598 silly tarball no local data for once@https://registry.npmjs.org/once/-/once-1.4.0.tgz. Extracting by manifest.
599 silly tarball no local data for npmlog@https://registry.npmjs.org/npmlog/-/npmlog-5.0.1.tgz. Extracting by manifest.
600 silly tarball no local data for normalize-path@https://registry.npmjs.org/normalize-path/-/normalize-path-3.0.0.tgz. Extracting by manifest.
601 silly tarball no local data for object-assign@https://registry.npmjs.org/object-assign/-/object-assign-4.1.1.tgz. Extracting by manifest.
602 silly tarball no local data for nopt@https://registry.npmjs.org/nopt/-/nopt-5.0.0.tgz. Extracting by manifest.
603 silly tarball no local data for npm-run-path@https://registry.npmjs.org/npm-run-path/-/npm-run-path-5.3.0.tgz. Extracting by manifest.
604 silly tarball no local data for node-releases@https://registry.npmjs.org/node-releases/-/node-releases-2.0.14.tgz. Extracting by manifest.
605 silly tarball no local data for node-gyp-build@https://registry.npmjs.org/node-gyp-build/-/node-gyp-build-4.8.2.tgz. Extracting by manifest.
606 silly tarball no local data for node-fetch@https://registry.npmjs.org/node-fetch/-/node-fetch-2.7.0.tgz. Extracting by manifest.
607 silly tarball no local data for nlcst-to-string@https://registry.npmjs.org/nlcst-to-string/-/nlcst-to-string-3.1.1.tgz. Extracting by manifest.
608 silly tarball no local data for nanoid@https://registry.npmjs.org/nanoid/-/nanoid-3.3.7.tgz. Extracting by manifest.
609 silly tarball no local data for ms@https://registry.npmjs.org/ms/-/ms-2.1.2.tgz. Extracting by manifest.
610 silly tarball no local data for mrmime@https://registry.npmjs.org/mrmime/-/mrmime-2.0.0.tgz. Extracting by manifest.
611 silly tarball no local data for mkdirp@https://registry.npmjs.org/mkdirp/-/mkdirp-1.0.4.tgz. Extracting by manifest.
612 silly tarball no local data for minizlib@https://registry.npmjs.org/minizlib/-/minizlib-2.1.2.tgz. Extracting by manifest.
613 silly tarball no local data for minipass@https://registry.npmjs.org/minipass/-/minipass-5.0.0.tgz. Extracting by manifest.
614 silly tarball no local data for mimic-fn@https://registry.npmjs.org/mimic-fn/-/mimic-fn-4.0.0.tgz. Extracting by manifest.
615 silly tarball no local data for minimatch@https://registry.npmjs.org/minimatch/-/minimatch-3.1.2.tgz. Extracting by manifest.
616 silly tarball no local data for micromatch@https://registry.npmjs.org/micromatch/-/micromatch-4.0.8.tgz. Extracting by manifest.
617 silly tarball no local data for micromark-util-symbol@https://registry.npmjs.org/micromark-util-symbol/-/micromark-util-symbol-2.0.0.tgz. Extracting by manifest.
618 silly tarball no local data for micromark-util-types@https://registry.npmjs.org/micromark-util-types/-/micromark-util-types-2.0.0.tgz. Extracting by manifest.
619 silly tarball no local data for micromark-util-subtokenize@https://registry.npmjs.org/micromark-util-subtokenize/-/micromark-util-subtokenize-2.0.1.tgz. Extracting by manifest.
620 silly tarball no local data for micromark-util-sanitize-uri@https://registry.npmjs.org/micromark-util-sanitize-uri/-/micromark-util-sanitize-uri-2.0.0.tgz. Extracting by manifest.
621 silly tarball no local data for micromark-util-resolve-all@https://registry.npmjs.org/micromark-util-resolve-all/-/micromark-util-resolve-all-2.0.0.tgz. Extracting by manifest.
622 silly tarball no local data for micromark-util-normalize-identifier@https://registry.npmjs.org/micromark-util-normalize-identifier/-/micromark-util-normalize-identifier-2.0.0.tgz. Extracting by manifest.
623 silly tarball no local data for micromark-util-html-tag-name@https://registry.npmjs.org/micromark-util-html-tag-name/-/micromark-util-html-tag-name-2.0.0.tgz. Extracting by manifest.
624 silly tarball no local data for micromark-util-encode@https://registry.npmjs.org/micromark-util-encode/-/micromark-util-encode-2.0.0.tgz. Extracting by manifest.
625 silly tarball no local data for micromark-util-decode-string@https://registry.npmjs.org/micromark-util-decode-string/-/micromark-util-decode-string-2.0.0.tgz. Extracting by manifest.
626 silly tarball no local data for micromark-util-decode-numeric-character-reference@https://registry.npmjs.org/micromark-util-decode-numeric-character-reference/-/micromark-util-decode-numeric-character-reference-2.0.1.tgz. Extracting by manifest.
627 silly tarball no local data for micromark-util-combine-extensions@https://registry.npmjs.org/micromark-util-combine-extensions/-/micromark-util-combine-extensions-2.0.0.tgz. Extracting by manifest.
628 silly tarball no local data for micromark-util-classify-character@https://registry.npmjs.org/micromark-util-classify-character/-/micromark-util-classify-character-2.0.0.tgz. Extracting by manifest.
629 silly tarball no local data for micromark-util-chunked@https://registry.npmjs.org/micromark-util-chunked/-/micromark-util-chunked-2.0.0.tgz. Extracting by manifest.
630 silly tarball no local data for micromark-util-character@https://registry.npmjs.org/micromark-util-character/-/micromark-util-character-2.1.0.tgz. Extracting by manifest.
631 silly tarball no local data for micromark-factory-whitespace@https://registry.npmjs.org/micromark-factory-whitespace/-/micromark-factory-whitespace-2.0.0.tgz. Extracting by manifest.
632 silly tarball no local data for micromark-factory-label@https://registry.npmjs.org/micromark-factory-label/-/micromark-factory-label-2.0.0.tgz. Extracting by manifest.
633 silly tarball no local data for micromark-factory-space@https://registry.npmjs.org/micromark-factory-space/-/micromark-factory-space-2.0.0.tgz. Extracting by manifest.
634 silly tarball no local data for micromark-factory-destination@https://registry.npmjs.org/micromark-factory-destination/-/micromark-factory-destination-2.0.0.tgz. Extracting by manifest.
635 silly tarball no local data for micromark-extension-gfm-task-list-item@https://registry.npmjs.org/micromark-extension-gfm-task-list-item/-/micromark-extension-gfm-task-list-item-2.0.1.tgz. Extracting by manifest.
636 silly tarball no local data for micromark-extension-gfm-tagfilter@https://registry.npmjs.org/micromark-extension-gfm-tagfilter/-/micromark-extension-gfm-tagfilter-2.0.0.tgz. Extracting by manifest.
637 silly tarball no local data for micromark-extension-gfm-table@https://registry.npmjs.org/micromark-extension-gfm-table/-/micromark-extension-gfm-table-2.0.0.tgz. Extracting by manifest.
638 silly tarball no local data for micromark-extension-gfm-footnote@https://registry.npmjs.org/micromark-extension-gfm-footnote/-/micromark-extension-gfm-footnote-2.0.0.tgz. Extracting by manifest.
639 silly tarball no local data for micromark-extension-gfm-strikethrough@https://registry.npmjs.org/micromark-extension-gfm-strikethrough/-/micromark-extension-gfm-strikethrough-2.0.0.tgz. Extracting by manifest.
640 silly tarball no local data for micromark-factory-title@https://registry.npmjs.org/micromark-factory-title/-/micromark-factory-title-2.0.0.tgz. Extracting by manifest.
641 silly tarball no local data for micromark-extension-gfm@https://registry.npmjs.org/micromark-extension-gfm/-/micromark-extension-gfm-3.0.0.tgz. Extracting by manifest.
642 silly tarball no local data for micromark@https://registry.npmjs.org/micromark/-/micromark-4.0.0.tgz. Extracting by manifest.
643 silly tarball no local data for micromark-extension-gfm-autolink-literal@https://registry.npmjs.org/micromark-extension-gfm-autolink-literal/-/micromark-extension-gfm-autolink-literal-2.0.0.tgz. Extracting by manifest.
644 silly tarball no local data for micromark-core-commonmark@https://registry.npmjs.org/micromark-core-commonmark/-/micromark-core-commonmark-2.0.1.tgz. Extracting by manifest.
645 silly tarball no local data for merge-stream@https://registry.npmjs.org/merge-stream/-/merge-stream-2.0.0.tgz. Extracting by manifest.
646 silly tarball no local data for mdast-util-to-string@https://registry.npmjs.org/mdast-util-to-string/-/mdast-util-to-string-4.0.0.tgz. Extracting by manifest.
647 silly tarball no local data for mdast-util-to-markdown@https://registry.npmjs.org/mdast-util-to-markdown/-/mdast-util-to-markdown-2.1.0.tgz. Extracting by manifest.
648 silly tarball no local data for merge2@https://registry.npmjs.org/merge2/-/merge2-1.4.1.tgz. Extracting by manifest.
649 silly tarball no local data for mdast-util-to-hast@https://registry.npmjs.org/mdast-util-to-hast/-/mdast-util-to-hast-13.2.0.tgz. Extracting by manifest.
650 silly tarball no local data for mdast-util-gfm-task-list-item@https://registry.npmjs.org/mdast-util-gfm-task-list-item/-/mdast-util-gfm-task-list-item-2.0.0.tgz. Extracting by manifest.
651 silly tarball no local data for mdast-util-gfm-table@https://registry.npmjs.org/mdast-util-gfm-table/-/mdast-util-gfm-table-2.0.0.tgz. Extracting by manifest.
652 silly tarball no local data for mdast-util-phrasing@https://registry.npmjs.org/mdast-util-phrasing/-/mdast-util-phrasing-4.1.0.tgz. Extracting by manifest.
653 silly tarball no local data for mdast-util-gfm-footnote@https://registry.npmjs.org/mdast-util-gfm-footnote/-/mdast-util-gfm-footnote-2.0.0.tgz. Extracting by manifest.
654 silly tarball no local data for mdast-util-gfm-strikethrough@https://registry.npmjs.org/mdast-util-gfm-strikethrough/-/mdast-util-gfm-strikethrough-2.0.0.tgz. Extracting by manifest.
655 silly tarball no local data for mdast-util-gfm-autolink-literal@https://registry.npmjs.org/mdast-util-gfm-autolink-literal/-/mdast-util-gfm-autolink-literal-2.0.0.tgz. Extracting by manifest.
656 silly tarball no local data for mdast-util-gfm@https://registry.npmjs.org/mdast-util-gfm/-/mdast-util-gfm-3.0.0.tgz. Extracting by manifest.
657 silly tarball no local data for mdast-util-from-markdown@https://registry.npmjs.org/mdast-util-from-markdown/-/mdast-util-from-markdown-2.0.1.tgz. Extracting by manifest.
658 silly tarball no local data for markdown-table@https://registry.npmjs.org/markdown-table/-/markdown-table-3.0.3.tgz. Extracting by manifest.
659 silly tarball no local data for mdast-util-find-and-replace@https://registry.npmjs.org/mdast-util-find-and-replace/-/mdast-util-find-and-replace-3.0.1.tgz. Extracting by manifest.
660 silly tarball no local data for lru-cache@https://registry.npmjs.org/lru-cache/-/lru-cache-5.1.1.tgz. Extracting by manifest.
661 silly tarball no local data for magic-string@https://registry.npmjs.org/magic-string/-/magic-string-0.30.10.tgz. Extracting by manifest.
662 silly tarball no local data for make-dir@https://registry.npmjs.org/make-dir/-/make-dir-3.1.0.tgz. Extracting by manifest.
663 silly tarball no local data for longest-streak@https://registry.npmjs.org/longest-streak/-/longest-streak-3.1.0.tgz. Extracting by manifest.
664 silly tarball no local data for kind-of@https://registry.npmjs.org/kind-of/-/kind-of-6.0.3.tgz. Extracting by manifest.
665 silly tarball no local data for mdast-util-definitions@https://registry.npmjs.org/mdast-util-definitions/-/mdast-util-definitions-6.0.0.tgz. Extracting by manifest.
666 silly tarball no local data for log-symbols@https://registry.npmjs.org/log-symbols/-/log-symbols-6.0.0.tgz. Extracting by manifest.
667 silly tarball no local data for load-yaml-file@https://registry.npmjs.org/load-yaml-file/-/load-yaml-file-0.2.0.tgz. Extracting by manifest.
668 silly tarball no local data for locate-path@https://registry.npmjs.org/locate-path/-/locate-path-6.0.0.tgz. Extracting by manifest.
669 silly tarball no local data for jsesc@https://registry.npmjs.org/jsesc/-/jsesc-2.5.2.tgz. Extracting by manifest.
670 silly tarball no local data for json5@https://registry.npmjs.org/json5/-/json5-2.2.3.tgz. Extracting by manifest.
671 silly tarball no local data for js-yaml@https://registry.npmjs.org/js-yaml/-/js-yaml-4.1.0.tgz. Extracting by manifest.
672 silly tarball no local data for isexe@https://registry.npmjs.org/isexe/-/isexe-2.0.0.tgz. Extracting by manifest.
673 silly tarball no local data for kleur@https://registry.npmjs.org/kleur/-/kleur-4.1.5.tgz. Extracting by manifest.
674 silly tarball no local data for js-tokens@https://registry.npmjs.org/js-tokens/-/js-tokens-4.0.0.tgz. Extracting by manifest.
675 silly tarball no local data for is-unicode-supported@https://registry.npmjs.org/is-unicode-supported/-/is-unicode-supported-2.0.0.tgz. Extracting by manifest.
676 silly tarball no local data for is-number@https://registry.npmjs.org/is-number/-/is-number-7.0.0.tgz. Extracting by manifest.
677 silly tarball no local data for is-wsl@https://registry.npmjs.org/is-wsl/-/is-wsl-3.1.0.tgz. Extracting by manifest.
678 silly tarball no local data for is-plain-obj@https://registry.npmjs.org/is-plain-obj/-/is-plain-obj-4.1.0.tgz. Extracting by manifest.
679 silly tarball no local data for is-interactive@https://registry.npmjs.org/is-interactive/-/is-interactive-2.0.0.tgz. Extracting by manifest.
680 silly tarball no local data for is-stream@https://registry.npmjs.org/is-stream/-/is-stream-3.0.0.tgz. Extracting by manifest.
681 silly tarball no local data for is-glob@https://registry.npmjs.org/is-glob/-/is-glob-4.0.3.tgz. Extracting by manifest.
682 silly tarball no local data for is-extglob@https://registry.npmjs.org/is-extglob/-/is-extglob-2.1.1.tgz. Extracting by manifest.
683 silly tarball no local data for is-inside-container@https://registry.npmjs.org/is-inside-container/-/is-inside-container-1.0.0.tgz. Extracting by manifest.
684 silly tarball no local data for is-fullwidth-code-point@https://registry.npmjs.org/is-fullwidth-code-point/-/is-fullwidth-code-point-3.0.0.tgz. Extracting by manifest.
685 silly tarball no local data for is-extendable@https://registry.npmjs.org/is-extendable/-/is-extendable-0.1.1.tgz. Extracting by manifest.
686 silly tarball no local data for is-docker@https://registry.npmjs.org/is-docker/-/is-docker-3.0.0.tgz. Extracting by manifest.
687 silly tarball no local data for is-core-module@https://registry.npmjs.org/is-core-module/-/is-core-module-2.13.1.tgz. Extracting by manifest.
688 silly tarball no local data for is-binary-path@https://registry.npmjs.org/is-binary-path/-/is-binary-path-2.1.0.tgz. Extracting by manifest.
689 silly tarball no local data for is-buffer@https://registry.npmjs.org/is-buffer/-/is-buffer-2.0.5.tgz. Extracting by manifest.
690 silly tarball no local data for inflight@https://registry.npmjs.org/inflight/-/inflight-1.0.6.tgz. Extracting by manifest.
691 silly tarball no local data for inherits@https://registry.npmjs.org/inherits/-/inherits-2.0.4.tgz. Extracting by manifest.
692 silly tarball no local data for import-meta-resolve@https://registry.npmjs.org/import-meta-resolve/-/import-meta-resolve-4.1.0.tgz. Extracting by manifest.
693 silly tarball no local data for human-signals@https://registry.npmjs.org/human-signals/-/human-signals-5.0.0.tgz. Extracting by manifest.
694 silly tarball no local data for https-proxy-agent@https://registry.npmjs.org/https-proxy-agent/-/https-proxy-agent-5.0.1.tgz. Extracting by manifest.
695 silly tarball no local data for html-void-elements@https://registry.npmjs.org/html-void-elements/-/html-void-elements-3.0.0.tgz. Extracting by manifest.
696 silly tarball no local data for is-arrayish@https://registry.npmjs.org/is-arrayish/-/is-arrayish-0.3.2.tgz. Extracting by manifest.
697 silly tarball no local data for html-escaper@https://registry.npmjs.org/html-escaper/-/html-escaper-3.0.3.tgz. Extracting by manifest.
698 silly tarball no local data for http-cache-semantics@https://registry.npmjs.org/http-cache-semantics/-/http-cache-semantics-4.1.1.tgz. Extracting by manifest.
699 silly tarball no local data for hastscript@https://registry.npmjs.org/hastscript/-/hastscript-8.0.0.tgz. Extracting by manifest.
700 silly tarball no local data for hast-util-whitespace@https://registry.npmjs.org/hast-util-whitespace/-/hast-util-whitespace-3.0.0.tgz. Extracting by manifest.
701 silly tarball no local data for hast-util-to-text@https://registry.npmjs.org/hast-util-to-text/-/hast-util-to-text-4.0.2.tgz. Extracting by manifest.
702 silly tarball no local data for hast-util-to-html@https://registry.npmjs.org/hast-util-to-html/-/hast-util-to-html-9.0.1.tgz. Extracting by manifest.
703 silly tarball no local data for hast-util-to-parse5@https://registry.npmjs.org/hast-util-to-parse5/-/hast-util-to-parse5-8.0.0.tgz. Extracting by manifest.
704 silly tarball no local data for hast-util-raw@https://registry.npmjs.org/hast-util-raw/-/hast-util-raw-9.0.3.tgz. Extracting by manifest.
705 silly tarball no local data for hast-util-parse-selector@https://registry.npmjs.org/hast-util-parse-selector/-/hast-util-parse-selector-4.0.0.tgz. Extracting by manifest.
706 silly tarball no local data for hast-util-is-element@https://registry.npmjs.org/hast-util-is-element/-/hast-util-is-element-3.0.0.tgz. Extracting by manifest.
707 silly tarball no local data for hast-util-from-parse5@https://registry.npmjs.org/hast-util-from-parse5/-/hast-util-from-parse5-8.0.1.tgz. Extracting by manifest.
708 silly tarball no local data for hasown@https://registry.npmjs.org/hasown/-/hasown-2.0.2.tgz. Extracting by manifest.
709 silly tarball no local data for has-unicode@https://registry.npmjs.org/has-unicode/-/has-unicode-2.0.1.tgz. Extracting by manifest.
710 silly tarball no local data for gray-matter@https://registry.npmjs.org/gray-matter/-/gray-matter-4.0.3.tgz. Extracting by manifest.
711 silly tarball no local data for has-flag@https://registry.npmjs.org/has-flag/-/has-flag-3.0.0.tgz. Extracting by manifest.
712 silly tarball no local data for graceful-fs@https://registry.npmjs.org/graceful-fs/-/graceful-fs-4.2.11.tgz. Extracting by manifest.
713 silly tarball no local data for glob-parent@https://registry.npmjs.org/glob-parent/-/glob-parent-5.1.2.tgz. Extracting by manifest.
714 silly tarball no local data for github-slugger@https://registry.npmjs.org/github-slugger/-/github-slugger-2.0.0.tgz. Extracting by manifest.
715 silly tarball no local data for hast-util-from-html@https://registry.npmjs.org/hast-util-from-html/-/hast-util-from-html-2.0.1.tgz. Extracting by manifest.
716 silly tarball no local data for globals@https://registry.npmjs.org/globals/-/globals-11.12.0.tgz. Extracting by manifest.
717 silly tarball no local data for glob@https://registry.npmjs.org/glob/-/glob-7.2.3.tgz. Extracting by manifest.
718 silly tarball no local data for get-stream@https://registry.npmjs.org/get-stream/-/get-stream-8.0.1.tgz. Extracting by manifest.
719 silly tarball no local data for gensync@https://registry.npmjs.org/gensync/-/gensync-1.0.0-beta.2.tgz. Extracting by manifest.
720 silly tarball no local data for get-east-asian-width@https://registry.npmjs.org/get-east-asian-width/-/get-east-asian-width-1.2.0.tgz. Extracting by manifest.
721 silly tarball no local data for gauge@https://registry.npmjs.org/gauge/-/gauge-3.0.2.tgz. Extracting by manifest.
722 silly tarball no local data for fs.realpath@https://registry.npmjs.org/fs.realpath/-/fs.realpath-1.0.0.tgz. Extracting by manifest.
723 silly tarball no local data for fs-minipass@https://registry.npmjs.org/fs-minipass/-/fs-minipass-2.1.0.tgz. Extracting by manifest.
724 silly tarball no local data for function-bind@https://registry.npmjs.org/function-bind/-/function-bind-1.1.2.tgz. Extracting by manifest.
725 silly tarball no local data for flattie@https://registry.npmjs.org/flattie/-/flattie-1.1.1.tgz. Extracting by manifest.
726 silly tarball no local data for find-yarn-workspace-root2@https://registry.npmjs.org/find-yarn-workspace-root2/-/find-yarn-workspace-root2-1.2.16.tgz. Extracting by manifest.
727 silly tarball no local data for find-up@https://registry.npmjs.org/find-up/-/find-up-5.0.0.tgz. Extracting by manifest.
728 silly tarball no local data for fill-range@https://registry.npmjs.org/fill-range/-/fill-range-7.1.1.tgz. Extracting by manifest.
729 silly tarball no local data for file-uri-to-path@https://registry.npmjs.org/file-uri-to-path/-/file-uri-to-path-1.0.0.tgz. Extracting by manifest.
730 silly tarball no local data for fastq@https://registry.npmjs.org/fastq/-/fastq-1.17.1.tgz. Extracting by manifest.
731 silly tarball no local data for extend-shallow@https://registry.npmjs.org/extend-shallow/-/extend-shallow-2.0.1.tgz. Extracting by manifest.
732 silly tarball no local data for execa@https://registry.npmjs.org/execa/-/execa-8.0.1.tgz. Extracting by manifest.
733 silly tarball no local data for extend@https://registry.npmjs.org/extend/-/extend-3.0.2.tgz. Extracting by manifest.
734 silly tarball no local data for fast-glob@https://registry.npmjs.org/fast-glob/-/fast-glob-3.3.2.tgz. Extracting by manifest.
735 silly tarball no local data for estree-walker@https://registry.npmjs.org/estree-walker/-/estree-walker-2.0.2.tgz. Extracting by manifest.
736 silly tarball no local data for esprima@https://registry.npmjs.org/esprima/-/esprima-4.0.1.tgz. Extracting by manifest.
737 silly tarball no local data for eventemitter3@https://registry.npmjs.org/eventemitter3/-/eventemitter3-5.0.1.tgz. Extracting by manifest.
738 silly tarball no local data for esbuild@https://registry.npmjs.org/esbuild/-/esbuild-0.21.5.tgz. Extracting by manifest.
739 silly tarball no local data for escalade@https://registry.npmjs.org/escalade/-/escalade-3.1.2.tgz. Extracting by manifest.
740 silly tarball no local data for escape-string-regexp@https://registry.npmjs.org/escape-string-regexp/-/escape-string-regexp-1.0.5.tgz. Extracting by manifest.
741 silly tarball no local data for emoji-regex@https://registry.npmjs.org/emoji-regex/-/emoji-regex-10.3.0.tgz. Extracting by manifest.
742 silly tarball no local data for eastasianwidth@https://registry.npmjs.org/eastasianwidth/-/eastasianwidth-0.2.0.tgz. Extracting by manifest.
743 silly tarball no local data for entities@https://registry.npmjs.org/entities/-/entities-4.5.0.tgz. Extracting by manifest.
744 silly tarball no local data for dset@https://registry.npmjs.org/dset/-/dset-3.1.4.tgz. Extracting by manifest.
745 silly tarball no local data for es-module-lexer@https://registry.npmjs.org/es-module-lexer/-/es-module-lexer-1.5.3.tgz. Extracting by manifest.
746 silly tarball no local data for dlv@https://registry.npmjs.org/dlv/-/dlv-1.1.3.tgz. Extracting by manifest.
747 silly tarball no local data for electron-to-chromium@https://registry.npmjs.org/electron-to-chromium/-/electron-to-chromium-1.4.802.tgz. Extracting by manifest.
748 silly tarball no local data for diff@https://registry.npmjs.org/diff/-/diff-5.2.0.tgz. Extracting by manifest.
749 silly tarball no local data for devalue@https://registry.npmjs.org/devalue/-/devalue-5.0.0.tgz. Extracting by manifest.
750 silly tarball no local data for devlop@https://registry.npmjs.org/devlop/-/devlop-1.1.0.tgz. Extracting by manifest.
751 silly tarball no local data for dequal@https://registry.npmjs.org/dequal/-/dequal-2.0.3.tgz. Extracting by manifest.
752 silly tarball no local data for detect-libc@https://registry.npmjs.org/detect-libc/-/detect-libc-2.0.3.tgz. Extracting by manifest.
753 silly tarball no local data for deterministic-object-hash@https://registry.npmjs.org/deterministic-object-hash/-/deterministic-object-hash-2.0.2.tgz. Extracting by manifest.
754 silly tarball no local data for delegates@https://registry.npmjs.org/delegates/-/delegates-1.0.0.tgz. Extracting by manifest.
755 silly tarball no local data for debug@https://registry.npmjs.org/debug/-/debug-4.3.5.tgz. Extracting by manifest.
756 silly tarball no local data for decode-named-character-reference@https://registry.npmjs.org/decode-named-character-reference/-/decode-named-character-reference-1.0.2.tgz. Extracting by manifest.
757 silly tarball no local data for cssesc@https://registry.npmjs.org/cssesc/-/cssesc-3.0.0.tgz. Extracting by manifest.
758 silly tarball no local data for cross-spawn@https://registry.npmjs.org/cross-spawn/-/cross-spawn-7.0.3.tgz. Extracting by manifest.
759 silly tarball no local data for concat-map@https://registry.npmjs.org/concat-map/-/concat-map-0.0.1.tgz. Extracting by manifest.
760 silly tarball no local data for console-control-strings@https://registry.npmjs.org/console-control-strings/-/console-control-strings-1.1.0.tgz. Extracting by manifest.
761 silly tarball no local data for convert-source-map@https://registry.npmjs.org/convert-source-map/-/convert-source-map-2.0.0.tgz. Extracting by manifest.
762 silly tarball no local data for cookie@https://registry.npmjs.org/cookie/-/cookie-0.6.0.tgz. Extracting by manifest.
763 silly tarball no local data for common-ancestor-path@https://registry.npmjs.org/common-ancestor-path/-/common-ancestor-path-1.0.1.tgz. Extracting by manifest.
764 silly tarball no local data for color-string@https://registry.npmjs.org/color-string/-/color-string-1.9.1.tgz. Extracting by manifest.
765 silly tarball no local data for comma-separated-tokens@https://registry.npmjs.org/comma-separated-tokens/-/comma-separated-tokens-2.0.3.tgz. Extracting by manifest.
766 silly tarball no local data for color-support@https://registry.npmjs.org/color-support/-/color-support-1.1.3.tgz. Extracting by manifest.
767 silly tarball no local data for color-convert@https://registry.npmjs.org/color-convert/-/color-convert-1.9.3.tgz. Extracting by manifest.
768 silly tarball no local data for color-name@https://registry.npmjs.org/color-name/-/color-name-1.1.3.tgz. Extracting by manifest.
769 silly tarball no local data for color@https://registry.npmjs.org/color/-/color-4.2.3.tgz. Extracting by manifest.
770 silly tarball no local data for clsx@https://registry.npmjs.org/clsx/-/clsx-2.1.1.tgz. Extracting by manifest.
771 silly tarball no local data for cli-spinners@https://registry.npmjs.org/cli-spinners/-/cli-spinners-2.9.2.tgz. Extracting by manifest.
772 silly tarball no local data for cli-cursor@https://registry.npmjs.org/cli-cursor/-/cli-cursor-4.0.0.tgz. Extracting by manifest.
773 silly tarball no local data for chownr@https://registry.npmjs.org/chownr/-/chownr-2.0.0.tgz. Extracting by manifest.
774 silly tarball no local data for cli-boxes@https://registry.npmjs.org/cli-boxes/-/cli-boxes-3.0.0.tgz. Extracting by manifest.
775 silly tarball no local data for chokidar@https://registry.npmjs.org/chokidar/-/chokidar-3.6.0.tgz. Extracting by manifest.
776 silly tarball no local data for character-entities-html4@https://registry.npmjs.org/character-entities-html4/-/character-entities-html4-2.1.0.tgz. Extracting by manifest.
777 silly tarball no local data for character-entities@https://registry.npmjs.org/character-entities/-/character-entities-2.0.2.tgz. Extracting by manifest.
778 silly tarball no local data for ci-info@https://registry.npmjs.org/ci-info/-/ci-info-4.0.0.tgz. Extracting by manifest.
779 silly tarball no local data for character-entities-legacy@https://registry.npmjs.org/character-entities-legacy/-/character-entities-legacy-3.0.0.tgz. Extracting by manifest.
780 silly tarball no local data for ccount@https://registry.npmjs.org/ccount/-/ccount-2.0.1.tgz. Extracting by manifest.
781 silly tarball no local data for chalk@https://registry.npmjs.org/chalk/-/chalk-2.4.2.tgz. Extracting by manifest.
782 silly tarball no local data for caniuse-lite@https://registry.npmjs.org/caniuse-lite/-/caniuse-lite-1.0.30001633.tgz. Extracting by manifest.
783 silly tarball no local data for browserslist@https://registry.npmjs.org/browserslist/-/browserslist-4.23.1.tgz. Extracting by manifest.
784 silly tarball no local data for braces@https://registry.npmjs.org/braces/-/braces-3.0.3.tgz. Extracting by manifest.
785 silly tarball no local data for camelcase@https://registry.npmjs.org/camelcase/-/camelcase-7.0.1.tgz. Extracting by manifest.
786 silly tarball no local data for brace-expansion@https://registry.npmjs.org/brace-expansion/-/brace-expansion-1.1.11.tgz. Extracting by manifest.
787 silly tarball no local data for boxen@https://registry.npmjs.org/boxen/-/boxen-7.1.1.tgz. Extracting by manifest.
788 silly tarball no local data for bindings@https://registry.npmjs.org/bindings/-/bindings-1.5.0.tgz. Extracting by manifest.
789 silly tarball no local data for binary-extensions@https://registry.npmjs.org/binary-extensions/-/binary-extensions-2.3.0.tgz. Extracting by manifest.
790 silly tarball no local data for base-64@https://registry.npmjs.org/base-64/-/base-64-1.0.0.tgz. Extracting by manifest.
791 silly tarball no local data for balanced-match@https://registry.npmjs.org/balanced-match/-/balanced-match-1.0.2.tgz. Extracting by manifest.
792 silly tarball no local data for bail@https://registry.npmjs.org/bail/-/bail-2.0.2.tgz. Extracting by manifest.
793 silly tarball no local data for axobject-query@https://registry.npmjs.org/axobject-query/-/axobject-query-4.0.0.tgz. Extracting by manifest.
794 silly tarball no local data for async-sema@https://registry.npmjs.org/async-sema/-/async-sema-3.1.1.tgz. Extracting by manifest.
795 silly tarball no local data for aria-query@https://registry.npmjs.org/aria-query/-/aria-query-5.3.0.tgz. Extracting by manifest.
796 silly tarball no local data for array-iterate@https://registry.npmjs.org/array-iterate/-/array-iterate-2.0.1.tgz. Extracting by manifest.
797 silly tarball no local data for argparse@https://registry.npmjs.org/argparse/-/argparse-2.0.1.tgz. Extracting by manifest.
798 silly tarball no local data for are-we-there-yet@https://registry.npmjs.org/are-we-there-yet/-/are-we-there-yet-2.0.0.tgz. Extracting by manifest.
799 silly tarball no local data for aproba@https://registry.npmjs.org/aproba/-/aproba-2.0.0.tgz. Extracting by manifest.
800 silly tarball no local data for anymatch@https://registry.npmjs.org/anymatch/-/anymatch-3.1.3.tgz. Extracting by manifest.
801 silly tarball no local data for ansi-regex@https://registry.npmjs.org/ansi-regex/-/ansi-regex-6.0.1.tgz. Extracting by manifest.
802 silly tarball no local data for agent-base@https://registry.npmjs.org/agent-base/-/agent-base-6.0.2.tgz. Extracting by manifest.
803 silly tarball no local data for ansi-align@https://registry.npmjs.org/ansi-align/-/ansi-align-3.0.1.tgz. Extracting by manifest.
804 silly tarball no local data for acorn-import-attributes@https://registry.npmjs.org/acorn-import-attributes/-/acorn-import-attributes-1.9.5.tgz. Extracting by manifest.
805 silly tarball no local data for acorn@https://registry.npmjs.org/acorn/-/acorn-8.11.3.tgz. Extracting by manifest.
806 silly tarball no local data for abbrev@https://registry.npmjs.org/abbrev/-/abbrev-1.1.1.tgz. Extracting by manifest.
807 silly tarball no local data for @vercel/edge@https://registry.npmjs.org/@vercel/edge/-/edge-1.1.2.tgz. Extracting by manifest.
808 silly tarball no local data for @vercel/analytics@https://registry.npmjs.org/@vercel/analytics/-/analytics-1.3.1.tgz. Extracting by manifest.
809 silly tarball no local data for @vercel/nft@https://registry.npmjs.org/@vercel/nft/-/nft-0.27.4.tgz. Extracting by manifest.
810 silly tarball no local data for @ungap/structured-clone@https://registry.npmjs.org/@ungap/structured-clone/-/structured-clone-1.2.0.tgz. Extracting by manifest.
811 silly tarball no local data for @types/unist@https://registry.npmjs.org/@types/unist/-/unist-3.0.2.tgz. Extracting by manifest.
812 silly tarball no local data for @types/ms@https://registry.npmjs.org/@types/ms/-/ms-0.7.34.tgz. Extracting by manifest.
813 silly tarball no local data for ansi-styles@https://registry.npmjs.org/ansi-styles/-/ansi-styles-3.2.1.tgz. Extracting by manifest.
814 silly tarball no local data for @types/nlcst@https://registry.npmjs.org/@types/nlcst/-/nlcst-1.0.4.tgz. Extracting by manifest.
815 silly tarball no local data for @types/debug@https://registry.npmjs.org/@types/debug/-/debug-4.1.12.tgz. Extracting by manifest.
816 silly tarball no local data for @types/mdast@https://registry.npmjs.org/@types/mdast/-/mdast-4.0.4.tgz. Extracting by manifest.
817 silly tarball no local data for @types/estree@https://registry.npmjs.org/@types/estree/-/estree-1.0.6.tgz. Extracting by manifest.
818 silly tarball no local data for @types/cookie@https://registry.npmjs.org/@types/cookie/-/cookie-0.6.0.tgz. Extracting by manifest.
819 silly tarball no local data for @types/hast@https://registry.npmjs.org/@types/hast/-/hast-3.0.4.tgz. Extracting by manifest.
820 silly tarball no local data for @shikijs/core@https://registry.npmjs.org/@shikijs/core/-/core-1.6.4.tgz. Extracting by manifest.
821 silly tarball no local data for @types/babel__traverse@https://registry.npmjs.org/@types/babel__traverse/-/babel__traverse-7.20.6.tgz. Extracting by manifest.
822 silly tarball no local data for @types/babel__template@https://registry.npmjs.org/@types/babel__template/-/babel__template-7.4.4.tgz. Extracting by manifest.
823 silly tarball no local data for @splidejs/splide@https://registry.npmjs.org/@splidejs/splide/-/splide-4.1.4.tgz. Extracting by manifest.
824 silly tarball no local data for @types/babel__generator@https://registry.npmjs.org/@types/babel__generator/-/babel__generator-7.6.8.tgz. Extracting by manifest.
825 silly tarball no local data for @types/babel__core@https://registry.npmjs.org/@types/babel__core/-/babel__core-7.20.5.tgz. Extracting by manifest.
826 silly tarball no local data for @rollup/pluginutils@https://registry.npmjs.org/@rollup/pluginutils/-/pluginutils-4.2.1.tgz. Extracting by manifest.
827 silly tarball no local data for @rollup/rollup-win32-x64-msvc@https://registry.npmjs.org/@rollup/rollup-win32-x64-msvc/-/rollup-win32-x64-msvc-4.24.0.tgz. Extracting by manifest.
828 silly tarball no local data for @nodelib/fs.scandir@https://registry.npmjs.org/@nodelib/fs.scandir/-/fs.scandir-2.1.5.tgz. Extracting by manifest.
829 silly tarball no local data for @jridgewell/trace-mapping@https://registry.npmjs.org/@jridgewell/trace-mapping/-/trace-mapping-0.3.25.tgz. Extracting by manifest.
830 silly tarball no local data for @nodelib/fs.stat@https://registry.npmjs.org/@nodelib/fs.stat/-/fs.stat-2.0.5.tgz. Extracting by manifest.
831 silly tarball no local data for @nodelib/fs.walk@https://registry.npmjs.org/@nodelib/fs.walk/-/fs.walk-1.2.8.tgz. Extracting by manifest.
832 silly tarball no local data for @mapbox/node-pre-gyp@https://registry.npmjs.org/@mapbox/node-pre-gyp/-/node-pre-gyp-1.0.11.tgz. Extracting by manifest.
833 silly tarball no local data for @jridgewell/sourcemap-codec@https://registry.npmjs.org/@jridgewell/sourcemap-codec/-/sourcemap-codec-1.4.15.tgz. Extracting by manifest.
834 silly tarball no local data for @img/sharp-win32-x64@https://registry.npmjs.org/@img/sharp-win32-x64/-/sharp-win32-x64-0.33.4.tgz. Extracting by manifest.
835 silly tarball no local data for @jridgewell/set-array@https://registry.npmjs.org/@jridgewell/set-array/-/set-array-1.2.1.tgz. Extracting by manifest.
836 silly tarball no local data for @jridgewell/gen-mapping@https://registry.npmjs.org/@jridgewell/gen-mapping/-/gen-mapping-0.3.5.tgz. Extracting by manifest.
837 silly tarball no local data for @esbuild/win32-x64@https://registry.npmjs.org/@esbuild/win32-x64/-/win32-x64-0.21.5.tgz. Extracting by manifest.
838 silly tarball no local data for @babel/template@https://registry.npmjs.org/@babel/template/-/template-7.24.7.tgz. Extracting by manifest.
839 silly tarball no local data for @babel/types@https://registry.npmjs.org/@babel/types/-/types-7.24.7.tgz. Extracting by manifest.
840 silly tarball no local data for @jridgewell/resolve-uri@https://registry.npmjs.org/@jridgewell/resolve-uri/-/resolve-uri-3.1.2.tgz. Extracting by manifest.
841 silly tarball no local data for @babel/traverse@https://registry.npmjs.org/@babel/traverse/-/traverse-7.24.7.tgz. Extracting by manifest.
842 silly tarball no local data for @babel/plugin-transform-react-jsx@https://registry.npmjs.org/@babel/plugin-transform-react-jsx/-/plugin-transform-react-jsx-7.24.7.tgz. Extracting by manifest.
843 silly tarball no local data for @babel/plugin-syntax-jsx@https://registry.npmjs.org/@babel/plugin-syntax-jsx/-/plugin-syntax-jsx-7.24.7.tgz. Extracting by manifest.
844 silly tarball no local data for @babel/highlight@https://registry.npmjs.org/@babel/highlight/-/highlight-7.24.7.tgz. Extracting by manifest.
845 silly tarball no local data for @babel/parser@https://registry.npmjs.org/@babel/parser/-/parser-7.24.7.tgz. Extracting by manifest.
846 silly tarball no local data for @babel/helpers@https://registry.npmjs.org/@babel/helpers/-/helpers-7.24.7.tgz. Extracting by manifest.
847 silly tarball no local data for @babel/helper-validator-identifier@https://registry.npmjs.org/@babel/helper-validator-identifier/-/helper-validator-identifier-7.24.7.tgz. Extracting by manifest.
848 silly tarball no local data for @babel/helper-string-parser@https://registry.npmjs.org/@babel/helper-string-parser/-/helper-string-parser-7.24.7.tgz. Extracting by manifest.
849 silly tarball no local data for @babel/helper-split-export-declaration@https://registry.npmjs.org/@babel/helper-split-export-declaration/-/helper-split-export-declaration-7.24.7.tgz. Extracting by manifest.
850 silly tarball no local data for @babel/helper-validator-option@https://registry.npmjs.org/@babel/helper-validator-option/-/helper-validator-option-7.24.7.tgz. Extracting by manifest.
851 silly tarball no local data for @babel/helper-simple-access@https://registry.npmjs.org/@babel/helper-simple-access/-/helper-simple-access-7.24.7.tgz. Extracting by manifest.
852 silly tarball no local data for @babel/helper-module-transforms@https://registry.npmjs.org/@babel/helper-module-transforms/-/helper-module-transforms-7.24.7.tgz. Extracting by manifest.
853 silly tarball no local data for @babel/helper-module-imports@https://registry.npmjs.org/@babel/helper-module-imports/-/helper-module-imports-7.24.7.tgz. Extracting by manifest.
854 silly tarball no local data for @babel/helper-plugin-utils@https://registry.npmjs.org/@babel/helper-plugin-utils/-/helper-plugin-utils-7.24.7.tgz. Extracting by manifest.
855 silly tarball no local data for @babel/helper-hoist-variables@https://registry.npmjs.org/@babel/helper-hoist-variables/-/helper-hoist-variables-7.24.7.tgz. Extracting by manifest.
856 silly tarball no local data for @babel/helper-function-name@https://registry.npmjs.org/@babel/helper-function-name/-/helper-function-name-7.24.7.tgz. Extracting by manifest.
857 silly tarball no local data for @babel/helper-compilation-targets@https://registry.npmjs.org/@babel/helper-compilation-targets/-/helper-compilation-targets-7.24.7.tgz. Extracting by manifest.
858 silly tarball no local data for @babel/helper-environment-visitor@https://registry.npmjs.org/@babel/helper-environment-visitor/-/helper-environment-visitor-7.24.7.tgz. Extracting by manifest.
859 silly tarball no local data for @babel/helper-annotate-as-pure@https://registry.npmjs.org/@babel/helper-annotate-as-pure/-/helper-annotate-as-pure-7.24.7.tgz. Extracting by manifest.
860 silly tarball no local data for @babel/generator@https://registry.npmjs.org/@babel/generator/-/generator-7.24.7.tgz. Extracting by manifest.
861 silly tarball no local data for @babel/core@https://registry.npmjs.org/@babel/core/-/core-7.24.7.tgz. Extracting by manifest.
862 silly tarball no local data for @babel/compat-data@https://registry.npmjs.org/@babel/compat-data/-/compat-data-7.24.7.tgz. Extracting by manifest.
863 silly tarball no local data for @babel/code-frame@https://registry.npmjs.org/@babel/code-frame/-/code-frame-7.24.7.tgz. Extracting by manifest.
864 silly tarball no local data for @astrojs/vercel@https://registry.npmjs.org/@astrojs/vercel/-/vercel-7.8.1.tgz. Extracting by manifest.
865 silly tarball no local data for @astrojs/telemetry@https://registry.npmjs.org/@astrojs/telemetry/-/telemetry-3.1.0.tgz. Extracting by manifest.
866 silly tarball no local data for @astrojs/markdown-remark@https://registry.npmjs.org/@astrojs/markdown-remark/-/markdown-remark-5.1.0.tgz. Extracting by manifest.
867 silly tarball no local data for @astrojs/prism@https://registry.npmjs.org/@astrojs/prism/-/prism-3.1.0.tgz. Extracting by manifest.
868 silly tarball no local data for @ampproject/remapping@https://registry.npmjs.org/@ampproject/remapping/-/remapping-2.3.0.tgz. Extracting by manifest.
869 silly tarball no local data for astro@https://registry.npmjs.org/astro/-/astro-4.10.2.tgz. Extracting by manifest.
870 silly tarball no local data for @astrojs/compiler@https://registry.npmjs.org/@astrojs/compiler/-/compiler-2.8.0.tgz. Extracting by manifest.
871 silly tarball no local data for emoji-regex@https://registry.npmjs.org/emoji-regex/-/emoji-regex-9.2.2.tgz. Extracting by manifest.
872 silly tarball no local data for @astrojs/internal-helpers@https://registry.npmjs.org/@astrojs/internal-helpers/-/internal-helpers-0.4.0.tgz. Extracting by manifest.
873 silly tarball no local data for string-width@https://registry.npmjs.org/string-width/-/string-width-5.1.2.tgz. Extracting by manifest.
874 silly tarball no local data for strip-ansi@https://registry.npmjs.org/strip-ansi/-/strip-ansi-6.0.1.tgz. Extracting by manifest.
875 silly tarball no local data for emoji-regex@https://registry.npmjs.org/emoji-regex/-/emoji-regex-9.2.2.tgz. Extracting by manifest.
876 silly tarball no local data for string-width@https://registry.npmjs.org/string-width/-/string-width-4.2.3.tgz. Extracting by manifest.
877 silly tarball no local data for emoji-regex@https://registry.npmjs.org/emoji-regex/-/emoji-regex-8.0.0.tgz. Extracting by manifest.
878 silly tarball no local data for @types/unist@https://registry.npmjs.org/@types/unist/-/unist-2.0.10.tgz. Extracting by manifest.
879 silly tarball no local data for ansi-styles@https://registry.npmjs.org/ansi-styles/-/ansi-styles-6.2.1.tgz. Extracting by manifest.
880 silly tarball no local data for string-width@https://registry.npmjs.org/string-width/-/string-width-5.1.2.tgz. Extracting by manifest.
881 silly tarball no local data for ansi-regex@https://registry.npmjs.org/ansi-regex/-/ansi-regex-5.0.1.tgz. Extracting by manifest.
882 silly tarball no local data for @types/unist@https://registry.npmjs.org/@types/unist/-/unist-2.0.10.tgz. Extracting by manifest.
883 silly tarball no local data for yallist@https://registry.npmjs.org/yallist/-/yallist-4.0.0.tgz. Extracting by manifest.
884 silly tarball no local data for vfile-message@https://registry.npmjs.org/vfile-message/-/vfile-message-3.1.4.tgz. Extracting by manifest.
885 silly tarball no local data for vfile@https://registry.npmjs.org/vfile/-/vfile-5.3.7.tgz. Extracting by manifest.
886 silly tarball no local data for unist-util-stringify-position@https://registry.npmjs.org/unist-util-stringify-position/-/unist-util-stringify-position-3.0.3.tgz. Extracting by manifest.
887 silly tarball no local data for unified@https://registry.npmjs.org/unified/-/unified-10.1.2.tgz. Extracting by manifest.
888 silly tarball no local data for vfile@https://registry.npmjs.org/vfile/-/vfile-5.3.7.tgz. Extracting by manifest.
889 silly tarball no local data for @types/unist@https://registry.npmjs.org/@types/unist/-/unist-2.0.10.tgz. Extracting by manifest.
890 silly tarball no local data for vfile-message@https://registry.npmjs.org/vfile-message/-/vfile-message-3.1.4.tgz. Extracting by manifest.
891 silly tarball no local data for unist-util-visit-parents@https://registry.npmjs.org/unist-util-visit-parents/-/unist-util-visit-parents-5.1.3.tgz. Extracting by manifest.
892 silly tarball no local data for unist-util-visit@https://registry.npmjs.org/unist-util-visit/-/unist-util-visit-4.1.2.tgz. Extracting by manifest.
893 silly tarball no local data for unist-util-is@https://registry.npmjs.org/unist-util-is/-/unist-util-is-5.2.1.tgz. Extracting by manifest.
894 silly tarball no local data for @types/unist@https://registry.npmjs.org/@types/unist/-/unist-2.0.10.tgz. Extracting by manifest.
895 silly tarball no local data for unist-util-stringify-position@https://registry.npmjs.org/unist-util-stringify-position/-/unist-util-stringify-position-3.0.3.tgz. Extracting by manifest.
896 silly tarball no local data for unified@https://registry.npmjs.org/unified/-/unified-10.1.2.tgz. Extracting by manifest.
897 silly tarball no local data for vfile@https://registry.npmjs.org/vfile/-/vfile-5.3.7.tgz. Extracting by manifest.
898 silly tarball no local data for vfile-message@https://registry.npmjs.org/vfile-message/-/vfile-message-3.1.4.tgz. Extracting by manifest.
899 silly tarball no local data for vfile@https://registry.npmjs.org/vfile/-/vfile-5.3.7.tgz. Extracting by manifest.
900 silly tarball no local data for @types/unist@https://registry.npmjs.org/@types/unist/-/unist-2.0.10.tgz. Extracting by manifest.
901 silly tarball no local data for vfile-message@https://registry.npmjs.org/vfile-message/-/vfile-message-3.1.4.tgz. Extracting by manifest.
902 silly tarball no local data for unist-util-stringify-position@https://registry.npmjs.org/unist-util-stringify-position/-/unist-util-stringify-position-3.0.3.tgz. Extracting by manifest.
903 silly tarball no local data for unified@https://registry.npmjs.org/unified/-/unified-10.1.2.tgz. Extracting by manifest.
904 silly tarball no local data for unist-util-stringify-position@https://registry.npmjs.org/unist-util-stringify-position/-/unist-util-stringify-position-3.0.3.tgz. Extracting by manifest.
905 silly tarball no local data for @types/unist@https://registry.npmjs.org/@types/unist/-/unist-2.0.10.tgz. Extracting by manifest.
906 silly tarball no local data for unified@https://registry.npmjs.org/unified/-/unified-10.1.2.tgz. Extracting by manifest.
907 silly tarball no local data for onetime@https://registry.npmjs.org/onetime/-/onetime-5.1.2.tgz. Extracting by manifest.
908 silly tarball no local data for kleur@https://registry.npmjs.org/kleur/-/kleur-3.0.3.tgz. Extracting by manifest.
909 silly tarball no local data for signal-exit@https://registry.npmjs.org/signal-exit/-/signal-exit-3.0.7.tgz. Extracting by manifest.
910 silly tarball no local data for which-pm@https://registry.npmjs.org/which-pm/-/which-pm-2.0.0.tgz. Extracting by manifest.
911 silly tarball no local data for mimic-fn@https://registry.npmjs.org/mimic-fn/-/mimic-fn-2.1.0.tgz. Extracting by manifest.
912 silly tarball no local data for yocto-queue@https://registry.npmjs.org/yocto-queue/-/yocto-queue-0.1.0.tgz. Extracting by manifest.
913 silly tarball no local data for p-locate@https://registry.npmjs.org/p-locate/-/p-locate-4.1.0.tgz. Extracting by manifest.
914 silly tarball no local data for p-limit@https://registry.npmjs.org/p-limit/-/p-limit-3.1.0.tgz. Extracting by manifest.
915 silly tarball no local data for chalk@https://registry.npmjs.org/chalk/-/chalk-5.3.0.tgz. Extracting by manifest.
916 silly tarball no local data for p-limit@https://registry.npmjs.org/p-limit/-/p-limit-2.3.0.tgz. Extracting by manifest.
917 silly tarball no local data for locate-path@https://registry.npmjs.org/locate-path/-/locate-path-5.0.0.tgz. Extracting by manifest.
918 silly tarball no local data for yallist@https://registry.npmjs.org/yallist/-/yallist-4.0.0.tgz. Extracting by manifest.
919 silly tarball no local data for find-up@https://registry.npmjs.org/find-up/-/find-up-4.1.0.tgz. Extracting by manifest.
920 silly tarball no local data for escape-string-regexp@https://registry.npmjs.org/escape-string-regexp/-/escape-string-regexp-5.0.0.tgz. Extracting by manifest.
921 silly tarball no local data for minipass@https://registry.npmjs.org/minipass/-/minipass-3.3.6.tgz. Extracting by manifest.
922 silly tarball no local data for path-key@https://registry.npmjs.org/path-key/-/path-key-4.0.0.tgz. Extracting by manifest.
923 silly tarball no local data for semver@https://registry.npmjs.org/semver/-/semver-6.3.1.tgz. Extracting by manifest.
924 silly tarball no local data for js-yaml@https://registry.npmjs.org/js-yaml/-/js-yaml-3.14.1.tgz. Extracting by manifest.
925 silly tarball no local data for js-yaml@https://registry.npmjs.org/js-yaml/-/js-yaml-3.14.1.tgz. Extracting by manifest.
926 silly tarball no local data for is-unicode-supported@https://registry.npmjs.org/is-unicode-supported/-/is-unicode-supported-1.3.0.tgz. Extracting by manifest.
927 silly tarball no local data for argparse@https://registry.npmjs.org/argparse/-/argparse-1.0.10.tgz. Extracting by manifest.
928 silly tarball no local data for chalk@https://registry.npmjs.org/chalk/-/chalk-5.3.0.tgz. Extracting by manifest.
929 silly tarball no local data for argparse@https://registry.npmjs.org/argparse/-/argparse-1.0.10.tgz. Extracting by manifest.
930 silly tarball no local data for strip-ansi@https://registry.npmjs.org/strip-ansi/-/strip-ansi-6.0.1.tgz. Extracting by manifest.
931 silly tarball no local data for emoji-regex@https://registry.npmjs.org/emoji-regex/-/emoji-regex-8.0.0.tgz. Extracting by manifest.
932 silly tarball no local data for signal-exit@https://registry.npmjs.org/signal-exit/-/signal-exit-3.0.7.tgz. Extracting by manifest.
933 silly tarball no local data for ansi-regex@https://registry.npmjs.org/ansi-regex/-/ansi-regex-5.0.1.tgz. Extracting by manifest.
934 silly tarball no local data for string-width@https://registry.npmjs.org/string-width/-/string-width-4.2.3.tgz. Extracting by manifest.
935 silly tarball no local data for minipass@https://registry.npmjs.org/minipass/-/minipass-3.3.6.tgz. Extracting by manifest.
936 silly tarball no local data for yallist@https://registry.npmjs.org/yallist/-/yallist-4.0.0.tgz. Extracting by manifest.
937 silly tarball no local data for color-convert@https://registry.npmjs.org/color-convert/-/color-convert-2.0.1.tgz. Extracting by manifest.
938 silly tarball no local data for color-name@https://registry.npmjs.org/color-name/-/color-name-1.1.4.tgz. Extracting by manifest.
939 silly tarball no local data for strip-ansi@https://registry.npmjs.org/strip-ansi/-/strip-ansi-6.0.1.tgz. Extracting by manifest.
940 silly tarball no local data for string-width@https://registry.npmjs.org/string-width/-/string-width-5.1.2.tgz. Extracting by manifest.
941 silly tarball no local data for emoji-regex@https://registry.npmjs.org/emoji-regex/-/emoji-regex-9.2.2.tgz. Extracting by manifest.
942 silly tarball no local data for chalk@https://registry.npmjs.org/chalk/-/chalk-5.3.0.tgz. Extracting by manifest.
943 silly tarball no local data for string-width@https://registry.npmjs.org/string-width/-/string-width-4.2.3.tgz. Extracting by manifest.
944 silly tarball no local data for ansi-regex@https://registry.npmjs.org/ansi-regex/-/ansi-regex-5.0.1.tgz. Extracting by manifest.
945 silly tarball no local data for emoji-regex@https://registry.npmjs.org/emoji-regex/-/emoji-regex-8.0.0.tgz. Extracting by manifest.
946 silly tarball no local data for @types/unist@https://registry.npmjs.org/@types/unist/-/unist-2.0.10.tgz. Extracting by manifest.
947 silly tarball no local data for semver@https://registry.npmjs.org/semver/-/semver-6.3.1.tgz. Extracting by manifest.
948 silly tarball no local data for @astrojs/internal-helpers@https://registry.npmjs.org/@astrojs/internal-helpers/-/internal-helpers-0.4.1.tgz. Extracting by manifest.
949 silly tarball no local data for estree-walker@https://registry.npmjs.org/estree-walker/-/estree-walker-3.0.3.tgz. Extracting by manifest.
950 silly tarball no local data for semver@https://registry.npmjs.org/semver/-/semver-6.3.1.tgz. Extracting by manifest.
951 http fetch GET 200 https://registry.npmjs.org/which-pm-runs/-/which-pm-runs-1.1.0.tgz 2959ms (cache miss)
952 http fetch GET 200 https://registry.npmjs.org/which/-/which-2.0.2.tgz 2982ms (cache miss)
953 http fetch GET 200 https://registry.npmjs.org/yocto-queue/-/yocto-queue-1.0.0.tgz 3006ms (cache miss)
954 http fetch GET 200 https://registry.npmjs.org/wide-align/-/wide-align-1.1.5.tgz 3016ms (cache miss)
955 http fetch GET 200 https://registry.npmjs.org/widest-line/-/widest-line-4.0.1.tgz 3092ms (cache miss)
956 http fetch GET 200 https://registry.npmjs.org/wrappy/-/wrappy-1.0.2.tgz 3091ms (cache miss)
957 http fetch GET 200 https://registry.npmjs.org/which-pm/-/which-pm-2.2.0.tgz 3091ms (cache miss)
958 http fetch GET 200 https://registry.npmjs.org/wrap-ansi/-/wrap-ansi-8.1.0.tgz 3097ms (cache miss)
959 http fetch GET 200 https://registry.npmjs.org/zwitch/-/zwitch-2.0.4.tgz 3101ms (cache miss)
960 http fetch GET 200 https://registry.npmjs.org/yallist/-/yallist-3.1.1.tgz 3101ms (cache miss)
961 http fetch GET 200 https://registry.npmjs.org/yargs-parser/-/yargs-parser-21.1.1.tgz 3142ms (cache miss)
962 http fetch POST 200 https://registry.npmjs.org/-/npm/v1/security/advisories/bulk 3301ms
963 silly audit report {
963 silly audit report   '@astrojs/vercel': [
963 silly audit report     {
963 silly audit report       id: 1115428,
963 silly audit report       url: 'https://github.com/advisories/GHSA-mr6q-rp88-fx84',
963 silly audit report       title: 'Astro: Unauthenticated Path Override via `x-astro-path` / `x_astro_path`',
963 silly audit report       severity: 'moderate',
963 silly audit report       vulnerable_versions: '<10.0.2',
963 silly audit report       cwe: [Array],
963 silly audit report       cvss: [Object]
963 silly audit report     }
963 silly audit report   ],
963 silly audit report   '@babel/helpers': [
963 silly audit report     {
963 silly audit report       id: 1104001,
963 silly audit report       url: 'https://github.com/advisories/GHSA-968p-4wvh-cqc8',
963 silly audit report       title: 'Babel has inefficient RegExp complexity in generated code with .replace when transpiling named capturing groups',
963 silly audit report       severity: 'moderate',
963 silly audit report       vulnerable_versions: '<7.26.10',
963 silly audit report       cwe: [Array],
963 silly audit report       cvss: [Object]
963 silly audit report     }
963 silly audit report   ],
963 silly audit report   astro: [
963 silly audit report     {
963 silly audit report       id: 1111022,
963 silly audit report       url: 'https://github.com/advisories/GHSA-m85w-3h95-hcf9',
963 silly audit report       title: "DOM Clobbering Gadget found in astro's client-side router that leads to XSS",
963 silly audit report       severity: 'moderate',
963 silly audit report       vulnerable_versions: '>=3.0.0 <4.16.1',
963 silly audit report       cwe: [Array],
963 silly audit report       cvss: [Object]
963 silly audit report     },
963 silly audit report     {
963 silly audit report       id: 1111018,
963 silly audit report       url: 'https://github.com/advisories/GHSA-49w6-73cw-chjr',
963 silly audit report       title: "Astro's server source code is exposed to the public if sourcemaps are enabled",
963 silly audit report       severity: 'high',
963 silly audit report       vulnerable_versions: '<=4.16.17',
963 silly audit report       cwe: [Array],
963 silly audit report       cvss: [Object]
963 silly audit report     },
963 silly audit report     {
963 silly audit report       id: 1111019,
963 silly audit report       url: 'https://github.com/advisories/GHSA-c4pw-33h3-35xw',
963 silly audit report       title: 'Atro CSRF Middleware Bypass (security.checkOrigin)',
963 silly audit report       severity: 'moderate',
963 silly audit report       vulnerable_versions: '<4.16.17',
963 silly audit report       cwe: [Array],
963 silly audit report       cvss: [Object]
963 silly audit report     },
963 silly audit report     {
963 silly audit report       id: 1111023,
963 silly audit report       url: 'https://github.com/advisories/GHSA-xf8x-j4p2-f749',
963 silly audit report       title: 'Astro allows unauthorized third-party images in _image endpoint',
963 silly audit report       severity: 'moderate',
963 silly audit report       vulnerable_versions: '<=4.16.18',
963 silly audit report       cwe: [Array],
963 silly audit report       cvss: [Object]
963 silly audit report     },
963 silly audit report     {
963 silly audit report       id: 1111026,
963 silly audit report       url: 'https://github.com/advisories/GHSA-fvmw-cj7j-j39q',
963 silly audit report       title: 'Astro Cloudflare adapter has Stored Cross-site Scripting vulnerability in /_image endpoint',
963 silly audit report       severity: 'moderate',
963 silly audit report       vulnerable_versions: '<5.15.9',
963 silly audit report       cwe: [Array],
963 silly audit report       cvss: [Object]
963 silly audit report     },
963 silly audit report     {
963 silly audit report       id: 1111027,
963 silly audit report       url: 'https://github.com/advisories/GHSA-ggxq-hp9w-j794',
963 silly audit report       title: "Astro's middleware authentication checks based on url.pathname can be bypassed via url encoded values",
963 silly audit report       severity: 'moderate',
963 silly audit report       vulnerable_versions: '<5.15.8',
963 silly audit report       cwe: [Array],
963 silly audit report       cvss: [Object]
963 silly audit report     },
963 silly audit report     {
963 silly audit report       id: 1111294,
963 silly audit report       url: 'https://github.com/advisories/GHSA-whqg-ppgf-wp8c',
963 silly audit report       title: 'Astro has an Authentication Bypass via Double URL Encoding, a bypass for CVE-2025-64765',
963 silly audit report       severity: 'moderate',
963 silly audit report       vulnerable_versions: '<5.15.8',
963 silly audit report       cwe: [Array],
963 silly audit report       cvss: [Object]
963 silly audit report     },
963 silly audit report     {
963 silly audit report       id: 1118920,
963 silly audit report       url: 'https://github.com/advisories/GHSA-xr5h-phrj-8vxv',
963 silly audit report       title: 'Astro: Server island encrypted parameters vulnerable to cross-component replay',
963 silly audit report       severity: 'low',
963 silly audit report       vulnerable_versions: '<6.1.10',
963 silly audit report       cwe: [Array],
963 silly audit report       cvss: [Object]
963 silly audit report     },
963 silly audit report     {
963 silly audit report       id: 1108906,
963 silly audit report       url: 'https://github.com/advisories/GHSA-5ff5-9fcw-vg88',
963 silly audit report       title: "Astro's `X-Forwarded-Host` is reflected without validation",
963 silly audit report       severity: 'moderate',
963 silly audit report       vulnerable_versions: '<5.14.3',
963 silly audit report       cwe: [Array],
963 silly audit report       cvss: [Object]
963 silly audit report     },
963 silly audit report     {
963 silly audit report       id: 1109738,
963 silly audit report       url: 'https://github.com/advisories/GHSA-hr2q-hp5q-x767',
963 silly audit report       title: 'Astro vulnerable to URL manipulation via headers, leading to middleware and CVE-2025-61925 bypass',
963 silly audit report       severity: 'moderate',
963 silly audit report       vulnerable_versions: '>=2.16.0 <5.15.5',
963 silly audit report       cwe: [Array],
963 silly audit report       cvss: [Object]
963 silly audit report     },
963 silly audit report     {
963 silly audit report       id: 1109850,
963 silly audit report       url: 'https://github.com/advisories/GHSA-wrwg-2hg8-v723',
963 silly audit report       title: 'Astro vulnerable to reflected XSS via the server islands feature',
963 silly audit report       severity: 'high',
963 silly audit report       vulnerable_versions: '<=5.15.6',
963 silly audit report       cwe: [Array],
963 silly audit report       cvss: [Object]
963 silly audit report     },
963 silly audit report     {
963 silly audit report       id: 1109851,
963 silly audit report       url: 'https://github.com/advisories/GHSA-x3h8-62x9-952g',
963 silly audit report       title: 'Astro Development Server has Arbitrary Local File Read',
963 silly audit report       severity: 'low',
963 silly audit report       vulnerable_versions: '<5.14.3',
963 silly audit report       cwe: [Array],
963 silly audit report       cvss: [Object]
963 silly audit report     },
963 silly audit report     {
963 silly audit report       id: 1115427,
963 silly audit report       url: 'https://github.com/advisories/GHSA-g735-7g2w-hh3f',
963 silly audit report       title: 'Astro: Remote allowlist bypass via unanchored matchPathname wildcard',
963 silly audit report       severity: 'low',
963 silly audit report       vulnerable_versions: '>=2.10.10 <5.18.1',
963 silly audit report       cwe: [Array],
963 silly audit report       cvss: [Object]
963 silly audit report     },
963 silly audit report     {
963 silly audit report       id: 1117141,
963 silly audit report       url: 'https://github.com/advisories/GHSA-j687-52p2-xcff',
963 silly audit report       title: 'Astro: XSS in define:vars via incomplete </script> tag sanitization',
963 silly audit report       severity: 'moderate',
963 silly audit report       vulnerable_versions: '<6.1.6',
963 silly audit report       cwe: [Array],
963 silly audit report       cvss: [Object]
963 silly audit report     }
963 silly audit report   ],
963 silly audit report   'brace-expansion': [
963 silly audit report     {
963 silly audit report       id: 1105443,
963 silly audit report       url: 'https://github.com/advisories/GHSA-v6h2-p8h4-qcjw',
963 silly audit report       title: 'brace-expansion Regular Expression Denial of Service vulnerability',
963 silly audit report       severity: 'low',
963 silly audit report       vulnerable_versions: '>=1.0.0 <=1.1.11',
963 silly audit report       cwe: [Array],
963 silly audit report       cvss: [Object]
963 silly audit report     },
963 silly audit report     {
963 silly audit report       id: 1115540,
963 silly audit report       url: 'https://github.com/advisories/GHSA-f886-m6hf-6m8v',
963 silly audit report       title: 'brace-expansion: Zero-step sequence causes process hang and memory exhaustion',
963 silly audit report       severity: 'moderate',
963 silly audit report       vulnerable_versions: '<1.1.13',
963 silly audit report       cwe: [Array],
963 silly audit report       cvss: [Object]
963 silly audit report     }
963 silly audit report   ],
963 silly audit report   cookie: [
963 silly audit report     {
963 silly audit report       id: 1103907,
963 silly audit report       url: 'https://github.com/advisories/GHSA-pxg6-pf52-xh8x',
963 silly audit report       title: 'cookie accepts cookie name, path, and domain with out of bounds characters',
963 silly audit report       severity: 'low',
963 silly audit report       vulnerable_versions: '<0.7.0',
963 silly audit report       cwe: [Array],
963 silly audit report       cvss: [Object]
963 silly audit report     }
963 silly audit report   ],
963 silly audit report   'cross-spawn': [
963 silly audit report     {
963 silly audit report       id: 1104664,
963 silly audit report       url: 'https://github.com/advisories/GHSA-3xgq-45jj-v275',
963 silly audit report       title: 'Regular Expression Denial of Service (ReDoS) in cross-spawn',
963 silly audit report       severity: 'high',
963 silly audit report       vulnerable_versions: '>=7.0.0 <7.0.5',
963 silly audit report       cwe: [Array],
963 silly audit report       cvss: [Object]
963 silly audit report     }
963 silly audit report   ],
963 silly audit report   devalue: [
963 silly audit report     {
963 silly audit report       id: 1106997,
963 silly audit report       url: 'https://github.com/advisories/GHSA-vj54-72f3-p5jv',
963 silly audit report       title: 'devalue prototype pollution vulnerability',
963 silly audit report       severity: 'high',
963 silly audit report       vulnerable_versions: '<5.3.2',
963 silly audit report       cwe: [Array],
963 silly audit report       cvss: [Object]
963 silly audit report     },
963 silly audit report     {
963 silly audit report       id: 1119003,
963 silly audit report       url: 'https://github.com/advisories/GHSA-mwv9-gp5h-frr4',
963 silly audit report       title: "Sveltejs devalue's `devalue.parse` and `devalue.unflatten` emit objects with `__proto__` own properties",
963 silly audit report       severity: 'low',
963 silly audit report       vulnerable_versions: '>=4.0.0 <5.6.4',
963 silly audit report       cwe: [Array],
963 silly audit report       cvss: [Object]
963 silly audit report     },
963 silly audit report     {
963 silly audit report       id: 1113319,
963 silly audit report       url: 'https://github.com/advisories/GHSA-33hq-fvwr-56pm',
963 silly audit report       title: 'devalue affected by CPU and memory amplification from sparse arrays',
963 silly audit report       severity: 'low',
963 silly audit report       vulnerable_versions: '<=5.6.2',
963 silly audit report       cwe: [Array],
963 silly audit report       cvss: [Object]
963 silly audit report     },
963 silly audit report     {
963 silly audit report       id: 1113320,
963 silly audit report       url: 'https://github.com/advisories/GHSA-8qm3-746x-r74r',
963 silly audit report       title: 'devalue `uneval`ed code can create objects with polluted prototypes when `eval`ed',
963 silly audit report       severity: 'low',
963 silly audit report       vulnerable_versions: '<=5.6.2',
963 silly audit report       cwe: [Array],
963 silly audit report       cvss: [Object]
963 silly audit report     },
963 silly audit report     {
963 silly audit report       id: 1114438,
963 silly audit report       url: 'https://github.com/advisories/GHSA-cfw5-2vxh-hr84',
963 silly audit report       title: 'devalue has prototype pollution in devalue.parse and devalue.unflatten',
963 silly audit report       severity: 'moderate',
963 silly audit report       vulnerable_versions: '<5.6.4',
963 silly audit report       cwe: [Array],
963 silly audit report       cvss: [Object]
963 silly audit report     }
963 silly audit report   ],
963 silly audit report   diff: [
963 silly audit report     {
963 silly audit report       id: 1112705,
963 silly audit report       url: 'https://github.com/advisories/GHSA-73rr-hh4g-fpgx',
963 silly audit report       title: 'jsdiff has a Denial of Service vulnerability in parsePatch and applyPatch',
963 silly audit report       severity: 'low',
963 silly audit report       vulnerable_versions: '>=5.0.0 <5.2.2',
963 silly audit report       cwe: [Array],
963 silly audit report       cvss: [Object]
963 silly audit report     }
963 silly audit report   ],
963 silly audit report   esbuild: [
963 silly audit report     {
963 silly audit report       id: 1102341,
963 silly audit report       url: 'https://github.com/advisories/GHSA-67mh-4wv8-2f99',
963 silly audit report       title: 'esbuild enables any website to send any requests to the development server and read the response',
963 silly audit report       severity: 'moderate',
963 silly audit report       vulnerable_versions: '<=0.24.2',
963 silly audit report       cwe: [Array],
963 silly audit report       cvss: [Object]
963 silly audit report     }
963 silly audit report   ],
963 silly audit report   'js-yaml': [
963 silly audit report     {
963 silly audit report       id: 1112714,
963 silly audit report       url: 'https://github.com/advisories/GHSA-mh29-5h37-fv8m',
963 silly audit report       title: 'js-yaml has prototype pollution in merge (<<)',
963 silly audit report       severity: 'moderate',
963 silly audit report       vulnerable_versions: '<3.14.2',
963 silly audit report       cwe: [Array],
963 silly audit report       cvss: [Object]
963 silly audit report     },
963 silly audit report     {
963 silly audit report       id: 1112715,
963 silly audit report       url: 'https://github.com/advisories/GHSA-mh29-5h37-fv8m',
963 silly audit report       title: 'js-yaml has prototype pollution in merge (<<)',
963 silly audit report       severity: 'moderate',
963 silly audit report       vulnerable_versions: '>=4.0.0 <4.1.1',
963 silly audit report       cwe: [Array],
963 silly audit report       cvss: [Object]
963 silly audit report     }
963 silly audit report   ],
963 silly audit report   'mdast-util-to-hast': [
963 silly audit report     {
963 silly audit report       id: 1113048,
963 silly audit report       url: 'https://github.com/advisories/GHSA-4fh9-h7wg-q85m',
963 silly audit report       title: 'mdast-util-to-hast has unsanitized class attribute',
963 silly audit report       severity: 'moderate',
963 silly audit report       vulnerable_versions: '>=13.0.0 <13.2.1',
963 silly audit report       cwe: [Array],
963 silly audit report       cvss: [Object]
963 silly audit report     }
963 silly audit report   ],
963 silly audit report   minimatch: [
963 silly audit report     {
963 silly audit report       id: 1113459,
963 silly audit report       url: 'https://github.com/advisories/GHSA-3ppc-4f35-3m26',
963 silly audit report       title: 'minimatch has a ReDoS via repeated wildcards with non-matching literal in pattern',
963 silly audit report       severity: 'high',
963 silly audit report       vulnerable_versions: '<3.1.3',
963 silly audit report       cwe: [Array],
963 silly audit report       cvss: [Object]
963 silly audit report     },
963 silly audit report     {
963 silly audit report       id: 1113538,
963 silly audit report       url: 'https://github.com/advisories/GHSA-7r86-cg39-jmmj',
963 silly audit report       title: 'minimatch has ReDoS: matchOne() combinatorial backtracking via multiple non-adjacent GLOBSTAR segments',
963 silly audit report       severity: 'high',
963 silly audit report       vulnerable_versions: '<3.1.3',
963 silly audit report       cwe: [Array],
963 silly audit report       cvss: [Object]
963 silly audit report     },
963 silly audit report     {
963 silly audit report       id: 1113546,
963 silly audit report       url: 'https://github.com/advisories/GHSA-23c5-xmqv-rm74',
963 silly audit report       title: 'minimatch ReDoS: nested *() extglobs generate catastrophically backtracking regular expressions',
963 silly audit report       severity: 'high',
963 silly audit report       vulnerable_versions: '<3.1.4',
963 silly audit report       cwe: [Array],
963 silly audit report       cvss: [Object]
963 silly audit report     }
963 silly audit report   ],
963 silly audit report   nanoid: [
963 silly audit report     {
963 silly audit report       id: 1109563,
963 silly audit report       url: 'https://github.com/advisories/GHSA-mwcw-c2x4-8c55',
963 silly audit report       title: 'Predictable results in nanoid generation when given non-integer values',
963 silly audit report       severity: 'moderate',
963 silly audit report       vulnerable_versions: '<3.3.8',
963 silly audit report       cwe: [Array],
963 silly audit report       cvss: [Object]
963 silly audit report     }
963 silly audit report   ],
963 silly audit report   picomatch: [
963 silly audit report     {
963 silly audit report       id: 1115549,
963 silly audit report       url: 'https://github.com/advisories/GHSA-3v7f-55p6-f55p',
963 silly audit report       title: 'Picomatch: Method Injection in POSIX Character Classes causes incorrect Glob Matching',
963 silly audit report       severity: 'moderate',
963 silly audit report       vulnerable_versions: '<2.3.2',
963 silly audit report       cwe: [Array],
963 silly audit report       cvss: [Object]
963 silly audit report     },
963 silly audit report     {
963 silly audit report       id: 1115552,
963 silly audit report       url: 'https://github.com/advisories/GHSA-c2c7-rcm5-vvqj',
963 silly audit report       title: 'Picomatch has a ReDoS vulnerability via extglob quantifiers',
963 silly audit report       severity: 'high',
963 silly audit report       vulnerable_versions: '<2.3.2',
963 silly audit report       cwe: [Array],
963 silly audit report       cvss: [Object]
963 silly audit report     }
963 silly audit report   ],
963 silly audit report   postcss: [
963 silly audit report     {
963 silly audit report       id: 1117015,
963 silly audit report       url: 'https://github.com/advisories/GHSA-qx2v-qp2m-jg93',
963 silly audit report       title: 'PostCSS has XSS via Unescaped </style> in its CSS Stringify Output',
963 silly audit report       severity: 'moderate',
963 silly audit report       vulnerable_versions: '<8.5.10',
963 silly audit report       cwe: [Array],
963 silly audit report       cvss: [Object]
963 silly audit report     }
963 silly audit report   ],
963 silly audit report   prismjs: [
963 silly audit report     {
963 silly audit report       id: 1105770,
963 silly audit report       url: 'https://github.com/advisories/GHSA-x7hr-w5r2-h6wg',
963 silly audit report       title: 'PrismJS DOM Clobbering vulnerability',
963 silly audit report       severity: 'moderate',
963 silly audit report       vulnerable_versions: '<1.30.0',
963 silly audit report       cwe: [Array],
963 silly audit report       cvss: [Object]
963 silly audit report     }
963 silly audit report   ],
963 silly audit report   rollup: [
963 silly audit report     {
963 silly audit report       id: 1113515,
963 silly audit report       url: 'https://github.com/advisories/GHSA-mw96-cpmx-2vgc',
963 silly audit report       title: 'Rollup 4 has Arbitrary File Write via Path Traversal',
963 silly audit report       severity: 'high',
963 silly audit report       vulnerable_versions: '>=4.0.0 <4.59.0',
963 silly audit report       cwe: [Array],
963 silly audit report       cvss: [Object]
963 silly audit report     }
963 silly audit report   ],
963 silly audit report   tar: [
963 silly audit report     {
963 silly audit report       id: 1112659,
963 silly audit report       url: 'https://github.com/advisories/GHSA-34x7-hfp2-rc4v',
963 silly audit report       title: 'node-tar Vulnerable to Arbitrary File Creation/Overwrite via Hardlink Path Traversal',
963 silly audit report       severity: 'high',
963 silly audit report       vulnerable_versions: '<7.5.7',
963 silly audit report       cwe: [Array],
963 silly audit report       cvss: [Object]
963 silly audit report     },
963 silly audit report     {
963 silly audit report       id: 1113300,
963 silly audit report       url: 'https://github.com/advisories/GHSA-8qq5-rm4j-mr97',
963 silly audit report       title: 'node-tar is Vulnerable to Arbitrary File Overwrite and Symlink Poisoning via Insufficient Path Sanitization',
963 silly audit report       severity: 'high',
963 silly audit report       vulnerable_versions: '<=7.5.2',
963 silly audit report       cwe: [Array],
963 silly audit report       cvss: [Object]
963 silly audit report     },
963 silly audit report     {
963 silly audit report       id: 1113375,
963 silly audit report       url: 'https://github.com/advisories/GHSA-83g3-92jg-28cx',
963 silly audit report       title: 'Arbitrary File Read/Write via Hardlink Target Escape Through Symlink Chain in node-tar Extraction',
963 silly audit report       severity: 'high',
963 silly audit report       vulnerable_versions: '<7.5.8',
963 silly audit report       cwe: [Array],
963 silly audit report       cvss: [Object]
963 silly audit report     },
963 silly audit report     {
963 silly audit report       id: 1114200,
963 silly audit report       url: 'https://github.com/advisories/GHSA-qffp-2rhf-9h96',
963 silly audit report       title: 'tar has Hardlink Path Traversal via Drive-Relative Linkpath',
963 silly audit report       severity: 'high',
963 silly audit report       vulnerable_versions: '<=7.5.9',
963 silly audit report       cwe: [Array],
963 silly audit report       cvss: [Object]
963 silly audit report     },
963 silly audit report     {
963 silly audit report       id: 1114302,
963 silly audit report       url: 'https://github.com/advisories/GHSA-9ppj-qmqm-q256',
963 silly audit report       title: 'node-tar Symlink Path Traversal via Drive-Relative Linkpath',
963 silly audit report       severity: 'high',
963 silly audit report       vulnerable_versions: '<=7.5.10',
963 silly audit report       cwe: [Array],
963 silly audit report       cvss: [Object]
963 silly audit report     },
963 silly audit report     {
963 silly audit report       id: 1114680,
963 silly audit report       url: 'https://github.com/advisories/GHSA-r6q2-hw4h-h46w',
963 silly audit report       title: 'Race Condition in node-tar Path Reservations via Unicode Ligature Collisions on macOS APFS',
963 silly audit report       severity: 'high',
963 silly audit report       vulnerable_versions: '<=7.5.3',
963 silly audit report       cwe: [Array],
963 silly audit report       cvss: [Object]
963 silly audit report     }
963 silly audit report   ],
963 silly audit report   vite: [
963 silly audit report     {
963 silly audit report       id: 1102437,
963 silly audit report       url: 'https://github.com/advisories/GHSA-vg6x-rcgg-rjx6',
963 silly audit report       title: 'Websites were able to send any requests to the development server and read the response in vite',
963 silly audit report       severity: 'moderate',
963 silly audit report       vulnerable_versions: '>=5.0.0 <=5.4.11',
963 silly audit report       cwe: [Array],
963 silly audit report       cvss: [Object]
963 silly audit report     },
963 silly audit report     {
963 silly audit report       id: 1103517,
963 silly audit report       url: 'https://github.com/advisories/GHSA-x574-m823-4x7w',
963 silly audit report       title: 'Vite bypasses server.fs.deny when using ?raw??',
963 silly audit report       severity: 'moderate',
963 silly audit report       vulnerable_versions: '>=5.0.0 <5.4.15',
963 silly audit report       cwe: [Array],
963 silly audit report       cvss: [Object]
963 silly audit report     },
963 silly audit report     {
963 silly audit report       id: 1103884,
963 silly audit report       url: 'https://github.com/advisories/GHSA-356w-63v5-8wf4',
963 silly audit report       title: 'Vite has an `server.fs.deny` bypass with an invalid `request-target`',
963 silly audit report       severity: 'moderate',
963 silly audit report       vulnerable_versions: '>=5.0.0 <5.4.18',
963 silly audit report       cwe: [Array],
963 silly audit report       cvss: [Object]
963 silly audit report     },
963 silly audit report     {
963 silly audit report       id: 1104173,
963 silly audit report       url: 'https://github.com/advisories/GHSA-859w-5945-r5v3',
963 silly audit report       title: "Vite's server.fs.deny bypassed with /. for files under project root",
963 silly audit report       severity: 'moderate',
963 silly audit report       vulnerable_versions: '>=5.0.0 <=5.4.18',
963 silly audit report       cwe: [Array],
963 silly audit report       cvss: [Object]
963 silly audit report     },
963 silly audit report     {
963 silly audit report       id: 1104202,
963 silly audit report       url: 'https://github.com/advisories/GHSA-xcj6-pq6g-qj4x',
963 silly audit report       title: 'Vite allows server.fs.deny to be bypassed with .svg or relative paths',
963 silly audit report       severity: 'moderate',
963 silly audit report       vulnerable_versions: '>=5.0.0 <5.4.17',
963 silly audit report       cwe: [Array],
963 silly audit report       cvss: [Object]
963 silly audit report     },
963 silly audit report     {
963 silly audit report       id: 1107323,
963 silly audit report       url: 'https://github.com/advisories/GHSA-g4jq-h2w9-997c',
963 silly audit report       title: 'Vite middleware may serve files starting with the same name with the public directory',
963 silly audit report       severity: 'low',
963 silly audit report       vulnerable_versions: '<=5.4.19',
963 silly audit report       cwe: [Array],
963 silly audit report       cvss: [Object]
963 silly audit report     },
963 silly audit report     {
963 silly audit report       id: 1107327,
963 silly audit report       url: 'https://github.com/advisories/GHSA-jqfw-vq24-v9c3',
963 silly audit report       title: "Vite's `server.fs` settings were not applied to HTML files",
963 silly audit report       severity: 'low',
963 silly audit report       vulnerable_versions: '<=5.4.19',
963 silly audit report       cwe: [Array],
963 silly audit report       cvss: [Object]
963 silly audit report     },
963 silly audit report     {
963 silly audit report       id: 1109131,
963 silly audit report       url: 'https://github.com/advisories/GHSA-93m4-6634-74q7',
963 silly audit report       title: 'vite allows server.fs.deny bypass via backslash on Windows',
963 silly audit report       severity: 'moderate',
963 silly audit report       vulnerable_versions: '>=5.2.6 <=5.4.20',
963 silly audit report       cwe: [Array],
963 silly audit report       cvss: [Object]
963 silly audit report     },
963 silly audit report     {
963 silly audit report       id: 1112511,
963 silly audit report       url: 'https://github.com/advisories/GHSA-4r4m-qw57-chr8',
963 silly audit report       title: 'Vite has a `server.fs.deny` bypassed for `inline` and `raw` with `?import` query',
963 silly audit report       severity: 'moderate',
963 silly audit report       vulnerable_versions: '>=5.0.0 <5.4.16',
963 silly audit report       cwe: [Array],
963 silly audit report       cvss: [Object]
963 silly audit report     },
963 silly audit report     {
963 silly audit report       id: 1120061,
963 silly audit report       url: 'https://github.com/advisories/GHSA-c27g-q93r-2cwf',
963 silly audit report       title: 'launch-editor vulnerable to command injection via the crafted request on Windows',
963 silly audit report       severity: 'high',
963 silly audit report       vulnerable_versions: '<=5.4.8',
963 silly audit report       cwe: [Array],
963 silly audit report       cvss: [Object]
963 silly audit report     },
963 silly audit report     {
963 silly audit report       id: 1116229,
963 silly audit report       url: 'https://github.com/advisories/GHSA-4w7w-66w2-5vf9',
963 silly audit report       title: 'Vite Vulnerable to Path Traversal in Optimized Deps `.map` Handling',
963 silly audit report       severity: 'moderate',
963 silly audit report       vulnerable_versions: '<=6.4.1',
963 silly audit report       cwe: [Array],
963 silly audit report       cvss: [Object]
963 silly audit report     }
963 silly audit report   ]
963 silly audit report }
964 silly packumentCache corgi:https://registry.npmjs.org/@astrojs%2fvercel cache-miss
965 silly packumentCache corgi:https://registry.npmjs.org/@babel%2fhelpers cache-miss
966 silly packumentCache corgi:https://registry.npmjs.org/astro cache-miss
967 silly packumentCache corgi:https://registry.npmjs.org/brace-expansion cache-miss
968 silly packumentCache corgi:https://registry.npmjs.org/cookie cache-miss
969 silly packumentCache corgi:https://registry.npmjs.org/cross-spawn cache-miss
970 silly packumentCache corgi:https://registry.npmjs.org/devalue cache-miss
971 silly packumentCache corgi:https://registry.npmjs.org/diff cache-miss
972 silly packumentCache corgi:https://registry.npmjs.org/esbuild cache-miss
973 silly packumentCache corgi:https://registry.npmjs.org/js-yaml cache-miss
974 silly packumentCache corgi:https://registry.npmjs.org/mdast-util-to-hast cache-miss
975 silly packumentCache corgi:https://registry.npmjs.org/minimatch cache-miss
976 silly packumentCache corgi:https://registry.npmjs.org/nanoid cache-miss
977 silly packumentCache corgi:https://registry.npmjs.org/picomatch cache-miss
978 silly packumentCache corgi:https://registry.npmjs.org/postcss cache-miss
979 silly packumentCache corgi:https://registry.npmjs.org/prismjs cache-miss
980 silly packumentCache corgi:https://registry.npmjs.org/rollup cache-miss
981 silly packumentCache corgi:https://registry.npmjs.org/tar cache-miss
982 silly packumentCache corgi:https://registry.npmjs.org/vite cache-miss
983 http fetch GET 200 https://registry.npmjs.org/npm 3680ms
984 http fetch GET 200 https://registry.npmjs.org/zod/-/zod-3.23.8.tgz 3307ms (cache miss)
985 http fetch GET 200 https://registry.npmjs.org/zod-to-json-schema/-/zod-to-json-schema-3.23.0.tgz 3455ms (cache miss)
986 http fetch GET 200 https://registry.npmjs.org/webidl-conversions/-/webidl-conversions-3.0.1.tgz 3490ms (cache miss)
987 http fetch GET 200 https://registry.npmjs.org/web-namespaces/-/web-namespaces-2.0.1.tgz 3512ms (cache miss)
988 http fetch GET 200 https://registry.npmjs.org/vitefu/-/vitefu-0.2.5.tgz 3601ms (cache miss)
989 http fetch GET 200 https://registry.npmjs.org/vfile-message/-/vfile-message-4.0.2.tgz 3646ms (cache miss)
990 http fetch GET 200 https://registry.npmjs.org/util-deprecate/-/util-deprecate-1.0.2.tgz 3660ms (cache miss)
991 http fetch GET 200 https://registry.npmjs.org/whatwg-url/-/whatwg-url-5.0.0.tgz 3664ms (cache miss)
992 http fetch GET 200 https://registry.npmjs.org/update-browserslist-db/-/update-browserslist-db-1.0.16.tgz 3668ms (cache miss)
993 http fetch GET 200 https://registry.npmjs.org/vfile-location/-/vfile-location-5.0.2.tgz 3668ms (cache miss)
994 http fetch GET 200 https://registry.npmjs.org/unist-util-visit-parents/-/unist-util-visit-parents-6.0.1.tgz 3683ms (cache miss)
995 http fetch GET 200 https://registry.npmjs.org/vfile/-/vfile-6.0.1.tgz 3703ms (cache miss)
996 http fetch GET 200 https://registry.npmjs.org/unist-util-visit/-/unist-util-visit-5.0.0.tgz 3717ms (cache miss)
997 http fetch GET 200 https://registry.npmjs.org/unist-util-stringify-position/-/unist-util-stringify-position-4.0.0.tgz 3817ms (cache miss)
998 http fetch GET 200 https://registry.npmjs.org/web-vitals/-/web-vitals-3.5.2.tgz 3937ms (cache miss)
999 http fetch GET 200 https://registry.npmjs.org/vite/-/vite-5.4.8.tgz 3973ms (cache miss)
1000 http fetch GET 200 https://registry.npmjs.org/unist-util-position/-/unist-util-position-5.0.0.tgz 4013ms (cache miss)
1001 http fetch GET 200 https://registry.npmjs.org/unist-util-remove-position/-/unist-util-remove-position-5.0.0.tgz 4022ms (cache miss)
1002 http fetch GET 200 https://registry.npmjs.org/unist-util-modify-children/-/unist-util-modify-children-3.1.1.tgz 4087ms (cache miss)
1003 http fetch GET 200 https://registry.npmjs.org/unist-util-find-after/-/unist-util-find-after-5.0.0.tgz 4106ms (cache miss)
1004 http fetch GET 200 https://registry.npmjs.org/unherit/-/unherit-3.0.1.tgz 4164ms (cache miss)
1005 http fetch GET 200 https://registry.npmjs.org/unified/-/unified-11.0.4.tgz 4170ms (cache miss)
1006 http fetch GET 200 https://registry.npmjs.org/trim-lines/-/trim-lines-3.0.1.tgz 4202ms (cache miss)
1007 http fetch GET 200 https://registry.npmjs.org/unist-util-visit-children/-/unist-util-visit-children-2.0.2.tgz 4212ms (cache miss)
1008 http fetch GET 200 https://registry.npmjs.org/unist-util-is/-/unist-util-is-6.0.0.tgz 4214ms (cache miss)
1009 http fetch GET 200 https://registry.npmjs.org/trough/-/trough-2.2.0.tgz 4219ms (cache miss)
1010 http fetch GET 200 https://registry.npmjs.org/tr46/-/tr46-0.0.3.tgz 4227ms (cache miss)
1011 http fetch GET 200 https://registry.npmjs.org/tsconfck/-/tsconfck-3.1.0.tgz 4248ms (cache miss)
1012 http fetch GET 200 https://registry.npmjs.org/to-regex-range/-/to-regex-range-5.0.1.tgz 4278ms (cache miss)
1013 http fetch GET 200 https://registry.npmjs.org/type-fest/-/type-fest-2.19.0.tgz 4366ms (cache miss)
1014 http fetch GET 200 https://registry.npmjs.org/to-fast-properties/-/to-fast-properties-2.0.0.tgz 4428ms (cache miss)
1015 http fetch GET 200 https://registry.npmjs.org/supports-preserve-symlinks-flag/-/supports-preserve-symlinks-flag-1.0.0.tgz 4490ms (cache miss)
1016 http fetch GET 200 https://registry.npmjs.org/tar/-/tar-6.2.1.tgz 4533ms (cache miss)
1017 http fetch GET 200 https://registry.npmjs.org/strip-final-newline/-/strip-final-newline-3.0.0.tgz 5075ms (cache miss)
1018 http fetch GET 200 https://registry.npmjs.org/source-map-js/-/source-map-js-1.2.1.tgz 5071ms (cache miss)
1019 http fetch GET 200 https://registry.npmjs.org/supports-color/-/supports-color-5.5.0.tgz 5090ms (cache miss)
1020 http fetch GET 200 https://registry.npmjs.org/strip-bom/-/strip-bom-3.0.0.tgz 5124ms (cache miss)
1021 http fetch GET 200 https://registry.npmjs.org/strip-bom-string/-/strip-bom-string-1.0.0.tgz 5167ms (cache miss)
1022 http fetch GET 200 https://registry.npmjs.org/string-width/-/string-width-7.1.0.tgz 5175ms (cache miss)
1023 http fetch GET 200 https://registry.npmjs.org/stdin-discarder/-/stdin-discarder-0.2.2.tgz 5181ms (cache miss)
1024 http fetch GET 200 https://registry.npmjs.org/string_decoder/-/string_decoder-1.3.0.tgz 5224ms (cache miss)
1025 http fetch GET 200 https://registry.npmjs.org/stringify-entities/-/stringify-entities-4.0.4.tgz 5227ms (cache miss)
1026 http fetch GET 200 https://registry.npmjs.org/sprintf-js/-/sprintf-js-1.0.3.tgz 5233ms (cache miss)
1027 http fetch GET 200 https://registry.npmjs.org/signal-exit/-/signal-exit-4.1.0.tgz 5246ms (cache miss)
1028 http fetch GET 200 https://registry.npmjs.org/strip-ansi/-/strip-ansi-7.1.0.tgz 5287ms (cache miss)
1029 http fetch GET 200 https://registry.npmjs.org/space-separated-tokens/-/space-separated-tokens-2.0.2.tgz 5397ms (cache miss)
1030 http fetch GET 200 https://registry.npmjs.org/sisteransi/-/sisteransi-1.0.5.tgz 5414ms (cache miss)
1031 http fetch GET 200 https://registry.npmjs.org/shebang-command/-/shebang-command-2.0.0.tgz 5643ms (cache miss)
1032 http fetch GET 200 https://registry.npmjs.org/shebang-regex/-/shebang-regex-3.0.0.tgz 5646ms (cache miss)
1033 http fetch GET 200 https://registry.npmjs.org/set-blocking/-/set-blocking-2.0.0.tgz 5728ms (cache miss)
1034 http fetch GET 200 https://registry.npmjs.org/section-matter/-/section-matter-1.0.0.tgz 5761ms (cache miss)
1035 http fetch GET 200 https://registry.npmjs.org/server-only/-/server-only-0.0.1.tgz 5766ms (cache miss)
1036 http fetch GET 200 https://registry.npmjs.org/run-parallel/-/run-parallel-1.2.0.tgz 5766ms (cache miss)
1037 http fetch GET 200 https://registry.npmjs.org/sharp/-/sharp-0.33.4.tgz 5782ms (cache miss)
1038 http fetch GET 200 https://registry.npmjs.org/retext-stringify/-/retext-stringify-3.1.0.tgz 5840ms (cache miss)
1039 http fetch GET 200 https://registry.npmjs.org/simple-swizzle/-/simple-swizzle-0.2.2.tgz 5844ms (cache miss)
1040 http fetch GET 200 https://registry.npmjs.org/safe-buffer/-/safe-buffer-5.2.1.tgz 5855ms (cache miss)
1041 http fetch GET 200 https://registry.npmjs.org/semver/-/semver-7.6.2.tgz 5871ms (cache miss)
1042 http fetch GET 200 https://registry.npmjs.org/rimraf/-/rimraf-3.0.2.tgz 5992ms (cache miss)
1043 warn deprecated rimraf@3.0.2: Rimraf versions prior to v4 are no longer supported
1044 http fetch GET 200 https://registry.npmjs.org/reusify/-/reusify-1.0.4.tgz 6003ms (cache miss)
1045 http fetch GET 200 https://registry.npmjs.org/restore-cursor/-/restore-cursor-4.0.0.tgz 6217ms (cache miss)
1046 http fetch GET 200 https://registry.npmjs.org/retext-latin/-/retext-latin-3.1.0.tgz 6230ms (cache miss)
1047 http fetch GET 200 https://registry.npmjs.org/rollup/-/rollup-4.24.0.tgz 6236ms (cache miss)
1048 http fetch GET 200 https://registry.npmjs.org/retext/-/retext-8.1.0.tgz 6273ms (cache miss)
1049 http fetch GET 200 https://registry.npmjs.org/resolve-from/-/resolve-from-5.0.0.tgz 6306ms (cache miss)
1050 http fetch GET 200 https://registry.npmjs.org/remark-parse/-/remark-parse-11.0.0.tgz 6370ms (cache miss)
1051 http fetch GET 200 https://registry.npmjs.org/remark-rehype/-/remark-rehype-11.1.0.tgz 6370ms (cache miss)
1052 http fetch GET 200 https://registry.npmjs.org/rehype-stringify/-/rehype-stringify-10.0.0.tgz 6370ms (cache miss)
1053 http fetch GET 200 https://registry.npmjs.org/rehype-raw/-/rehype-raw-7.0.0.tgz 6410ms (cache miss)
1054 http fetch GET 200 https://registry.npmjs.org/remark-gfm/-/remark-gfm-4.0.0.tgz 6428ms (cache miss)
1055 http fetch GET 200 https://registry.npmjs.org/remark-smartypants/-/remark-smartypants-2.1.0.tgz 6585ms (cache miss)
1056 http fetch GET 200 https://registry.npmjs.org/retext-smartypants/-/retext-smartypants-5.2.0.tgz 6600ms (cache miss)
1057 http fetch GET 200 https://registry.npmjs.org/remark-stringify/-/remark-stringify-11.0.0.tgz 6609ms (cache miss)
1058 http fetch GET 200 https://registry.npmjs.org/rehype-parse/-/rehype-parse-9.0.0.tgz 6624ms (cache miss)
1059 http fetch GET 200 https://registry.npmjs.org/rehype/-/rehype-13.0.1.tgz 6626ms (cache miss)
1060 http fetch GET 200 https://registry.npmjs.org/readdirp/-/readdirp-3.6.0.tgz 6632ms (cache miss)
1061 http fetch GET 200 https://registry.npmjs.org/queue-microtask/-/queue-microtask-1.2.3.tgz 6642ms (cache miss)
1062 http fetch GET 200 https://registry.npmjs.org/readable-stream/-/readable-stream-3.6.2.tgz 6702ms (cache miss)
1063 http fetch GET 200 https://registry.npmjs.org/property-information/-/property-information-6.5.0.tgz 6729ms (cache miss)
1064 http fetch GET 200 https://registry.npmjs.org/preferred-pm/-/preferred-pm-3.1.3.tgz 6797ms (cache miss)
1065 http fetch GET 200 https://registry.npmjs.org/pkg-dir/-/pkg-dir-4.2.0.tgz 6808ms (cache miss)
1066 http fetch GET 200 https://registry.npmjs.org/resolve/-/resolve-1.22.8.tgz 6878ms (cache miss)
1067 http fetch GET 200 https://registry.npmjs.org/pify/-/pify-4.0.1.tgz 6936ms (cache miss)
1068 http fetch GET 200 https://registry.npmjs.org/postcss/-/postcss-8.4.47.tgz 6947ms (cache miss)
1069 http fetch GET 200 https://registry.npmjs.org/picocolors/-/picocolors-1.1.0.tgz 6957ms (cache miss)
1070 http fetch GET 200 https://registry.npmjs.org/picomatch/-/picomatch-2.3.1.tgz 6963ms (cache miss)
1071 http fetch GET 200 https://registry.npmjs.org/path-parse/-/path-parse-1.0.7.tgz 6968ms (cache miss)
1072 http fetch GET 200 https://registry.npmjs.org/path-to-regexp/-/path-to-regexp-6.3.0.tgz 6981ms (cache miss)
1073 http fetch GET 200 https://registry.npmjs.org/path-exists/-/path-exists-4.0.0.tgz 7020ms (cache miss)
1074 http fetch GET 200 https://registry.npmjs.org/path-key/-/path-key-3.1.1.tgz 7030ms (cache miss)
1075 http fetch GET 200 https://registry.npmjs.org/prompts/-/prompts-2.4.2.tgz 7036ms (cache miss)
1076 http fetch GET 200 https://registry.npmjs.org/path-is-absolute/-/path-is-absolute-1.0.1.tgz 7031ms (cache miss)
1077 http fetch GET 200 https://registry.npmjs.org/parse-latin/-/parse-latin-5.0.1.tgz 7107ms (cache miss)
1078 http fetch GET 200 https://registry.npmjs.org/p-queue/-/p-queue-8.0.1.tgz 7182ms (cache miss)
1079 http fetch GET 200 https://registry.npmjs.org/p-timeout/-/p-timeout-6.1.2.tgz 7185ms (cache miss)
1080 http fetch GET 200 https://registry.npmjs.org/p-try/-/p-try-2.2.0.tgz 7208ms (cache miss)
1081 http fetch GET 200 https://registry.npmjs.org/parse5/-/parse5-7.1.2.tgz 7241ms (cache miss)
1082 http fetch GET 200 https://registry.npmjs.org/p-locate/-/p-locate-5.0.0.tgz 7241ms (cache miss)
1083 http fetch GET 200 https://registry.npmjs.org/p-limit/-/p-limit-5.0.0.tgz 7341ms (cache miss)
1084 http fetch GET 200 https://registry.npmjs.org/onetime/-/onetime-6.0.0.tgz 7343ms (cache miss)
1085 http fetch GET 200 https://registry.npmjs.org/ora/-/ora-8.0.1.tgz 7363ms (cache miss)
1086 http fetch GET 200 https://registry.npmjs.org/once/-/once-1.4.0.tgz 7380ms (cache miss)
1087 http fetch GET 200 https://registry.npmjs.org/npmlog/-/npmlog-5.0.1.tgz 7393ms (cache miss)
1088 warn deprecated npmlog@5.0.1: This package is no longer supported.
1089 http fetch GET 200 https://registry.npmjs.org/node-releases/-/node-releases-2.0.14.tgz 7414ms (cache miss)
1090 http fetch GET 200 https://registry.npmjs.org/normalize-path/-/normalize-path-3.0.0.tgz 7416ms (cache miss)
1091 http fetch GET 200 https://registry.npmjs.org/npm-run-path/-/npm-run-path-5.3.0.tgz 7415ms (cache miss)
1092 http fetch GET 200 https://registry.npmjs.org/nopt/-/nopt-5.0.0.tgz 7418ms (cache miss)
1093 http fetch GET 200 https://registry.npmjs.org/object-assign/-/object-assign-4.1.1.tgz 7419ms (cache miss)
1094 http fetch GET 200 https://registry.npmjs.org/node-gyp-build/-/node-gyp-build-4.8.2.tgz 7486ms (cache miss)
1095 http fetch GET 200 https://registry.npmjs.org/nlcst-to-string/-/nlcst-to-string-3.1.1.tgz 7546ms (cache miss)
1096 http fetch GET 200 https://registry.npmjs.org/node-fetch/-/node-fetch-2.7.0.tgz 7571ms (cache miss)
1097 http fetch GET 200 https://registry.npmjs.org/ms/-/ms-2.1.2.tgz 7586ms (cache miss)
1098 http fetch GET 200 https://registry.npmjs.org/nanoid/-/nanoid-3.3.7.tgz 7619ms (cache miss)
1099 http fetch GET 200 https://registry.npmjs.org/mimic-fn/-/mimic-fn-4.0.0.tgz 7723ms (cache miss)
1100 http fetch GET 200 https://registry.npmjs.org/mkdirp/-/mkdirp-1.0.4.tgz 7726ms (cache miss)
1101 http fetch GET 200 https://registry.npmjs.org/minizlib/-/minizlib-2.1.2.tgz 7727ms (cache miss)
1102 http fetch GET 200 https://registry.npmjs.org/mrmime/-/mrmime-2.0.0.tgz 7730ms (cache miss)
1103 http fetch GET 200 https://registry.npmjs.org/minimatch/-/minimatch-3.1.2.tgz 7730ms (cache miss)
1104 http fetch GET 200 https://registry.npmjs.org/micromatch/-/micromatch-4.0.8.tgz 7734ms (cache miss)
1105 http fetch GET 200 https://registry.npmjs.org/minipass/-/minipass-5.0.0.tgz 7736ms (cache miss)
1106 http fetch GET 200 https://registry.npmjs.org/micromark-util-resolve-all/-/micromark-util-resolve-all-2.0.0.tgz 7787ms (cache miss)
1107 http fetch GET 200 https://registry.npmjs.org/micromark-util-symbol/-/micromark-util-symbol-2.0.0.tgz 7794ms (cache miss)
1108 http fetch GET 200 https://registry.npmjs.org/micromark-util-sanitize-uri/-/micromark-util-sanitize-uri-2.0.0.tgz 7793ms (cache miss)
1109 http fetch GET 200 https://registry.npmjs.org/micromark-util-types/-/micromark-util-types-2.0.0.tgz 7846ms (cache miss)
1110 http fetch GET 200 https://registry.npmjs.org/micromark-util-html-tag-name/-/micromark-util-html-tag-name-2.0.0.tgz 7856ms (cache miss)
1111 http fetch GET 200 https://registry.npmjs.org/micromark-util-normalize-identifier/-/micromark-util-normalize-identifier-2.0.0.tgz 7858ms (cache miss)
1112 http fetch GET 200 https://registry.npmjs.org/micromark-util-encode/-/micromark-util-encode-2.0.0.tgz 7857ms (cache miss)
1113 http fetch GET 200 https://registry.npmjs.org/micromark-util-subtokenize/-/micromark-util-subtokenize-2.0.1.tgz 7869ms (cache miss)
1114 http fetch GET 200 https://registry.npmjs.org/shiki/-/shiki-1.6.4.tgz 7935ms (cache miss)
1115 http fetch GET 200 https://registry.npmjs.org/micromark-util-decode-string/-/micromark-util-decode-string-2.0.0.tgz 8080ms (cache miss)
1116 http fetch GET 200 https://registry.npmjs.org/micromark-util-decode-numeric-character-reference/-/micromark-util-decode-numeric-character-reference-2.0.1.tgz 8092ms (cache miss)
1117 http fetch GET 200 https://registry.npmjs.org/micromark-util-classify-character/-/micromark-util-classify-character-2.0.0.tgz 8092ms (cache miss)
1118 http fetch GET 200 https://registry.npmjs.org/micromark-util-chunked/-/micromark-util-chunked-2.0.0.tgz 8092ms (cache miss)
1119 http fetch GET 200 https://registry.npmjs.org/micromark-factory-whitespace/-/micromark-factory-whitespace-2.0.0.tgz 8109ms (cache miss)
1120 http fetch GET 200 https://registry.npmjs.org/micromark-util-character/-/micromark-util-character-2.1.0.tgz 8112ms (cache miss)
1121 http fetch GET 200 https://registry.npmjs.org/micromark-factory-space/-/micromark-factory-space-2.0.0.tgz 8239ms (cache miss)
1122 http fetch GET 200 https://registry.npmjs.org/micromark-factory-label/-/micromark-factory-label-2.0.0.tgz 8259ms (cache miss)
1123 http fetch GET 200 https://registry.npmjs.org/micromark-factory-destination/-/micromark-factory-destination-2.0.0.tgz 8262ms (cache miss)
1124 http fetch GET 200 https://registry.npmjs.org/micromark-extension-gfm-task-list-item/-/micromark-extension-gfm-task-list-item-2.0.1.tgz 8282ms (cache miss)
1125 http fetch GET 200 https://registry.npmjs.org/micromark-extension-gfm-table/-/micromark-extension-gfm-table-2.0.0.tgz 8342ms (cache miss)
1126 http fetch GET 200 https://registry.npmjs.org/micromark-util-combine-extensions/-/micromark-util-combine-extensions-2.0.0.tgz 8360ms (cache miss)
1127 http fetch GET 200 https://registry.npmjs.org/micromark-extension-gfm/-/micromark-extension-gfm-3.0.0.tgz 8454ms (cache miss)
1128 http fetch GET 200 https://registry.npmjs.org/merge-stream/-/merge-stream-2.0.0.tgz 8467ms (cache miss)
1129 http fetch GET 200 https://registry.npmjs.org/micromark-extension-gfm-autolink-literal/-/micromark-extension-gfm-autolink-literal-2.0.0.tgz 8539ms (cache miss)
1130 http fetch GET 200 https://registry.npmjs.org/mdast-util-to-string/-/mdast-util-to-string-4.0.0.tgz 8557ms (cache miss)
1131 http fetch GET 200 https://registry.npmjs.org/merge2/-/merge2-1.4.1.tgz 8590ms (cache miss)
1132 http fetch GET 200 https://registry.npmjs.org/micromark/-/micromark-4.0.0.tgz 8627ms (cache miss)
1133 http fetch GET 200 https://registry.npmjs.org/micromark-extension-gfm-tagfilter/-/micromark-extension-gfm-tagfilter-2.0.0.tgz 8659ms (cache miss)
1134 http fetch GET 200 https://registry.npmjs.org/mdast-util-gfm-task-list-item/-/mdast-util-gfm-task-list-item-2.0.0.tgz 8659ms (cache miss)
1135 http fetch GET 200 https://registry.npmjs.org/mdast-util-gfm-footnote/-/mdast-util-gfm-footnote-2.0.0.tgz 8664ms (cache miss)
1136 http fetch GET 200 https://registry.npmjs.org/mdast-util-phrasing/-/mdast-util-phrasing-4.1.0.tgz 8665ms (cache miss)
1137 http fetch GET 200 https://registry.npmjs.org/mdast-util-gfm-strikethrough/-/mdast-util-gfm-strikethrough-2.0.0.tgz 8683ms (cache miss)
1138 http fetch GET 200 https://registry.npmjs.org/mdast-util-gfm-autolink-literal/-/mdast-util-gfm-autolink-literal-2.0.0.tgz 8701ms (cache miss)
1139 http fetch GET 200 https://registry.npmjs.org/mdast-util-gfm/-/mdast-util-gfm-3.0.0.tgz 8738ms (cache miss)
1140 http fetch GET 200 https://registry.npmjs.org/prismjs/-/prismjs-1.29.0.tgz 8778ms (cache miss)
1141 http fetch GET 200 https://registry.npmjs.org/mdast-util-to-hast/-/mdast-util-to-hast-13.2.0.tgz 8788ms (cache miss)
1142 http fetch GET 200 https://registry.npmjs.org/lru-cache/-/lru-cache-5.1.1.tgz 8816ms (cache miss)
1143 http fetch GET 200 https://registry.npmjs.org/mdast-util-find-and-replace/-/mdast-util-find-and-replace-3.0.1.tgz 8820ms (cache miss)
1144 http fetch GET 200 https://registry.npmjs.org/markdown-table/-/markdown-table-3.0.3.tgz 8821ms (cache miss)
1145 http fetch GET 200 https://registry.npmjs.org/mdast-util-from-markdown/-/mdast-util-from-markdown-2.0.1.tgz 8824ms (cache miss)
1146 http fetch GET 200 https://registry.npmjs.org/longest-streak/-/longest-streak-3.1.0.tgz 8876ms (cache miss)
1147 http fetch GET 200 https://registry.npmjs.org/mdast-util-definitions/-/mdast-util-definitions-6.0.0.tgz 8885ms (cache miss)
1148 http fetch GET 200 https://registry.npmjs.org/kind-of/-/kind-of-6.0.3.tgz 8885ms (cache miss)
1149 http fetch GET 200 https://registry.npmjs.org/mdast-util-to-markdown/-/mdast-util-to-markdown-2.1.0.tgz 8892ms (cache miss)
1150 http fetch GET 200 https://registry.npmjs.org/micromark-factory-title/-/micromark-factory-title-2.0.0.tgz 8905ms (cache miss)
1151 http fetch GET 200 https://registry.npmjs.org/log-symbols/-/log-symbols-6.0.0.tgz 8899ms (cache miss)
1152 http fetch GET 200 https://registry.npmjs.org/magic-string/-/magic-string-0.30.10.tgz 8908ms (cache miss)
1153 http fetch GET 200 https://registry.npmjs.org/micromark-core-commonmark/-/micromark-core-commonmark-2.0.1.tgz 8914ms (cache miss)
1154 http fetch GET 200 https://registry.npmjs.org/load-yaml-file/-/load-yaml-file-0.2.0.tgz 8934ms (cache miss)
1155 http fetch GET 200 https://registry.npmjs.org/micromark-extension-gfm-strikethrough/-/micromark-extension-gfm-strikethrough-2.0.0.tgz 9003ms (cache miss)
1156 http fetch GET 200 https://registry.npmjs.org/mdast-util-gfm-table/-/mdast-util-gfm-table-2.0.0.tgz 9067ms (cache miss)
1157 http fetch GET 200 https://registry.npmjs.org/make-dir/-/make-dir-3.1.0.tgz 9067ms (cache miss)
1158 http fetch GET 200 https://registry.npmjs.org/locate-path/-/locate-path-6.0.0.tgz 9108ms (cache miss)
1159 http fetch GET 200 https://registry.npmjs.org/jsesc/-/jsesc-2.5.2.tgz 9157ms (cache miss)
1160 http fetch GET 200 https://registry.npmjs.org/is-unicode-supported/-/is-unicode-supported-2.0.0.tgz 9212ms (cache miss)
1161 http fetch GET 200 https://registry.npmjs.org/js-tokens/-/js-tokens-4.0.0.tgz 9216ms (cache miss)
1162 http fetch GET 200 https://registry.npmjs.org/isexe/-/isexe-2.0.0.tgz 9222ms (cache miss)
1163 http fetch GET 200 https://registry.npmjs.org/kleur/-/kleur-4.1.5.tgz 9223ms (cache miss)
1164 http fetch GET 200 https://registry.npmjs.org/is-wsl/-/is-wsl-3.1.0.tgz 9228ms (cache miss)
1165 http fetch GET 200 https://registry.npmjs.org/json5/-/json5-2.2.3.tgz 9245ms (cache miss)
1166 http fetch GET 200 https://registry.npmjs.org/is-plain-obj/-/is-plain-obj-4.1.0.tgz 9273ms (cache miss)
1167 http fetch GET 200 https://registry.npmjs.org/micromark-extension-gfm-footnote/-/micromark-extension-gfm-footnote-2.0.0.tgz 9383ms (cache miss)
1168 http fetch GET 200 https://registry.npmjs.org/is-number/-/is-number-7.0.0.tgz 9436ms (cache miss)
1169 http fetch GET 200 https://registry.npmjs.org/is-extglob/-/is-extglob-2.1.1.tgz 9474ms (cache miss)
1170 http fetch GET 200 https://registry.npmjs.org/is-inside-container/-/is-inside-container-1.0.0.tgz 9514ms (cache miss)
1171 http fetch GET 200 https://registry.npmjs.org/is-interactive/-/is-interactive-2.0.0.tgz 9549ms (cache miss)
1172 http fetch GET 200 https://registry.npmjs.org/is-stream/-/is-stream-3.0.0.tgz 9550ms (cache miss)
1173 http fetch GET 200 https://registry.npmjs.org/is-glob/-/is-glob-4.0.3.tgz 9554ms (cache miss)
1174 http fetch GET 200 https://registry.npmjs.org/is-docker/-/is-docker-3.0.0.tgz 9552ms (cache miss)
1175 http fetch GET 200 https://registry.npmjs.org/is-extendable/-/is-extendable-0.1.1.tgz 9554ms (cache miss)
1176 http fetch GET 200 https://registry.npmjs.org/is-core-module/-/is-core-module-2.13.1.tgz 9568ms (cache miss)
1177 http fetch GET 200 https://registry.npmjs.org/is-binary-path/-/is-binary-path-2.1.0.tgz 9570ms (cache miss)
1178 http fetch GET 200 https://registry.npmjs.org/is-fullwidth-code-point/-/is-fullwidth-code-point-3.0.0.tgz 9573ms (cache miss)
1179 http fetch GET 200 https://registry.npmjs.org/is-buffer/-/is-buffer-2.0.5.tgz 9571ms (cache miss)
1180 http fetch GET 200 https://registry.npmjs.org/inflight/-/inflight-1.0.6.tgz 9624ms (cache miss)
1181 http fetch GET 200 https://registry.npmjs.org/js-yaml/-/js-yaml-4.1.0.tgz 9630ms (cache miss)
1182 warn deprecated inflight@1.0.6: This module is not supported, and leaks memory. Do not use it. Check out lru-cache if you want a good and tested way to coalesce async requests by a key value, which is much more comprehensive and powerful.
1183 http fetch GET 200 https://registry.npmjs.org/inherits/-/inherits-2.0.4.tgz 9917ms (cache miss)
1184 http fetch GET 200 https://registry.npmjs.org/human-signals/-/human-signals-5.0.0.tgz 9943ms (cache miss)
1185 http fetch GET 200 https://registry.npmjs.org/https-proxy-agent/-/https-proxy-agent-5.0.1.tgz 9966ms (cache miss)
1186 http fetch GET 200 https://registry.npmjs.org/hast-util-to-parse5/-/hast-util-to-parse5-8.0.0.tgz 10031ms (cache miss)
1187 http fetch GET 200 https://registry.npmjs.org/http-cache-semantics/-/http-cache-semantics-4.1.1.tgz 10032ms (cache miss)
1188 http fetch GET 200 https://registry.npmjs.org/html-escaper/-/html-escaper-3.0.3.tgz 10038ms (cache miss)
1189 http fetch GET 200 https://registry.npmjs.org/hast-util-whitespace/-/hast-util-whitespace-3.0.0.tgz 10038ms (cache miss)
1190 http fetch GET 200 https://registry.npmjs.org/html-void-elements/-/html-void-elements-3.0.0.tgz 10055ms (cache miss)
1191 http fetch GET 200 https://registry.npmjs.org/hastscript/-/hastscript-8.0.0.tgz 10074ms (cache miss)
1192 http fetch GET 200 https://registry.npmjs.org/hast-util-parse-selector/-/hast-util-parse-selector-4.0.0.tgz 10082ms (cache miss)
1193 http fetch GET 200 https://registry.npmjs.org/hast-util-to-html/-/hast-util-to-html-9.0.1.tgz 10099ms (cache miss)
1194 http fetch GET 200 https://registry.npmjs.org/hast-util-raw/-/hast-util-raw-9.0.3.tgz 10106ms (cache miss)
1195 http fetch GET 200 https://registry.npmjs.org/hast-util-from-parse5/-/hast-util-from-parse5-8.0.1.tgz 10308ms (cache miss)
1196 http fetch GET 200 https://registry.npmjs.org/hasown/-/hasown-2.0.2.tgz 10328ms (cache miss)
1197 http fetch GET 200 https://registry.npmjs.org/is-arrayish/-/is-arrayish-0.3.2.tgz 10334ms (cache miss)
1198 http fetch GET 200 https://registry.npmjs.org/has-flag/-/has-flag-3.0.0.tgz 10360ms (cache miss)
1199 http fetch GET 200 https://registry.npmjs.org/has-unicode/-/has-unicode-2.0.1.tgz 10378ms (cache miss)
1200 http fetch GET 200 https://registry.npmjs.org/graceful-fs/-/graceful-fs-4.2.11.tgz 10385ms (cache miss)
1201 http fetch GET 200 https://registry.npmjs.org/glob-parent/-/glob-parent-5.1.2.tgz 10386ms (cache miss)
1202 http fetch GET 200 https://registry.npmjs.org/gray-matter/-/gray-matter-4.0.3.tgz 10397ms (cache miss)
1203 http fetch GET 200 https://registry.npmjs.org/import-meta-resolve/-/import-meta-resolve-4.1.0.tgz 10406ms (cache miss)
1204 http fetch GET 200 https://registry.npmjs.org/globals/-/globals-11.12.0.tgz 10400ms (cache miss)
1205 http fetch GET 200 https://registry.npmjs.org/hast-util-is-element/-/hast-util-is-element-3.0.0.tgz 10429ms (cache miss)
1206 http fetch GET 200 https://registry.npmjs.org/github-slugger/-/github-slugger-2.0.0.tgz 10439ms (cache miss)
1207 http fetch GET 200 https://registry.npmjs.org/glob/-/glob-7.2.3.tgz 10497ms (cache miss)
1208 warn deprecated glob@7.2.3: Glob versions prior to v9 are no longer supported
1209 http fetch GET 200 https://registry.npmjs.org/get-stream/-/get-stream-8.0.1.tgz 10582ms (cache miss)
1210 http fetch GET 200 https://registry.npmjs.org/gensync/-/gensync-1.0.0-beta.2.tgz 10594ms (cache miss)
1211 http fetch GET 200 https://registry.npmjs.org/flattie/-/flattie-1.1.1.tgz 10621ms (cache miss)
1212 http fetch GET 200 https://registry.npmjs.org/fs.realpath/-/fs.realpath-1.0.0.tgz 10640ms (cache miss)
1213 http fetch GET 200 https://registry.npmjs.org/fs-minipass/-/fs-minipass-2.1.0.tgz 10642ms (cache miss)
1214 http fetch GET 200 https://registry.npmjs.org/find-up/-/find-up-5.0.0.tgz 10643ms (cache miss)
1215 http fetch GET 200 https://registry.npmjs.org/function-bind/-/function-bind-1.1.2.tgz 10649ms (cache miss)
1216 http fetch GET 200 https://registry.npmjs.org/get-east-asian-width/-/get-east-asian-width-1.2.0.tgz 10652ms (cache miss)
1217 http fetch GET 200 https://registry.npmjs.org/gauge/-/gauge-3.0.2.tgz 10658ms (cache miss)
1218 warn deprecated gauge@3.0.2: This package is no longer supported.
1219 http fetch GET 200 https://registry.npmjs.org/file-uri-to-path/-/file-uri-to-path-1.0.0.tgz 10712ms (cache miss)
1220 http fetch GET 200 https://registry.npmjs.org/fill-range/-/fill-range-7.1.1.tgz 10715ms (cache miss)
1221 http fetch GET 200 https://registry.npmjs.org/hast-util-from-html/-/hast-util-from-html-2.0.1.tgz 10723ms (cache miss)
1222 http fetch GET 200 https://registry.npmjs.org/find-yarn-workspace-root2/-/find-yarn-workspace-root2-1.2.16.tgz 10743ms (cache miss)
1223 http fetch GET 200 https://registry.npmjs.org/fastq/-/fastq-1.17.1.tgz 10799ms (cache miss)
1224 http fetch GET 200 https://registry.npmjs.org/extend-shallow/-/extend-shallow-2.0.1.tgz 10846ms (cache miss)
1225 http fetch GET 200 https://registry.npmjs.org/extend/-/extend-3.0.2.tgz 10871ms (cache miss)
1226 http fetch GET 200 https://registry.npmjs.org/execa/-/execa-8.0.1.tgz 10883ms (cache miss)
1227 http fetch GET 200 https://registry.npmjs.org/hast-util-to-text/-/hast-util-to-text-4.0.2.tgz 10917ms (cache miss)
1228 http fetch GET 200 https://registry.npmjs.org/estree-walker/-/estree-walker-2.0.2.tgz 10910ms (cache miss)
1229 http fetch GET 200 https://registry.npmjs.org/eventemitter3/-/eventemitter3-5.0.1.tgz 10909ms (cache miss)
1230 http fetch GET 200 https://registry.npmjs.org/esprima/-/esprima-4.0.1.tgz 10917ms (cache miss)
1231 http fetch GET 200 https://registry.npmjs.org/esbuild/-/esbuild-0.21.5.tgz 10988ms (cache miss)
1232 http fetch GET 200 https://registry.npmjs.org/escape-string-regexp/-/escape-string-regexp-1.0.5.tgz 10988ms (cache miss)
1233 http fetch GET 200 https://registry.npmjs.org/escalade/-/escalade-3.1.2.tgz 10999ms (cache miss)
1234 http fetch GET 200 https://registry.npmjs.org/fast-glob/-/fast-glob-3.3.2.tgz 11034ms (cache miss)
1235 http fetch GET 200 https://registry.npmjs.org/eastasianwidth/-/eastasianwidth-0.2.0.tgz 11045ms (cache miss)
1236 http fetch GET 200 https://registry.npmjs.org/emoji-regex/-/emoji-regex-10.3.0.tgz 11098ms (cache miss)
1237 http fetch GET 200 https://registry.npmjs.org/dset/-/dset-3.1.4.tgz 11183ms (cache miss)
1238 http fetch GET 200 https://registry.npmjs.org/es-module-lexer/-/es-module-lexer-1.5.3.tgz 11225ms (cache miss)
1239 http fetch GET 200 https://registry.npmjs.org/devalue/-/devalue-5.0.0.tgz 11241ms (cache miss)
1240 http fetch GET 200 https://registry.npmjs.org/dlv/-/dlv-1.1.3.tgz 11279ms (cache miss)
1241 http fetch GET 200 https://registry.npmjs.org/electron-to-chromium/-/electron-to-chromium-1.4.802.tgz 11293ms (cache miss)
1242 http fetch GET 200 https://registry.npmjs.org/devlop/-/devlop-1.1.0.tgz 11311ms (cache miss)
1243 http fetch GET 200 https://registry.npmjs.org/dequal/-/dequal-2.0.3.tgz 11327ms (cache miss)
1244 http fetch GET 200 https://registry.npmjs.org/diff/-/diff-5.2.0.tgz 11362ms (cache miss)
1245 http fetch GET 200 https://registry.npmjs.org/deterministic-object-hash/-/deterministic-object-hash-2.0.2.tgz 11482ms (cache miss)
1246 http fetch GET 200 https://registry.npmjs.org/delegates/-/delegates-1.0.0.tgz 11497ms (cache miss)
1247 http fetch GET 200 https://registry.npmjs.org/detect-libc/-/detect-libc-2.0.3.tgz 11651ms (cache miss)
1248 http fetch GET 200 https://registry.npmjs.org/decode-named-character-reference/-/decode-named-character-reference-1.0.2.tgz 11657ms (cache miss)
1249 http fetch GET 200 https://registry.npmjs.org/debug/-/debug-4.3.5.tgz 11695ms (cache miss)
1250 http fetch GET 200 https://registry.npmjs.org/console-control-strings/-/console-control-strings-1.1.0.tgz 11768ms (cache miss)
1251 http fetch GET 200 https://registry.npmjs.org/convert-source-map/-/convert-source-map-2.0.0.tgz 11776ms (cache miss)
1252 http fetch GET 200 https://registry.npmjs.org/cssesc/-/cssesc-3.0.0.tgz 11781ms (cache miss)
1253 http fetch GET 200 https://registry.npmjs.org/cookie/-/cookie-0.6.0.tgz 11779ms (cache miss)
1254 http fetch GET 200 https://registry.npmjs.org/color-string/-/color-string-1.9.1.tgz 11849ms (cache miss)
1255 http fetch GET 200 https://registry.npmjs.org/common-ancestor-path/-/common-ancestor-path-1.0.1.tgz 11851ms (cache miss)
1256 http fetch GET 200 https://registry.npmjs.org/comma-separated-tokens/-/comma-separated-tokens-2.0.3.tgz 11851ms (cache miss)
1257 http fetch GET 200 https://registry.npmjs.org/entities/-/entities-4.5.0.tgz 11982ms (cache miss)
1258 http fetch GET 200 https://registry.npmjs.org/concat-map/-/concat-map-0.0.1.tgz 12167ms (cache miss)
1259 http fetch GET 200 https://registry.npmjs.org/color/-/color-4.2.3.tgz 12330ms (cache miss)
1260 http fetch GET 200 https://registry.npmjs.org/cli-cursor/-/cli-cursor-4.0.0.tgz 12340ms (cache miss)
1261 http fetch GET 200 https://registry.npmjs.org/chownr/-/chownr-2.0.0.tgz 12366ms (cache miss)
1262 http fetch GET 200 https://registry.npmjs.org/cli-boxes/-/cli-boxes-3.0.0.tgz 12382ms (cache miss)
1263 http fetch GET 200 https://registry.npmjs.org/character-entities-html4/-/character-entities-html4-2.1.0.tgz 12399ms (cache miss)
1264 http fetch GET 200 https://registry.npmjs.org/cross-spawn/-/cross-spawn-7.0.3.tgz 12410ms (cache miss)
1265 http fetch GET 200 https://registry.npmjs.org/character-entities/-/character-entities-2.0.2.tgz 12415ms (cache miss)
1266 http fetch GET 200 https://registry.npmjs.org/chokidar/-/chokidar-3.6.0.tgz 12428ms (cache miss)
1267 http fetch GET 200 https://registry.npmjs.org/cli-spinners/-/cli-spinners-2.9.2.tgz 12448ms (cache miss)
1268 http fetch GET 200 https://registry.npmjs.org/ci-info/-/ci-info-4.0.0.tgz 12561ms (cache miss)
1269 http fetch GET 200 https://registry.npmjs.org/color-support/-/color-support-1.1.3.tgz 12676ms (cache miss)
1270 http fetch GET 200 https://registry.npmjs.org/chalk/-/chalk-2.4.2.tgz 12815ms (cache miss)
1271 http fetch GET 200 https://registry.npmjs.org/color-convert/-/color-convert-1.9.3.tgz 12828ms (cache miss)
1272 http fetch GET 200 https://registry.npmjs.org/ccount/-/ccount-2.0.1.tgz 12849ms (cache miss)
1273 http fetch GET 200 https://registry.npmjs.org/camelcase/-/camelcase-7.0.1.tgz 12867ms (cache miss)
1274 http fetch GET 200 https://registry.npmjs.org/brace-expansion/-/brace-expansion-1.1.11.tgz 12876ms (cache miss)
1275 http fetch GET 200 https://registry.npmjs.org/boxen/-/boxen-7.1.1.tgz 12875ms (cache miss)
1276 http fetch GET 200 https://registry.npmjs.org/character-entities-legacy/-/character-entities-legacy-3.0.0.tgz 12913ms (cache miss)
1277 http fetch GET 200 https://registry.npmjs.org/clsx/-/clsx-2.1.1.tgz 12918ms (cache miss)
1278 http fetch GET 200 https://registry.npmjs.org/color-name/-/color-name-1.1.3.tgz 12950ms (cache miss)
1279 http fetch GET 200 https://registry.npmjs.org/bindings/-/bindings-1.5.0.tgz 12988ms (cache miss)
1280 http fetch GET 200 https://registry.npmjs.org/binary-extensions/-/binary-extensions-2.3.0.tgz 13046ms (cache miss)
1281 http fetch GET 200 https://registry.npmjs.org/browserslist/-/browserslist-4.23.1.tgz 13082ms (cache miss)
1282 http fetch GET 200 https://registry.npmjs.org/base-64/-/base-64-1.0.0.tgz 13110ms (cache miss)
1283 http fetch GET 200 https://registry.npmjs.org/balanced-match/-/balanced-match-1.0.2.tgz 13283ms (cache miss)
1284 http fetch GET 200 https://registry.npmjs.org/array-iterate/-/array-iterate-2.0.1.tgz 13309ms (cache miss)
1285 http fetch GET 200 https://registry.npmjs.org/async-sema/-/async-sema-3.1.1.tgz 13311ms (cache miss)
1286 http fetch GET 200 https://registry.npmjs.org/bail/-/bail-2.0.2.tgz 13326ms (cache miss)
1287 http fetch GET 200 https://registry.npmjs.org/aproba/-/aproba-2.0.0.tgz 13525ms (cache miss)
1288 http fetch GET 200 https://registry.npmjs.org/anymatch/-/anymatch-3.1.3.tgz 13561ms (cache miss)
1289 http fetch GET 200 https://registry.npmjs.org/ansi-regex/-/ansi-regex-6.0.1.tgz 13561ms (cache miss)
1290 http fetch GET 200 https://registry.npmjs.org/are-we-there-yet/-/are-we-there-yet-2.0.0.tgz 13575ms (cache miss)
1291 warn deprecated are-we-there-yet@2.0.0: This package is no longer supported.
1292 http fetch GET 200 https://registry.npmjs.org/ansi-align/-/ansi-align-3.0.1.tgz 13621ms (cache miss)
1293 http fetch GET 200 https://registry.npmjs.org/braces/-/braces-3.0.3.tgz 13641ms (cache miss)
1294 http fetch GET 200 https://registry.npmjs.org/agent-base/-/agent-base-6.0.2.tgz 13674ms (cache miss)
1295 http fetch GET 200 https://registry.npmjs.org/aria-query/-/aria-query-5.3.0.tgz 13795ms (cache miss)
1296 http fetch GET 200 https://registry.npmjs.org/abbrev/-/abbrev-1.1.1.tgz 13800ms (cache miss)
1297 http fetch GET 200 https://registry.npmjs.org/acorn-import-attributes/-/acorn-import-attributes-1.9.5.tgz 13802ms (cache miss)
1298 http fetch GET 200 https://registry.npmjs.org/acorn/-/acorn-8.11.3.tgz 13852ms (cache miss)
1299 http fetch GET 200 https://registry.npmjs.org/argparse/-/argparse-2.0.1.tgz 13866ms (cache miss)
1300 http fetch GET 200 https://registry.npmjs.org/@types/unist/-/unist-3.0.2.tgz 13953ms (cache miss)
1301 http fetch GET 200 https://registry.npmjs.org/@types/ms/-/ms-0.7.34.tgz 13959ms (cache miss)
1302 http fetch GET 200 https://registry.npmjs.org/ansi-styles/-/ansi-styles-3.2.1.tgz 13974ms (cache miss)
1303 http fetch GET 200 https://registry.npmjs.org/axobject-query/-/axobject-query-4.0.0.tgz 13995ms (cache miss)
1304 http fetch GET 200 https://registry.npmjs.org/@types/nlcst/-/nlcst-1.0.4.tgz 14017ms (cache miss)
1305 http fetch GET 200 https://registry.npmjs.org/@vercel/edge/-/edge-1.1.2.tgz 14038ms (cache miss)
1306 http fetch GET 200 https://registry.npmjs.org/@ungap/structured-clone/-/structured-clone-1.2.0.tgz 14039ms (cache miss)
1307 http fetch GET 200 https://registry.npmjs.org/@vercel/analytics/-/analytics-1.3.1.tgz 14047ms (cache miss)
1308 http fetch GET 200 https://registry.npmjs.org/@types/debug/-/debug-4.1.12.tgz 14124ms (cache miss)
1309 http fetch GET 200 https://registry.npmjs.org/@types/mdast/-/mdast-4.0.4.tgz 14146ms (cache miss)
1310 http fetch GET 200 https://registry.npmjs.org/@types/cookie/-/cookie-0.6.0.tgz 14162ms (cache miss)
1311 http fetch GET 200 https://registry.npmjs.org/@types/estree/-/estree-1.0.6.tgz 14164ms (cache miss)
1312 http fetch GET 200 https://registry.npmjs.org/@types/hast/-/hast-3.0.4.tgz 14166ms (cache miss)
1313 http fetch GET 200 https://registry.npmjs.org/@types/babel__template/-/babel__template-7.4.4.tgz 14236ms (cache miss)
1314 http fetch GET 200 https://registry.npmjs.org/@types/babel__generator/-/babel__generator-7.6.8.tgz 14306ms (cache miss)
1315 http fetch GET 200 https://registry.npmjs.org/@types/babel__traverse/-/babel__traverse-7.20.6.tgz 14347ms (cache miss)
1316 http fetch GET 200 https://registry.npmjs.org/@nodelib/fs.stat/-/fs.stat-2.0.5.tgz 14544ms (cache miss)
1317 http fetch GET 200 https://registry.npmjs.org/@nodelib/fs.walk/-/fs.walk-1.2.8.tgz 14554ms (cache miss)
1318 http fetch GET 200 https://registry.npmjs.org/@types/babel__core/-/babel__core-7.20.5.tgz 14608ms (cache miss)
1319 http fetch GET 200 https://registry.npmjs.org/@mapbox/node-pre-gyp/-/node-pre-gyp-1.0.11.tgz 14667ms (cache miss)
1320 http fetch GET 200 https://registry.npmjs.org/@nodelib/fs.scandir/-/fs.scandir-2.1.5.tgz 14683ms (cache miss)
1321 http fetch GET 200 https://registry.npmjs.org/@jridgewell/sourcemap-codec/-/sourcemap-codec-1.4.15.tgz 14724ms (cache miss)
1322 http fetch GET 200 https://registry.npmjs.org/@vercel/nft/-/nft-0.27.4.tgz 14875ms (cache miss)
1323 http fetch GET 200 https://registry.npmjs.org/@jridgewell/gen-mapping/-/gen-mapping-0.3.5.tgz 14961ms (cache miss)
1324 http fetch GET 200 https://registry.npmjs.org/@jridgewell/set-array/-/set-array-1.2.1.tgz 14999ms (cache miss)
1325 http fetch GET 200 https://registry.npmjs.org/@babel/template/-/template-7.24.7.tgz 15101ms (cache miss)
1326 http fetch GET 200 https://registry.npmjs.org/@jridgewell/resolve-uri/-/resolve-uri-3.1.2.tgz 15107ms (cache miss)
1327 http fetch GET 200 https://registry.npmjs.org/@jridgewell/trace-mapping/-/trace-mapping-0.3.25.tgz 15134ms (cache miss)
1328 http fetch GET 200 https://registry.npmjs.org/@babel/plugin-transform-react-jsx/-/plugin-transform-react-jsx-7.24.7.tgz 15387ms (cache miss)
1329 http fetch GET 200 https://registry.npmjs.org/@babel/highlight/-/highlight-7.24.7.tgz 15392ms (cache miss)
1330 http fetch GET 200 https://registry.npmjs.org/@rollup/pluginutils/-/pluginutils-4.2.1.tgz 15432ms (cache miss)
1331 http fetch GET 200 https://registry.npmjs.org/@babel/types/-/types-7.24.7.tgz 15533ms (cache miss)
1332 http fetch GET 200 https://registry.npmjs.org/caniuse-lite/-/caniuse-lite-1.0.30001633.tgz 15571ms (cache miss)
1333 http fetch GET 200 https://registry.npmjs.org/@babel/helper-validator-identifier/-/helper-validator-identifier-7.24.7.tgz 15585ms (cache miss)
1334 http fetch GET 200 https://registry.npmjs.org/@babel/helper-split-export-declaration/-/helper-split-export-declaration-7.24.7.tgz 15589ms (cache miss)
1335 http fetch GET 200 https://registry.npmjs.org/@babel/plugin-syntax-jsx/-/plugin-syntax-jsx-7.24.7.tgz 15702ms (cache miss)
1336 http fetch GET 200 https://registry.npmjs.org/@babel/helper-string-parser/-/helper-string-parser-7.24.7.tgz 15708ms (cache miss)
1337 http fetch GET 200 https://registry.npmjs.org/@babel/helper-simple-access/-/helper-simple-access-7.24.7.tgz 15967ms (cache miss)
1338 http fetch GET 200 https://registry.npmjs.org/@babel/helper-validator-option/-/helper-validator-option-7.24.7.tgz 16036ms (cache miss)
1339 http fetch GET 200 https://registry.npmjs.org/@shikijs/core/-/core-1.6.4.tgz 16088ms (cache miss)
1340 http fetch GET 200 https://registry.npmjs.org/@babel/helper-module-imports/-/helper-module-imports-7.24.7.tgz 16197ms (cache miss)
1341 http fetch GET 200 https://registry.npmjs.org/@babel/helper-hoist-variables/-/helper-hoist-variables-7.24.7.tgz 16244ms (cache miss)
1342 http fetch GET 200 https://registry.npmjs.org/@babel/helpers/-/helpers-7.24.7.tgz 16294ms (cache miss)
1343 http fetch GET 200 https://registry.npmjs.org/@babel/helper-compilation-targets/-/helper-compilation-targets-7.24.7.tgz 16322ms (cache miss)
1344 http fetch GET 200 https://registry.npmjs.org/@babel/helper-function-name/-/helper-function-name-7.24.7.tgz 16385ms (cache miss)
1345 http fetch GET 200 https://registry.npmjs.org/@babel/helper-environment-visitor/-/helper-environment-visitor-7.24.7.tgz 16494ms (cache miss)
1346 http fetch GET 200 https://registry.npmjs.org/@babel/helper-annotate-as-pure/-/helper-annotate-as-pure-7.24.7.tgz 16637ms (cache miss)
1347 http fetch GET 200 https://registry.npmjs.org/@babel/helper-plugin-utils/-/helper-plugin-utils-7.24.7.tgz 16750ms (cache miss)
1348 http fetch GET 200 https://registry.npmjs.org/@esbuild/win32-x64/-/win32-x64-0.21.5.tgz 16908ms (cache miss)
1349 http fetch GET 200 https://registry.npmjs.org/@astrojs/telemetry/-/telemetry-3.1.0.tgz 17064ms (cache miss)
1350 http fetch GET 200 https://registry.npmjs.org/@babel/generator/-/generator-7.24.7.tgz 17131ms (cache miss)
1351 http fetch GET 200 https://registry.npmjs.org/@astrojs/prism/-/prism-3.1.0.tgz 17156ms (cache miss)
1352 http fetch GET 200 https://registry.npmjs.org/@ampproject/remapping/-/remapping-2.3.0.tgz 17167ms (cache miss)
1353 http fetch GET 200 https://registry.npmjs.org/@babel/code-frame/-/code-frame-7.24.7.tgz 17183ms (cache miss)
1354 http fetch GET 200 https://registry.npmjs.org/@astrojs/markdown-remark/-/markdown-remark-5.1.0.tgz 17232ms (cache miss)
1355 http fetch GET 200 https://registry.npmjs.org/emoji-regex/-/emoji-regex-9.2.2.tgz 17277ms (cache miss)
1356 http fetch GET 200 https://registry.npmjs.org/@babel/compat-data/-/compat-data-7.24.7.tgz 17283ms (cache miss)
1357 http fetch GET 200 https://registry.npmjs.org/@astrojs/internal-helpers/-/internal-helpers-0.4.0.tgz 17301ms (cache miss)
1358 http fetch GET 200 https://registry.npmjs.org/string-width/-/string-width-5.1.2.tgz 17307ms (cache miss)
1359 http fetch GET 200 https://registry.npmjs.org/strip-ansi/-/strip-ansi-6.0.1.tgz 17319ms (cache miss)
1360 http fetch GET 200 https://registry.npmjs.org/emoji-regex/-/emoji-regex-9.2.2.tgz 17368ms (cache miss)
1361 http fetch GET 200 https://registry.npmjs.org/emoji-regex/-/emoji-regex-8.0.0.tgz 17423ms (cache miss)
1362 http fetch GET 200 https://registry.npmjs.org/@types/unist/-/unist-2.0.10.tgz 17444ms (cache miss)
1363 http fetch GET 200 https://registry.npmjs.org/string-width/-/string-width-4.2.3.tgz 17447ms (cache miss)
1364 http fetch GET 200 https://registry.npmjs.org/ansi-styles/-/ansi-styles-6.2.1.tgz 17488ms (cache miss)
1365 http fetch GET 200 https://registry.npmjs.org/string-width/-/string-width-5.1.2.tgz 17524ms (cache miss)
1366 http fetch GET 200 https://registry.npmjs.org/ansi-regex/-/ansi-regex-5.0.1.tgz 17581ms (cache miss)
1367 http fetch GET 200 https://registry.npmjs.org/@babel/traverse/-/traverse-7.24.7.tgz 17609ms (cache miss)
1368 http fetch GET 200 https://registry.npmjs.org/@babel/helper-module-transforms/-/helper-module-transforms-7.24.7.tgz 17644ms (cache miss)
1369 http fetch GET 200 https://registry.npmjs.org/@babel/core/-/core-7.24.7.tgz 17642ms (cache miss)
1370 http fetch GET 200 https://registry.npmjs.org/@types/unist/-/unist-2.0.10.tgz 17738ms (cache miss)
1371 http fetch GET 200 https://registry.npmjs.org/yallist/-/yallist-4.0.0.tgz 17742ms (cache miss)
1372 http fetch GET 200 https://registry.npmjs.org/unist-util-stringify-position/-/unist-util-stringify-position-3.0.3.tgz 17743ms (cache miss)
1373 http fetch GET 200 https://registry.npmjs.org/@astrojs/vercel/-/vercel-7.8.1.tgz 17758ms (cache miss)
1374 http fetch GET 200 https://registry.npmjs.org/vfile-message/-/vfile-message-3.1.4.tgz 17768ms (cache miss)
1375 http fetch GET 200 https://registry.npmjs.org/unified/-/unified-10.1.2.tgz 17773ms (cache miss)
1376 http fetch GET 200 https://registry.npmjs.org/@types/unist/-/unist-2.0.10.tgz 17798ms (cache miss)
1377 http fetch GET 200 https://registry.npmjs.org/unist-util-visit-parents/-/unist-util-visit-parents-5.1.3.tgz 17847ms (cache miss)
1378 http fetch GET 200 https://registry.npmjs.org/unist-util-visit/-/unist-util-visit-4.1.2.tgz 17855ms (cache miss)
1379 http fetch GET 200 https://registry.npmjs.org/@babel/parser/-/parser-7.24.7.tgz 17906ms (cache miss)
1380 http fetch GET 200 https://registry.npmjs.org/vfile/-/vfile-5.3.7.tgz 17904ms (cache miss)
1381 http fetch GET 200 https://registry.npmjs.org/unist-util-is/-/unist-util-is-5.2.1.tgz 17915ms (cache miss)
1382 http fetch GET 200 https://registry.npmjs.org/@types/unist/-/unist-2.0.10.tgz 17934ms (cache miss)
1383 http fetch GET 200 https://registry.npmjs.org/unist-util-stringify-position/-/unist-util-stringify-position-3.0.3.tgz 17954ms (cache miss)
1384 http fetch GET 200 https://registry.npmjs.org/vfile/-/vfile-5.3.7.tgz 17968ms (cache miss)
1385 http fetch GET 200 https://registry.npmjs.org/vfile-message/-/vfile-message-3.1.4.tgz 17986ms (cache miss)
1386 http fetch GET 200 https://registry.npmjs.org/vfile-message/-/vfile-message-3.1.4.tgz 18047ms (cache miss)
1387 http fetch GET 200 https://registry.npmjs.org/vfile/-/vfile-5.3.7.tgz 18057ms (cache miss)
1388 http fetch GET 200 https://registry.npmjs.org/unified/-/unified-10.1.2.tgz 18197ms (cache miss)
1389 http fetch GET 200 https://registry.npmjs.org/@types/unist/-/unist-2.0.10.tgz 18355ms (cache miss)
1390 http fetch GET 200 https://registry.npmjs.org/vfile/-/vfile-5.3.7.tgz 18375ms (cache miss)
1391 http fetch GET 200 https://registry.npmjs.org/@splidejs/splide/-/splide-4.1.4.tgz 18528ms (cache miss)
1392 http fetch GET 200 https://registry.npmjs.org/unist-util-stringify-position/-/unist-util-stringify-position-3.0.3.tgz 18679ms (cache miss)
1393 http fetch GET 200 https://registry.npmjs.org/which-pm/-/which-pm-2.0.0.tgz 18883ms (cache miss)
1394 http fetch GET 200 https://registry.npmjs.org/mimic-fn/-/mimic-fn-2.1.0.tgz 18883ms (cache miss)
1395 http fetch GET 200 https://registry.npmjs.org/vfile-message/-/vfile-message-3.1.4.tgz 18909ms (cache miss)
1396 http fetch GET 200 https://registry.npmjs.org/signal-exit/-/signal-exit-3.0.7.tgz 18927ms (cache miss)
1397 http fetch GET 200 https://registry.npmjs.org/unified/-/unified-10.1.2.tgz 18966ms (cache miss)
1398 http fetch GET 200 https://registry.npmjs.org/unist-util-stringify-position/-/unist-util-stringify-position-3.0.3.tgz 18966ms (cache miss)
1399 http fetch GET 200 https://registry.npmjs.org/yocto-queue/-/yocto-queue-0.1.0.tgz 18963ms (cache miss)
1400 http fetch GET 200 https://registry.npmjs.org/unified/-/unified-10.1.2.tgz 18968ms (cache miss)
1401 http fetch GET 200 https://registry.npmjs.org/onetime/-/onetime-5.1.2.tgz 18998ms (cache miss)
1402 http fetch GET 200 https://registry.npmjs.org/@types/unist/-/unist-2.0.10.tgz 19181ms (cache miss)
1403 http fetch GET 200 https://registry.npmjs.org/p-locate/-/p-locate-4.1.0.tgz 19176ms (cache miss)
1404 http fetch GET 200 https://registry.npmjs.org/p-limit/-/p-limit-3.1.0.tgz 19176ms (cache miss)
1405 http fetch GET 200 https://registry.npmjs.org/chalk/-/chalk-5.3.0.tgz 19178ms (cache miss)
1406 http fetch GET 200 https://registry.npmjs.org/p-limit/-/p-limit-2.3.0.tgz 19181ms (cache miss)
1407 http fetch GET 200 https://registry.npmjs.org/kleur/-/kleur-3.0.3.tgz 19189ms (cache miss)
1408 http fetch GET 200 https://registry.npmjs.org/find-up/-/find-up-4.1.0.tgz 19186ms (cache miss)
1409 http fetch GET 200 https://registry.npmjs.org/yallist/-/yallist-4.0.0.tgz 19187ms (cache miss)
1410 http fetch GET 200 https://registry.npmjs.org/escape-string-regexp/-/escape-string-regexp-5.0.0.tgz 19195ms (cache miss)
1411 http fetch GET 200 https://registry.npmjs.org/locate-path/-/locate-path-5.0.0.tgz 19202ms (cache miss)
1412 http fetch GET 200 https://registry.npmjs.org/minipass/-/minipass-3.3.6.tgz 19217ms (cache miss)
1413 http fetch GET 200 https://registry.npmjs.org/path-key/-/path-key-4.0.0.tgz 19466ms (cache miss)
1414 http fetch GET 200 https://registry.npmjs.org/is-unicode-supported/-/is-unicode-supported-1.3.0.tgz 19501ms (cache miss)
1415 http fetch GET 200 https://registry.npmjs.org/chalk/-/chalk-5.3.0.tgz 19535ms (cache miss)
1416 http fetch GET 200 https://registry.npmjs.org/strip-ansi/-/strip-ansi-6.0.1.tgz 19547ms (cache miss)
1417 http fetch GET 200 https://registry.npmjs.org/js-yaml/-/js-yaml-3.14.1.tgz 19553ms (cache miss)
1418 http fetch GET 200 https://registry.npmjs.org/argparse/-/argparse-1.0.10.tgz 19586ms (cache miss)
1419 http fetch GET 200 https://registry.npmjs.org/signal-exit/-/signal-exit-3.0.7.tgz 19601ms (cache miss)
1420 http fetch GET 200 https://registry.npmjs.org/emoji-regex/-/emoji-regex-8.0.0.tgz 19618ms (cache miss)
1421 http fetch GET 200 https://registry.npmjs.org/semver/-/semver-6.3.1.tgz 19620ms (cache miss)
1422 http fetch GET 200 https://registry.npmjs.org/argparse/-/argparse-1.0.10.tgz 19901ms (cache miss)
1423 http fetch GET 200 https://registry.npmjs.org/ansi-regex/-/ansi-regex-5.0.1.tgz 19901ms (cache miss)
1424 http fetch GET 200 https://registry.npmjs.org/minipass/-/minipass-3.3.6.tgz 19921ms (cache miss)
1425 http fetch GET 200 https://registry.npmjs.org/string-width/-/string-width-4.2.3.tgz 19969ms (cache miss)
1426 http fetch GET 200 https://registry.npmjs.org/color-convert/-/color-convert-2.0.1.tgz 19984ms (cache miss)
1427 http fetch GET 200 https://registry.npmjs.org/color-name/-/color-name-1.1.4.tgz 20004ms (cache miss)
1428 http fetch GET 200 https://registry.npmjs.org/strip-ansi/-/strip-ansi-6.0.1.tgz 20035ms (cache miss)
1429 http fetch GET 200 https://registry.npmjs.org/string-width/-/string-width-5.1.2.tgz 20112ms (cache miss)
1430 http fetch GET 200 https://registry.npmjs.org/emoji-regex/-/emoji-regex-9.2.2.tgz 20235ms (cache miss)
1431 http fetch GET 200 https://registry.npmjs.org/string-width/-/string-width-4.2.3.tgz 20356ms (cache miss)
1432 http fetch GET 200 https://registry.npmjs.org/ansi-regex/-/ansi-regex-5.0.1.tgz 20358ms (cache miss)
1433 http fetch GET 200 https://registry.npmjs.org/yallist/-/yallist-4.0.0.tgz 20384ms (cache miss)
1434 http fetch GET 200 https://registry.npmjs.org/@types/unist/-/unist-2.0.10.tgz 20392ms (cache miss)
1435 http fetch GET 200 https://registry.npmjs.org/@astrojs/internal-helpers/-/internal-helpers-0.4.1.tgz 20453ms (cache miss)
1436 http fetch GET 200 https://registry.npmjs.org/emoji-regex/-/emoji-regex-8.0.0.tgz 20467ms (cache miss)
1437 http fetch GET 200 https://registry.npmjs.org/chalk/-/chalk-5.3.0.tgz 20472ms (cache miss)
1438 http fetch GET 200 https://registry.npmjs.org/estree-walker/-/estree-walker-3.0.3.tgz 20540ms (cache miss)
1439 http fetch GET 200 https://registry.npmjs.org/js-yaml/-/js-yaml-3.14.1.tgz 20854ms (cache miss)
1440 http fetch GET 200 https://registry.npmjs.org/semver/-/semver-6.3.1.tgz 20890ms (cache miss)
1441 http fetch GET 200 https://registry.npmjs.org/@babel%2fhelpers 18090ms (cache miss)
1442 silly packumentCache corgi:https://registry.npmjs.org/@babel%2fhelpers set size:undefined disposed:false
1443 http fetch GET 200 https://registry.npmjs.org/@astrojs/compiler/-/compiler-2.8.0.tgz 21223ms (cache miss)
1444 http fetch GET 200 https://registry.npmjs.org/diff 18333ms (cache miss)
1445 silly packumentCache corgi:https://registry.npmjs.org/diff set size:undefined disposed:false
1446 http fetch GET 200 https://registry.npmjs.org/@astrojs%2fvercel 18452ms (cache miss)
1447 silly packumentCache corgi:https://registry.npmjs.org/@astrojs%2fvercel set size:undefined disposed:false
1448 http fetch GET 200 https://registry.npmjs.org/mdast-util-to-hast 18635ms (cache miss)
1449 silly packumentCache corgi:https://registry.npmjs.org/mdast-util-to-hast set size:undefined disposed:false
1450 http fetch GET 200 https://registry.npmjs.org/cross-spawn 18721ms (cache miss)
1451 silly packumentCache corgi:https://registry.npmjs.org/cross-spawn set size:undefined disposed:false
1452 http fetch GET 200 https://registry.npmjs.org/js-yaml 18734ms (cache miss)
1453 silly packumentCache corgi:https://registry.npmjs.org/js-yaml set size:undefined disposed:false
1454 http fetch GET 200 https://registry.npmjs.org/minimatch 18845ms (cache miss)
1455 silly packumentCache corgi:https://registry.npmjs.org/minimatch set size:undefined disposed:false
1456 http fetch GET 200 https://registry.npmjs.org/cookie 18852ms (cache miss)
1457 silly packumentCache corgi:https://registry.npmjs.org/cookie set size:undefined disposed:false
1458 http fetch GET 200 https://registry.npmjs.org/semver/-/semver-6.3.1.tgz 22012ms (cache miss)
1459 http fetch GET 200 https://registry.npmjs.org/devalue 19094ms (cache miss)
1460 silly packumentCache corgi:https://registry.npmjs.org/devalue set size:undefined disposed:false
1461 http fetch GET 200 https://registry.npmjs.org/prismjs 19209ms (cache miss)
1462 silly packumentCache corgi:https://registry.npmjs.org/prismjs set size:undefined disposed:false
1463 http fetch GET 200 https://registry.npmjs.org/@rollup/rollup-win32-x64-msvc/-/rollup-win32-x64-msvc-4.24.0.tgz 22282ms (cache miss)
1464 http fetch GET 200 https://registry.npmjs.org/picomatch 19283ms (cache miss)
1465 silly packumentCache corgi:https://registry.npmjs.org/picomatch set size:undefined disposed:false
1466 http fetch GET 200 https://registry.npmjs.org/nanoid 19288ms (cache miss)
1467 silly packumentCache corgi:https://registry.npmjs.org/nanoid set size:undefined disposed:false
1468 http fetch GET 200 https://registry.npmjs.org/postcss 19349ms (cache miss)
1469 silly packumentCache corgi:https://registry.npmjs.org/postcss set size:undefined disposed:false
1470 http fetch GET 200 https://registry.npmjs.org/brace-expansion 19620ms (cache miss)
1471 silly packumentCache corgi:https://registry.npmjs.org/brace-expansion set size:undefined disposed:false
1472 http fetch GET 200 https://registry.npmjs.org/tar 19920ms (cache miss)
1473 silly packumentCache corgi:https://registry.npmjs.org/tar set size:undefined disposed:false
1474 http fetch GET 200 https://registry.npmjs.org/vite 19959ms (cache miss)
1475 silly packumentCache corgi:https://registry.npmjs.org/vite set size:undefined disposed:false
1476 http fetch GET 200 https://registry.npmjs.org/esbuild 22016ms (cache miss)
1477 silly packumentCache corgi:https://registry.npmjs.org/esbuild set size:undefined disposed:false
1478 http fetch GET 200 https://registry.npmjs.org/rollup 22461ms (cache miss)
1479 silly packumentCache corgi:https://registry.npmjs.org/rollup set size:undefined disposed:false
1480 http fetch GET 200 https://registry.npmjs.org/astro/-/astro-4.10.2.tgz 25540ms (cache miss)
1481 http fetch GET 200 https://registry.npmjs.org/@img/sharp-win32-x64/-/sharp-win32-x64-0.33.4.tgz 27032ms (cache miss)
1482 info run sharp@0.33.4 install node_modules/sharp node install/check
1483 info run sharp@0.33.4 install { code: 'EPERM', signal: undefined }
1484 verbose reify failed optional dependency C:\Users\joaquin.ureta\Desktop\portafolio2\node_modules\sharp
1485 silly reify mark deleted [
1485 silly reify   'C:\\Users\\joaquin.ureta\\Desktop\\portafolio2\\node_modules\\sharp'
1485 silly reify ]
1486 verbose reify failed optional dependency C:\Users\joaquin.ureta\Desktop\portafolio2\node_modules\color
1487 silly reify mark deleted [
1487 silly reify   'C:\\Users\\joaquin.ureta\\Desktop\\portafolio2\\node_modules\\color'
1487 silly reify ]
1488 verbose reify failed optional dependency C:\Users\joaquin.ureta\Desktop\portafolio2\node_modules\@img\sharp-darwin-arm64
1489 silly reify mark deleted [
1489 silly reify   'C:\\Users\\joaquin.ureta\\Desktop\\portafolio2\\node_modules\\@img\\sharp-darwin-arm64'
1489 silly reify ]
1490 verbose reify failed optional dependency C:\Users\joaquin.ureta\Desktop\portafolio2\node_modules\@img\sharp-darwin-x64
1491 silly reify mark deleted [
1491 silly reify   'C:\\Users\\joaquin.ureta\\Desktop\\portafolio2\\node_modules\\@img\\sharp-darwin-x64'
1491 silly reify ]
1492 verbose reify failed optional dependency C:\Users\joaquin.ureta\Desktop\portafolio2\node_modules\@img\sharp-libvips-darwin-arm64
1493 silly reify mark deleted [
1493 silly reify   'C:\\Users\\joaquin.ureta\\Desktop\\portafolio2\\node_modules\\@img\\sharp-libvips-darwin-arm64'
1493 silly reify ]
1494 verbose reify failed optional dependency C:\Users\joaquin.ureta\Desktop\portafolio2\node_modules\@img\sharp-libvips-darwin-x64
1495 silly reify mark deleted [
1495 silly reify   'C:\\Users\\joaquin.ureta\\Desktop\\portafolio2\\node_modules\\@img\\sharp-libvips-darwin-x64'
1495 silly reify ]
1496 verbose reify failed optional dependency C:\Users\joaquin.ureta\Desktop\portafolio2\node_modules\@img\sharp-libvips-linux-arm
1497 silly reify mark deleted [
1497 silly reify   'C:\\Users\\joaquin.ureta\\Desktop\\portafolio2\\node_modules\\@img\\sharp-libvips-linux-arm'
1497 silly reify ]
1498 verbose reify failed optional dependency C:\Users\joaquin.ureta\Desktop\portafolio2\node_modules\@img\sharp-libvips-linux-arm64
1499 silly reify mark deleted [
1499 silly reify   'C:\\Users\\joaquin.ureta\\Desktop\\portafolio2\\node_modules\\@img\\sharp-libvips-linux-arm64'
1499 silly reify ]
1500 verbose reify failed optional dependency C:\Users\joaquin.ureta\Desktop\portafolio2\node_modules\@img\sharp-libvips-linux-s390x
1501 silly reify mark deleted [
1501 silly reify   'C:\\Users\\joaquin.ureta\\Desktop\\portafolio2\\node_modules\\@img\\sharp-libvips-linux-s390x'
1501 silly reify ]
1502 verbose reify failed optional dependency C:\Users\joaquin.ureta\Desktop\portafolio2\node_modules\@img\sharp-libvips-linux-x64
1503 silly reify mark deleted [
1503 silly reify   'C:\\Users\\joaquin.ureta\\Desktop\\portafolio2\\node_modules\\@img\\sharp-libvips-linux-x64'
1503 silly reify ]
1504 verbose reify failed optional dependency C:\Users\joaquin.ureta\Desktop\portafolio2\node_modules\@img\sharp-libvips-linuxmusl-arm64
1505 silly reify mark deleted [
1505 silly reify   'C:\\Users\\joaquin.ureta\\Desktop\\portafolio2\\node_modules\\@img\\sharp-libvips-linuxmusl-arm64'
1505 silly reify ]
1506 verbose reify failed optional dependency C:\Users\joaquin.ureta\Desktop\portafolio2\node_modules\@img\sharp-libvips-linuxmusl-x64
1507 silly reify mark deleted [
1507 silly reify   'C:\\Users\\joaquin.ureta\\Desktop\\portafolio2\\node_modules\\@img\\sharp-libvips-linuxmusl-x64'
1507 silly reify ]
1508 verbose reify failed optional dependency C:\Users\joaquin.ureta\Desktop\portafolio2\node_modules\@img\sharp-linux-arm
1509 silly reify mark deleted [
1509 silly reify   'C:\\Users\\joaquin.ureta\\Desktop\\portafolio2\\node_modules\\@img\\sharp-linux-arm'
1509 silly reify ]
1510 verbose reify failed optional dependency C:\Users\joaquin.ureta\Desktop\portafolio2\node_modules\@img\sharp-linux-arm64
1511 silly reify mark deleted [
1511 silly reify   'C:\\Users\\joaquin.ureta\\Desktop\\portafolio2\\node_modules\\@img\\sharp-linux-arm64'
1511 silly reify ]
1512 verbose reify failed optional dependency C:\Users\joaquin.ureta\Desktop\portafolio2\node_modules\@img\sharp-linux-s390x
1513 silly reify mark deleted [
1513 silly reify   'C:\\Users\\joaquin.ureta\\Desktop\\portafolio2\\node_modules\\@img\\sharp-linux-s390x'
1513 silly reify ]
1514 verbose reify failed optional dependency C:\Users\joaquin.ureta\Desktop\portafolio2\node_modules\@img\sharp-linux-x64
1515 silly reify mark deleted [
1515 silly reify   'C:\\Users\\joaquin.ureta\\Desktop\\portafolio2\\node_modules\\@img\\sharp-linux-x64'
1515 silly reify ]
1516 verbose reify failed optional dependency C:\Users\joaquin.ureta\Desktop\portafolio2\node_modules\@img\sharp-linuxmusl-arm64
1517 silly reify mark deleted [
1517 silly reify   'C:\\Users\\joaquin.ureta\\Desktop\\portafolio2\\node_modules\\@img\\sharp-linuxmusl-arm64'
1517 silly reify ]
1518 verbose reify failed optional dependency C:\Users\joaquin.ureta\Desktop\portafolio2\node_modules\@img\sharp-linuxmusl-x64
1519 silly reify mark deleted [
1519 silly reify   'C:\\Users\\joaquin.ureta\\Desktop\\portafolio2\\node_modules\\@img\\sharp-linuxmusl-x64'
1519 silly reify ]
1520 verbose reify failed optional dependency C:\Users\joaquin.ureta\Desktop\portafolio2\node_modules\@img\sharp-wasm32
1521 silly reify mark deleted [
1521 silly reify   'C:\\Users\\joaquin.ureta\\Desktop\\portafolio2\\node_modules\\@img\\sharp-wasm32'
1521 silly reify ]
1522 verbose reify failed optional dependency C:\Users\joaquin.ureta\Desktop\portafolio2\node_modules\@img\sharp-win32-ia32
1523 silly reify mark deleted [
1523 silly reify   'C:\\Users\\joaquin.ureta\\Desktop\\portafolio2\\node_modules\\@img\\sharp-win32-ia32'
1523 silly reify ]
1524 verbose reify failed optional dependency C:\Users\joaquin.ureta\Desktop\portafolio2\node_modules\@img\sharp-win32-x64
1525 silly reify mark deleted [
1525 silly reify   'C:\\Users\\joaquin.ureta\\Desktop\\portafolio2\\node_modules\\@img\\sharp-win32-x64'
1525 silly reify ]
1526 verbose reify failed optional dependency C:\Users\joaquin.ureta\Desktop\portafolio2\node_modules\color\node_modules\color-convert
1527 silly reify mark deleted [
1527 silly reify   'C:\\Users\\joaquin.ureta\\Desktop\\portafolio2\\node_modules\\color\\node_modules\\color-convert'
1527 silly reify ]
1528 verbose reify failed optional dependency C:\Users\joaquin.ureta\Desktop\portafolio2\node_modules\color-string
1529 silly reify mark deleted [
1529 silly reify   'C:\\Users\\joaquin.ureta\\Desktop\\portafolio2\\node_modules\\color-string'
1529 silly reify ]
1530 verbose reify failed optional dependency C:\Users\joaquin.ureta\Desktop\portafolio2\node_modules\color\node_modules\color-name
1531 silly reify mark deleted [
1531 silly reify   'C:\\Users\\joaquin.ureta\\Desktop\\portafolio2\\node_modules\\color\\node_modules\\color-name'
1531 silly reify ]
1532 verbose reify failed optional dependency C:\Users\joaquin.ureta\Desktop\portafolio2\node_modules\simple-swizzle
1533 silly reify mark deleted [
1533 silly reify   'C:\\Users\\joaquin.ureta\\Desktop\\portafolio2\\node_modules\\simple-swizzle'
1533 silly reify ]
1534 verbose reify failed optional dependency C:\Users\joaquin.ureta\Desktop\portafolio2\node_modules\is-arrayish
1535 silly reify mark deleted [
1535 silly reify   'C:\\Users\\joaquin.ureta\\Desktop\\portafolio2\\node_modules\\is-arrayish'
1535 silly reify ]
1536 info run esbuild@0.21.5 postinstall node_modules/esbuild node install.js
1537 info run esbuild@0.21.5 postinstall { code: 'EPERM', signal: undefined }
1538 http fetch GET 200 https://registry.npmjs.org/astro 24089ms (cache miss)
1539 silly packumentCache corgi:https://registry.npmjs.org/astro set size:undefined disposed:false
1540 silly packumentCache corgi:https://registry.npmjs.org/@babel%2fcore cache-miss
1541 warn cleanup Failed to remove some directories [
1541 warn cleanup   [
1541 warn cleanup     '\\\\?\\C:\\Users\\joaquin.ureta\\Desktop\\portafolio2\\node_modules\\@astrojs',
1541 warn cleanup     [Error: EPERM: operation not permitted, rmdir 'C:\Users\joaquin.ureta\Desktop\portafolio2\node_modules\@astrojs\vercel\node_modules'] {
1541 warn cleanup       errno: -4048,
1541 warn cleanup       code: 'EPERM',
1541 warn cleanup       syscall: 'rmdir',
1541 warn cleanup       path: 'C:\\Users\\joaquin.ureta\\Desktop\\portafolio2\\node_modules\\@astrojs\\vercel\\node_modules'
1541 warn cleanup     }
1541 warn cleanup   ],
1541 warn cleanup   [
1541 warn cleanup     '\\\\?\\C:\\Users\\joaquin.ureta\\Desktop\\portafolio2\\node_modules\\astro',
1541 warn cleanup     [Error: EPERM: operation not permitted, rmdir 'C:\Users\joaquin.ureta\Desktop\portafolio2\node_modules\astro\dist\assets\services\vendor\squoosh'] {
1541 warn cleanup       errno: -4048,
1541 warn cleanup       code: 'EPERM',
1541 warn cleanup       syscall: 'rmdir',
1541 warn cleanup       path: 'C:\\Users\\joaquin.ureta\\Desktop\\portafolio2\\node_modules\\astro\\dist\\assets\\services\\vendor\\squoosh'
1541 warn cleanup     }
1541 warn cleanup   ]
1541 warn cleanup ]
1542 verbose stack Error: spawn EPERM
1542 verbose stack     at ChildProcess.spawn (node:internal/child_process:441:11)
1542 verbose stack     at spawn (node:child_process:796:9)
1542 verbose stack     at promiseSpawn (C:\tools\node\node_modules\npm\node_modules\@npmcli\promise-spawn\lib\index.js:39:16)
1542 verbose stack     at spawnWithShell (C:\tools\node\node_modules\npm\node_modules\@npmcli\promise-spawn\lib\index.js:124:10)
1542 verbose stack     at promiseSpawn (C:\tools\node\node_modules\npm\node_modules\@npmcli\promise-spawn\lib\index.js:12:12)
1542 verbose stack     at runScriptPkg (C:\tools\node\node_modules\npm\node_modules\@npmcli\run-script\lib\run-script-pkg.js:79:13)
1542 verbose stack     at runScript (C:\tools\node\node_modules\npm\node_modules\@npmcli\run-script\lib\run-script.js:9:12)
1542 verbose stack     at C:\tools\node\node_modules\npm\node_modules\@npmcli\arborist\lib\arborist\rebuild.js:328:17
1542 verbose stack     at run (C:\tools\node\node_modules\npm\node_modules\promise-call-limit\dist\commonjs\index.js:67:22)
1542 verbose stack     at C:\tools\node\node_modules\npm\node_modules\promise-call-limit\dist\commonjs\index.js:84:9
1543 error code EPERM
1544 error syscall spawn
1545 error errno -4048
1546 error Error: spawn EPERM
1546 error     at ChildProcess.spawn (node:internal/child_process:441:11)
1546 error     at spawn (node:child_process:796:9)
1546 error     at promiseSpawn (C:\tools\node\node_modules\npm\node_modules\@npmcli\promise-spawn\lib\index.js:39:16)
1546 error     at spawnWithShell (C:\tools\node\node_modules\npm\node_modules\@npmcli\promise-spawn\lib\index.js:124:10)
1546 error     at promiseSpawn (C:\tools\node\node_modules\npm\node_modules\@npmcli\promise-spawn\lib\index.js:12:12)
1546 error     at runScriptPkg (C:\tools\node\node_modules\npm\node_modules\@npmcli\run-script\lib\run-script-pkg.js:79:13)
1546 error     at runScript (C:\tools\node\node_modules\npm\node_modules\@npmcli\run-script\lib\run-script.js:9:12)
1546 error     at C:\tools\node\node_modules\npm\node_modules\@npmcli\arborist\lib\arborist\rebuild.js:328:17
1546 error     at run (C:\tools\node\node_modules\npm\node_modules\promise-call-limit\dist\commonjs\index.js:67:22)
1546 error     at C:\tools\node\node_modules\npm\node_modules\promise-call-limit\dist\commonjs\index.js:84:9 {
1546 error   errno: -4048,
1546 error   code: 'EPERM',
1546 error   syscall: 'spawn'
1546 error }
1547 error
1547 error The operation was rejected by your operating system.
1547 error It's possible that the file was already in use (by a text editor or antivirus), or that you lack permissions to access it.
1547 error
1547 error If you believe this might be a permissions issue, please double-check the permissions of the file and its containing directories, or try running the command again as root/Administrator.
1548 silly unfinished npm timer reify 1780594518003
1549 silly unfinished npm timer reify:audit 1780594518237
1550 silly unfinished npm timer auditReport:init 1780594521591
1551 silly unfinished npm timer reify:build 1780594545572
1552 silly unfinished npm timer build 1780594545572
1553 silly unfinished npm timer build:deps 1780594545572
1554 silly unfinished npm timer build:run:postinstall 1780594545650
1555 silly unfinished npm timer build:run:postinstall:node_modules/esbuild 1780594545650
1556 silly unfinished npm timer metavuln:calculate:security-advisory:@babel/core:+NsF1flAI8VENgJn0XVIWaC4lCe3b89AZgBOx219qXn/BdXH1EWl/yD49aHbhQimIG4kna8zgkunsmpiAVwNPQ== 1780594548048
1557 silly unfinished npm timer metavuln:packument:@babel/core 1780594548048
1558 verbose cwd C:\Users\joaquin.ureta\Desktop\portafolio2
1559 verbose os Windows_NT 10.0.26200
1560 verbose node v24.15.0
1561 verbose npm  v11.13.0
1562 notice
1562 notice New minor version of npm available! 11.13.0 -> 11.16.0
1562 notice Changelog: https://github.com/npm/cli/releases/tag/v11.16.0
1562 notice To update run: npm install -g npm@11.16.0
1562 notice  { force: true, Symbol(proc-log.meta): true }
1563 verbose exit -4048
1564 verbose code -4048
1565 error A complete log of this run can be found in: C:\Users\joaquin.ureta\Desktop\portafolio2\.npm-cache\_logs\2026-06-04T17_35_17_245Z-debug-0.log
